0.0025,-0.01471031,-10.67109,0.03,-3.80937
0.0125,-0.001371466,3.806763,0.01,-1.9696
0.0225,-0.002100639,-1.340026,0.05,5.574429
0.0325,0.005842525,-0.8410153,0.01,2.269251
0.0425,0.006220338,2.615765,0.03,-2.894315
0.05250001,-0.001090502,-11.46176,0,-4.964759
0.06250001,-0.009218739,9.502016,0,2.472891
0.0725,-0.009569494,-5.21112,0.03,4.072275
0.08249999,-0.004853822,9.920541,0.02,-1.668552
0.09249998,-0.002199169,-11.81493,0.03,-2.785701
0.1025,-0.003274816,7.01478,0,0.2399586
0.1125,-0.01113124,-8.611113,0.04,2.15152
0.1225,-0.003877366,14.119,0.02,1.360622
0.1324999,0.001059216,-10.85723,0.04,-2.792931
0.1424999,-0.000370476,4.76782,0.01,-0.554688
0.1524999,-0.005556577,-4.797804,0.03,1.758989
0.1624999,-0.003655026,4.532592,0.02,2.460924
0.1724999,0.001137124,4.43916,0.03,-0.6877079
0.1824999,0.00043292,-9.626948,0.02,-2.856404
0.1924999,-0.005541641,8.265427,0.01,0.7796988
0.2024999,-0.006714487,-9.579471,0.03,3.019237
0.2124999,0.000239773,13.66581,0.01,0.667354
0.2224999,0.003000561,-12.11743,0.03,-1.586216
0.2324999,0.002358474,9.263743,0,-2.679719
0.2424998,-0.002753674,-10.17817,0.02,2.716141
0.2524998,-0.00402039,1.154419,0,1.103004
0.2624998,-0.003068126,4.335701,0.01,1.81291
0.2724998,0.003023443,-3.031976,0,-3.800305
0.2824998,-0.002005763,3.214201,0,-1.295714
0.2924998,-0.0127633,-10.2926,0,1.076603
0.3024998,-0.01233609,16.26761,0,3.611725
0.3124998,-0.002418362,-8.637221,0.03,-0.7348585
0.3224998,0.00101451,4.433335,0,-4.280451
0.3324998,-0.007682132,-8.532141,0.01,-0.04739587
0.3424998,-0.007824996,9.050629,0.01,3.991224
0.3524998,0.000211589,-1.621291,0.03,2.422619
0.3624997,0.006753564,4.686745,0.01,-2.737048
0.3724997,0.002011721,-8.832752,0,-5.123316
0.3824997,-0.005604585,4.77474,0,4.208212
0.3924997,-0.001721008,5.252789,0.01,3.788678
0.4024997,0.002310126,0.3975176,0.01,1.351226
0.4124997,-0.007945597,-6.26212,0,-7.642595
0.4224997,-0.01425081,6.055193,0.01,1.93982
0.4324997,-0.008534737,-2.139994,0.02,3.721933
0.4424997,-0.001378994,8.18164,0.03,2.880158
0.4524997,0.000959915,-13.23333,0.02,-2.952232
0.4624996,-0.002601081,9.567818,0,-5.006798
0.4724996,-0.006492093,-8.034942,0.04,3.704599
0.4824996,0.000662018,13.78258,0.01,4.123716
0.4924996,0.004797707,-13.14702,0.03,-1.100069
0.5024996,-0.003005909,7.118198,0,-6.069759
0.5124996,-0.01136626,-3.289228,0.03,1.403059
0.5224996,-0.006546841,6.028383,0.02,4.191364
0.5324996,-0.00150662,-1.363248,0.03,1.104609
0.5424996,-0.004077029,-2.105251,0.02,-4.343181
0.5524996,-0.01039795,1.267194,0.03,-1.386829
0.5624996,-0.008965837,-7.531114,0.04,2.591385
0.5724996,-0.001043594,14.09029,0.03,3.115154
0.5824996,0.003223013,-12.91387,0.04,-0.8326973
0.5924996,-0.00066979,8.282979,0.02,-4.367688
0.6024995,-0.003836032,-8.672738,0.04,1.521162
0.6124995,0.001162259,6.285799,0.01,1.755062
0.6224995,0.000591779,0.310338,0.03,0.7318671
0.6324995,-0.00189312,-6.797045,0.01,-3.164207
0.6424995,-0.008021681,8.331732,0.02,0.2949547
0.6524995,-0.00937964,-11.25248,0.03,1.753244
0.6624995,-0.0108693,16.07093,0.01,-0.1033285
0.6724995,-0.007445021,-12.76957,0.06,0.4447769
0.6824995,-0.003586798,11.00064,0.02,-2.475419
0.6924995,-0.006050975,-9.432771,0.06,2.385379
0.7024994,-0.00480026,4.763158,0.03,-0.7238934
0.7124994,-0.003486115,2.783512,0.05,1.803578
0.7224994,0.00450127,-2.553569,0.04,-1.532696
0.7324994,0.004097383,4.096229,0.03,-1.258775
0.7424994,-0.004212634,-10.16449,0.04,-0.1249121
0.7524994,-0.007418363,9.561218,0.02,1.238879
0.7624994,-0.002712494,-5.072771,0.05,1.264614
0.7724994,0.002290633,4.073442,0.02,-1.055225
0.7824994,-0.003595281,-6.744002,0.03,-2.787135
0.7924994,-0.008091437,5.805455,0.02,2.276056
0.8024994,-0.004940515,0.5843487,0.04,1.132316
0.8124993,-0.002489942,0.3176636,0.02,0.4223363
0.8224993,-0.004312454,-4.987234,0.02,-4.141006
0.8324993,-0.007518136,5.158898,0.02,0.3513127
0.8424993,-0.006742253,-6.305952,0.04,2.308095
0.8524993,-0.002130009,5.513791,0.02,0.4398605
0.8624993,-0.001915684,-4.541645,0.03,-3.338506
0.8724993,-0.005740095,-0.9331464,0.02,-0.9785554
0.8824993,-0.008337388,-1.511729,0.04,4.572302
0.8924993,-0.00529845,5.308137,0.03,1.764094
0.9024993,-0.000114627,-3.508641,0.04,-0.3877103
0.9124992,-0.000187407,4.099881,0.02,-7.071892
0.9224992,-0.005061444,-5.784335,0.04,2.544174
0.9324992,-0.003653518,1.661376,0.01,4.855494
0.9424992,-0.000142803,8.993148,0.04,-0.1207837
0.9524992,0.000929024,-7.162636,0.02,-4.281546
0.9624992,-0.000294063,3.768364,0,-4.214857
0.9724992,-0.003711793,-6.599059,0.02,2.940541
0.9824992,-0.008009767,6.674002,0.01,5.562976
0.9924992,-0.006339574,-4.296006,0.02,-1.042625
1.002499,-0.003409852,4.845133,0.01,-3.440306
1.012499,-0.005676923,-7.7724,0.02,-1.61481
1.0225,-0.01104972,2.903312,0.01,2.9866
1.0325,-0.009435783,0.7801789,0.04,3.227455
1.0425,-0.002694185,7.62327,0.03,-1.858868
1.0525,-0.000203243,-3.518162,0.03,-3.537615
1.062501,-0.002004855,1.680367,0.02,-0.2586293
1.072501,-0.006852673,-2.281753,0.03,4.020626
1.082501,-0.00799763,-1.018549,0.03,-0.2163548
1.092501,-0.007097507,11.16611,0.04,-1.476678
1.102502,-0.000312792,-11.24041,0.05,-2.939569
1.112502,-0.001549706,17.39659,0.02,2.266621
1.122502,-0.003717178,-24.65167,0.06,2.104651
1.132502,-0.004374912,22.58117,0,-0.4347331
1.142502,-0.007793608,-17.41711,0.07,-1.166816
1.152503,0.00321666,13.26473,0,-1.842414
1.162503,0.002231063,10.18124,0.05,2.024539
1.172503,-0.004603275,-21.33032,0.01,-0.5610546
1.182503,-0.009826258,24.43754,0.02,2.121871
1.192504,-0.004691738,-19.48182,0.04,-0.6302291
1.202504,-0.000809938,23.67729,0.01,-3.564214
1.212504,-0.006539848,-24.50341,0.04,-0.3790736
1.222504,-0.006676382,16.55433,0,1.66325
1.232504,-0.007501704,-4.731824,0.05,3.197773
1.242505,0.00072479,2.604259,0.01,0.6545926
1.252505,0.002465936,6.601633,0.03,-5.845538
1.262505,-0.001077868,-9.420197,0.03,-1.489594
1.272505,-0.009964211,5.369947,0.01,3.347055
1.282506,-0.0113105,2.573114,0.03,2.542377
1.292506,-0.000162319,-2.979529,0.03,-1.943461
1.302506,-0.002471598,3.349238,0.02,-5.558969
1.312506,-0.009481104,-10.04154,0.03,2.639161
1.322507,-0.009949248,14.88119,0.02,2.105788
1.332507,-0.002131277,-14.2281,0.05,1.216387
1.342507,0.005239589,14.7298,0,-4.52252
1.352507,-0.005300937,-18.63167,0.05,-1.613071
1.362507,-0.005893338,9.71161,0,2.388606
1.372508,-0.005636829,-1.742316,0.05,4.178436
1.382508,-0.001249642,0.8988687,0.01,-1.978284
1.392508,-0.003243762,4.111644,0.04,-3.361736
1.402508,-0.006816582,-13.2384,0.01,-0.9685536
1.412509,-0.009346457,15.44069,0.03,4.764139
1.422509,-0.005796506,-18.14482,0.03,-0.5326054
1.432509,-0.001911569,17.52999,0.01,-0.466043
1.442509,0.000791063,-12.6797,0.04,-0.8939608
1.45251,0.002057852,4.938333,0,-0.1361439
1.46251,-0.002158432,-8.023163,0.02,1.189807
1.47251,-0.006431755,7.892433,0,-1.039257
1.48251,-0.005019363,-2.957494,0.02,0.7876838
1.49251,-0.00000596,2.940384,0,-0.03654593
1.502511,-0.002776899,-4.579471,0.01,0.1660968
1.512511,-0.01075909,3.045187,0,-2.218335
1.522511,-0.01181387,-1.597762,0.02,2.363907
1.532511,-0.004032772,6.327315,0.01,0.5918809
1.542512,-0.000798983,-5.550172,0.02,-0.4550832
1.552512,-0.003179037,-0.6959965,0,-3.354949
1.562512,-0.008108171,2.819468,0.02,1.606058
1.572512,-0.003215146,-13.67763,0.02,2.576681
1.582512,0.003221426,15.59977,0,-1.048123
1.592513,0.001288797,-15.57599,0.02,-2.419178
1.602513,-0.002503609,8.221702,-0.01,-0.09377037
1.612513,-0.005729171,-4.095015,0.02,4.378594
1.622513,0.000132125,5.883585,0,0.067518
1.632514,-0.003720293,-7.16127,0,-3.455031
1.642514,-0.007822136,1.308189,0,-0.7294995
1.652514,-0.01166251,7.518696,0.01,2.790303
1.662514,-0.003029739,-9.245995,0.01,3.64845
1.672515,-0.000879149,9.629249,0,-5.103659
1.682515,-0.003992342,-13.13806,0.01,-1.967788
1.692515,-0.00590807,7.781229,0,1.918565
1.702515,-0.001215073,-0.53614,0.02,3.884269
1.712515,0.00343595,-0.5265971,0,-1.111892
1.722516,-0.001639555,-0.1840807,0,-5.026448
1.732516,-0.005679635,-4.70735,-0.01,2.363096
1.742516,-0.007079461,8.437469,0,2.592872
1.752516,-0.000342115,-11.78647,0,-0.8843938
1.762517,0.00221531,16.45346,-0.02,-1.377682
1.772517,-0.00234437,-15.53977,0,-2.97771
1.782517,-0.005642341,10.78781,-0.03,4.158227
1.792517,-0.005312311,-5.221297,0.01,1.281885
1.802518,-0.00379128,6.470736,-0.02,-0.3604544
1.812518,-0.004610019,-5.351173,0,-3.813241
1.822518,-0.006982162,-0.09675257,-0.01,1.421065
1.832518,-0.008172257,1.851793,0,3.12298
1.842518,-0.004233751,-0.9151278,0,0.07381193
1.852519,-0.000310887,8.973413,0,-0.9657377
1.862519,0.002283575,-9.172258,0,-3.173539
1.872519,0.000261551,6.162871,-0.01,1.450023
1.882519,-0.005625647,-4.781955,0,1.424464
1.89252,-0.004250364,2.915093,0,0.4860615
1.90252,0.001327238,-1.817946,0,-1.795674
1.91252,0.000407983,0.4848693,-0.01,-2.139254
1.92252,-0.004653381,-3.006147,0,2.143465
1.932521,-0.007063788,0.9864123,0,3.236576
1.942521,-0.001300147,3.771547,0,-0.9423746
1.952521,-0.000130902,-3.969577,0,-4.97149
1.962521,-0.006579036,-5.000633,-0.01,-0.07374433
1.972521,-0.006884005,9.71358,0,5.283675
1.982522,0.001127162,-9.301028,0,2.46193
1.992522,0.001380195,10.19239,-0.01,-7.055021
2.002522,-0.005406086,-18.58863,0,-2.203176
2.012522,-0.006295138,18.61038,-0.01,4.055392
2.022522,-0.00043857,-9.170064,0.01,5.365957
2.032523,0.003355563,5.013088,-0.02,-4.065557
2.042523,-0.00401397,-9.067948,0,-5.185429
2.052523,-0.006379227,1.073864,-0.01,0.05429003
2.062523,-0.01020738,1.760939,0,4.965602
2.072524,-0.001601811,0.8453872,0,2.655735
2.082524,0.00458636,0.07213856,0,-4.568414
2.092524,-0.002268302,-3.920322,0,-3.371123
2.102524,-0.006108683,0.3955094,-0.01,3.215079
2.112525,-0.005712945,5.783323,0,4.651474
2.122525,0.002276197,-8.055519,0,-1.12562
2.132525,-0.000622598,7.441038,-0.01,-6.004288
2.142525,-0.007662592,-10.93626,0,1.526901
2.152525,-0.007656517,15.56979,-0.01,4.603126
2.162526,-0.001047579,-15.41731,0.02,1.486513
2.172526,-0.001237987,19.6056,-0.02,-5.426789
2.182526,-0.005044964,-21.08106,0.03,-1.352026
2.192526,-0.001907853,18.95219,-0.02,3.445156
2.202527,-0.001853892,-16.76474,0.03,1.126429
2.212527,-0.000698571,15.15343,-0.01,-0.3783639
2.222527,0.000732974,-9.378278,0.02,-2.860071
2.232527,-0.001248161,3.592723,-0.01,0.2633763
2.242527,-0.005320398,-4.05735,0.01,2.617153
2.252528,-0.006764441,3.67552,0,1.596895
2.262528,-0.001482302,4.796618,0,0.9202972
2.272528,0.003474751,-5.410248,0,-5.159822
2.282528,-0.00439875,5.33708,0,0.509552
2.292529,-0.008289239,-5.308951,0.01,3.169625
2.302529,-0.001836241,8.204582,0,1.577089
2.312529,0.002000324,-2.970851,0.02,-4.408206
2.322529,-0.001770244,-2.301379,0,-2.146518
2.33253,-0.007157383,0.1835355,0,3.252438
2.34253,-0.004168733,1.793169,0.02,2.251451
2.35253,0.002067399,2.167905,0.01,-0.9543883
2.36253,0.001283865,-3.340917,0.01,-4.740744
2.37253,-0.00163925,-3.155971,0,0.8266187
2.382531,-0.004769048,7.846332,0.02,3.301548
2.392531,-0.002667756,-5.494155,0.01,1.149568
2.402531,-0.002429047,6.682035,0.01,-1.917626
2.412531,-0.007193563,-10.65775,0.02,-1.935485
2.422532,-0.009334235,16.3868,0.02,1.726782
2.432532,-0.004370349,-13.52404,0.04,1.605865
2.442532,0.000365747,15.21282,0.02,-1.276302
2.452532,-0.000329616,-11.44834,0.04,-2.303044
2.462533,-0.003245275,7.902171,0.01,0.2904762
2.472533,-0.003631393,-6.184372,0.05,0.7900577
2.482533,0.001806669,7.131317,0.02,1.006593
2.492533,0.002800544,-6.116658,0.04,-1.561936
2.502533,-0.000400816,3.992692,0.02,0.8006386
2.512534,-0.003365564,-3.658527,0.04,-0.4851704
2.522534,-0.001731402,6.32349,0.02,0.5742099
2.532534,0.001551707,-3.64368,0.04,0.545261
2.542534,-0.0000182,2.493642,0.02,-0.2084029
2.552535,-0.003972113,-4.983833,0.03,-0.1542386
2.562535,-0.007494098,1.691661,0.02,-1.145944
2.572535,-0.005709896,2.838761,0.04,2.21451
2.582535,-0.000412207,-1.536335,0.03,0.6434251
2.592535,-0.001163479,2.771833,0.04,-2.13313
2.602536,-0.004932774,-1.717383,0.04,-0.2104884
2.612536,-0.002868804,5.462585,0.05,1.020852
2.622536,0.00164312,-4.910861,0.04,2.08664
2.632536,0.001941237,3.673059,0.04,-3.149792
2.642537,-0.002287466,-3.205692,0.04,0.4820007
2.652537,-0.003643906,11.47835,0.05,0.4131906
2.662537,-0.000729987,-12.19699,0.06,2.701879
2.672537,-0.00041609,17.27767,0.03,-2.965476
2.682538,-0.002994987,-19.48895,0.07,-0.9375888
2.692538,-0.004939867,19.40398,0.02,0.775147
2.702538,-0.004546305,-17.89825,0.09,2.920695
2.712538,-0.000035,21.44091,0.03,-2.349484
2.722538,-0.000901371,-21.9212,0.09,-2.856857
2.732539,-0.002688399,16.69536,0.03,0.8406145
2.742539,-0.004794668,-15.46729,0.09,4.408288
2.752539,-0.001857765,14.52085,0.04,-2.751257
2.762539,-0.001996279,-0.3604391,0.1,-0.8974988
2.77254,0.00072429,-8.274095,0.05,-1.904564
2.78254,-0.001695428,14.04064,0.08,4.517667
2.79254,-0.002332769,-14.22345,0.08,0.6230819
2.80254,0.000789885,15.26269,0.07,-2.680074
2.812541,0.001600365,-15.17764,0.08,-2.030884
2.822541,-0.000496947,15.23537,0.06,2.328094
2.832541,-0.004834796,-14.84998,0.09,2.36719
2.842541,-0.002130536,11.92784,0.06,-1.726133
2.852541,-0.000811383,0.3600531,0.09,-2.685301
2.862542,-0.000774967,-12.30801,0.08,-1.636454
2.872542,-0.004346989,11.99818,0.07,2.696078
2.882542,-0.004225925,-9.184944,0.1,2.050669
2.892542,0.003415456,12.70318,0.07,-0.01686706
2.902543,0.004982601,-10.94753,0.1,-3.897914
2.912543,0.001072561,3.124508,0.06,-0.8701633
2.922543,-0.005903339,0.3192648,0.1,2.17165
2.932543,-0.001165541,5.14408,0.08,2.884798
2.942544,0.001627451,-4.937598,0.1,-2.07058
2.952544,-0.001727563,-2.578389,0.07,-3.979465
2.962544,-0.01042357,10.02408,0.11,2.467064
2.972544,-0.00532299,-8.062914,0.1,3.256171
2.982544,0.001469666,13.49241,0.11,0.04448849
2.992545,0.000364414,-18.87999,0.1,-4.978798
3.002545,-0.005022652,20.23154,0.1,1.103549
3.012545,-0.004299063,-17.38051,0.13,3.133174
3.022545,0.003339844,16.56395,0.11,1.932584
3.032546,0.002226347,-17.6036,0.13,-3.654035
3.042546,-0.00370341,17.34978,0.1,-2.864519
3.052546,-0.00610839,-9.183458,0.15,2.61091
3.062546,-0.000810229,15.31574,0.11,2.699157
3.072546,0.000974818,-9.699637,0.15,0.4936443
3.082547,-0.00127201,3.138677,0.11,-6.857505
3.092547,-0.005029704,-2.800291,0.15,1.736014
3.102547,-0.000133117,5.479856,0.13,3.493716
3.112547,0.007858756,-1.978212,0.14,2.764312
3.122548,0.005448001,-0.1456496,0.12,-5.392545
3.132548,-0.002346726,-4.069105,0.13,-3.613752
3.142548,-0.003506483,2.83874,0.12,3.442456
3.152548,0.000624885,2.405327,0.14,4.208016
3.162549,-0.000431776,1.450313,0.13,-0.05143002
3.172549,-0.002608476,-5.693924,0.14,-4.731284
3.182549,-0.008480019,7.216178,0.13,-0.894919
3.192549,-0.00623416,-2.944059,0.16,4.517979
3.202549,0.001666243,5.271297,0.14,1.255119
3.21255,0.002221878,-6.673479,0.16,-3.785785
3.22255,-0.000967454,2.51335,0.14,-2.727535
3.23255,-0.002731626,-1.496617,0.16,2.801895
3.24255,0.003462743,2.75465,0.15,3.925029
3.252551,0.005733507,-2.685883,0.16,-1.482677
3.262551,0.002920344,-3.175197,0.15,-4.045853
3.272551,-0.000461219,3.917334,0.16,-1.055067
3.282551,-0.000680239,-5.684732,0.15,4.022408
3.292552,-0.000711818,7.4977,0.16,1.92808
3.302552,0.000240255,-6.399348,0.15,-5.476812
3.312552,-0.002959265,6.742684,0.16,-0.5260137
3.322552,-0.00447432,-6.513568,0.16,4.290277
3.332552,0.001471844,10.00715,0.16,2.456222
3.342553,0.003347337,-4.215743,0.16,-4.656288
3.352553,0.000129052,2.877781,0.16,-3.103164
3.362553,-0.004375196,-3.358359,0.17,4.34936
3.372553,-0.003865077,6.834552,0.17,2.293676
3.382554,-0.000584491,-3.914408,0.18,-0.4557821
3.392554,0.00167986,1.396135,0.17,-6.521183
3.402554,-0.000894038,-6.346757,0.18,3.068178
3.412554,-0.006066455,9.710069,0.18,3.638849
3.422554,-0.000756227,-12.21669,0.2,-0.123752
3.432555,0.003050935,13.54368,0.18,-4.411503
3.442555,0.002346645,-13.2151,0.2,1.095056
3.452555,0.000332212,14.31217,0.18,5.672513
3.462555,0.00060023,-14.26333,0.2,-1.369662
3.472556,0.00327747,18.39655,0.19,-2.336662
3.482556,0.007294067,-22.01268,0.2,-1.14185
3.492556,0.00166077,22.26502,0.17,3.626905
3.502556,-0.00084498,-24.68271,0.21,1.263222
3.512557,0.003982738,28.92626,0.16,-2.093149
3.522557,0.00528848,-23.27624,0.21,-0.05149395
3.532557,-0.00072032,17.07436,0.16,-0.3587492
3.542557,-0.007515953,-17.94304,0.22,2.34862
3.552557,-0.001423982,14.04626,0.17,-0.06432992
3.562558,0.002990368,1.321949,0.22,0.5989875
3.572558,0.004753328,-6.641199,0.18,-4.164914
3.582558,-0.001656062,8.703436,0.21,1.506914
3.592558,-0.000467813,-7.965465,0.2,1.694537
3.602559,0.005587862,15.46286,0.21,3.066332
3.612559,0.00620633,-18.35972,0.21,-4.35312
3.622559,0.000444325,16.72041,0.19,-2.700876
3.632559,-0.000892888,-15.44453,0.22,2.485991
3.64256,0.003109175,18.59737,0.2,4.229969
3.65256,0.005827419,-16.26915,0.22,-0.968755
3.66256,0.00458574,12.05945,0.19,-6.67146
3.67256,-0.001291813,-7.06459,0.23,1.457105
3.68256,-0.002488883,8.947859,0.2,5.208483
3.692561,0.003375165,-2.340172,0.23,2.330608
3.702561,0.005493702,3.778295,0.2,-8.186042
3.712561,-0.001219155,-3.672796,0.22,-1.226081
3.722561,-0.003658382,2.798574,0.22,5.323237
3.732562,0.0009727,2.18893,0.23,3.582027
3.742562,0.001964173,-2.23745,0.23,-4.638325
3.752562,-0.000831233,-0.04314063,0.23,-5.63155
3.762562,-0.003067008,2.754006,0.25,1.540355
3.772563,0.002486332,-1.70798,0.25,5.847865
3.782563,0.006651104,1.636219,0.25,-0.4625152
3.792563,0.008816034,-2.247278,0.24,-4.484591
3.802563,0.002754933,-0.6491822,0.24,-2.502936
3.812563,0.004450649,-1.272062,0.24,7.524293
3.822564,0.009832589,9.442954,0.24,0.6305963
3.832564,0.007456144,-12.17474,0.23,-3.132201
3.842564,-0.001248421,14.84688,0.23,-3.050755
3.852564,0.000426323,-13.64827,0.25,4.118547
3.862565,0.00216141,18.38538,0.23,0.3822156
3.872565,0.000970184,-14.19455,0.25,-0.7035597
3.882565,0.00057004,11.21889,0.23,-3.901252
3.892565,0.001764558,-10.72127,0.26,2.528859
3.902565,0.001820688,15.33064,0.24,-0.04577814
3.912566,0.003399097,-15.66364,0.27,1.243147
3.922566,0.005723841,10.81309,0.24,-4.090627
3.932566,0.00538139,-9.711495,0.27,1.201528
3.942566,0.002530485,9.719209,0.25,1.395275
3.952567,0.001747152,-6.801792,0.27,0.8564118
3.962567,0.004117165,10.33118,0.25,0.2903114
3.972567,0.007421656,-8.001293,0.28,-3.093031
3.982567,0.002238917,5.76041,0.25,1.487752
3.992568,0.000395273,-8.515578,0.28,2.543211
4.002568,0.003380452,14.22204,0.26,-1.275208
4.012568,0.005154153,-11.17796,0.29,-2.351981
4.022568,-0.0000257,9.475537,0.26,-0.616805
4.032568,-0.003135907,-8.201831,0.3,4.647099
4.042569,0.004292082,14.65615,0.28,-0.4864734
4.052569,0.006822973,-2.493069,0.31,-3.001655
4.062569,0.005629378,-5.261835,0.29,-3.68292
4.072569,-0.00018597,6.517941,0.3,3.407886
4.08257,0.002438318,-0.9226301,0.31,3.232376
4.09257,0.007813035,3.337984,0.3,-2.060212
4.10257,0.006456221,-7.750411,0.3,-4.34846
4.11257,-0.000591842,8.796763,0.3,1.803007
4.122571,-0.002403873,-8.668292,0.33,3.998971
4.132571,0.003092314,14.72002,0.31,0.2726892
4.142571,0.008076036,-17.79527,0.33,-3.406881
4.152571,0.003421659,17.69608,0.29,-2.993949
4.162571,-0.0000258,-29.40434,0.35,4.390247
4.172572,0.005308263,32.21204,0.29,1.393343
4.182572,0.007131666,-27.20108,0.36,2.033529
4.192572,0.007036472,23.79116,0.28,-7.558309
4.202572,-0.000999646,-20.97308,0.37,1.5115
4.212573,0.001493387,14.72354,0.29,1.942474
4.222573,0.004554408,-6.85249,0.37,3.829551
4.232573,0.00514497,4.048519,0.3,-4.605934
4.242573,-0.000189046,-4.576281,0.36,-1.803481
4.252573,0.002872633,-10.4556,0.32,1.517181
4.262574,0.002286832,13.44493,0.33,2.097538
4.272574,0.002874604,-12.94371,0.36,1.45744
4.282574,0.008265151,13.56562,0.33,-3.631312
4.292574,0.004717291,-13.8511,0.37,-2.206882
4.302575,0.002288021,11.10732,0.33,1.898759
4.312575,0.003913883,-6.865131,0.37,4.295595
4.322575,0.00806644,6.556139,0.34,-1.674461
4.332575,0.002918289,-4.390308,0.36,-4.584864
4.342576,0.000113599,-1.573156,0.35,0.2035408
4.352576,0.002080739,9.004914,0.36,5.017475
4.362576,0.004300799,-11.03477,0.37,2.819587
4.372576,0.006198924,4.845435,0.35,-5.839461
4.382576,0.002169427,-2.124082,0.37,-1.241525
4.392577,0.001391854,3.339745,0.37,4.353812
4.402577,0.005444019,-1.4371,0.38,2.915496
4.412577,0.008770142,0.420758,0.36,-4.505391
4.422577,0.004150082,-2.344885,0.37,-5.380766
4.432578,0.001204031,1.01835,0.37,4.819217
4.442578,0.006562454,0.1877953,0.38,4.549397
4.452578,0.007422453,2.889086,0.37,-3.097498
4.462578,0.004993246,-7.779461,0.38,-5.460599
4.472579,-0.001096752,7.095825,0.37,0.2652079
4.482579,0.001273464,-5.272225,0.39,7.739145
4.492579,0.009261182,11.65189,0.37,-1.852103
4.502579,0.00955649,-15.40241,0.39,-5.099054
4.512579,0.003210706,12.67908,0.36,-1.11118
4.52258,0.001481928,-11.15352,0.4,5.564977
4.53258,0.005397099,11.77824,0.36,1.254362
4.54258,0.008790644,-8.787516,0.4,-2.864928
4.55258,0.009683014,4.635164,0.36,-4.15456
4.562581,0.000436411,3.671935,0.39,1.494499
4.572581,0.000302343,-6.75059,0.38,5.198557
4.582581,0.006418204,15.72738,0.39,0.7183452
4.592581,0.005416111,-15.91136,0.39,-4.36389
4.602582,-0.000483001,10.6004,0.38,-4.053422
4.612582,-0.000627016,-8.799407,0.41,6.167104
4.622582,0.003204027,11.52751,0.39,2.018476
4.632582,0.006125901,-10.79707,0.41,-0.8264995
4.642582,0.00918592,6.291148,0.39,-5.830712
4.652583,0.007703422,1.529122,0.41,1.336201
4.662583,0.008239429,-5.258937,0.4,5.441973
4.672583,0.008810073,9.435496,0.4,-1.513205
4.682583,0.008786812,-7.003141,0.39,-3.059798
4.692584,0.004755549,6.386454,0.39,-2.599438
4.702584,0.001055409,-10.42351,0.4,4.424287
4.712584,0.001047467,13.05223,0.39,1.050519
4.722584,0.000991207,-12.0108,0.41,-1.909692
4.732584,0.000754324,6.592501,0.4,-4.203207
4.742585,0.002125372,-5.13006,0.42,4.01013
4.752585,0.00511185,1.58883,0.41,2.408523
4.762585,0.008049864,0.892589,0.42,0.1162882
4.772585,0.01167191,-1.696452,0.41,-4.416187
4.782586,0.008854312,2.41264,0.41,0.4556143
4.792586,0.007120731,-6.340942,0.41,3.846146
4.802586,0.006509162,7.396638,0.4,-0.3289883
4.812586,0.004135797,-3.214435,0.41,-3.407882
4.822587,0.007303989,-0.4427241,0.4,-2.139226
4.832587,0.007379809,0.2320097,0.4,4.790946
4.842587,0.00636299,-0.5551298,0.4,2.082058
4.852587,0.005033998,-0.489142,0.4,-4.154408
4.862587,0.003286796,1.93795,0.4,-3.115772
4.872588,0.006972124,1.465644,0.4,1.59868
4.882588,0.008467965,-0.3931216,0.4,4.196016
4.892588,0.006240967,-2.065573,0.39,-0.9334782
4.902588,0.002985267,3.703465,0.39,-4.46419
4.912589,0.002613199,-1.407335,0.4,1.092521
4.922589,0.003799906,-0.4278838,0.4,2.591928
4.932589,-0.000382581,5.015966,0.41,0.595731
4.942589,0.002556012,-4.538384,0.42,-2.32991
4.95259,0.005878397,5.61856,0.41,-1.687162
4.96259,0.005240509,-5.156414,0.42,1.343742
4.97259,0.005958722,4.473441,0.41,1.247437
4.98259,0.006893932,-3.912417,0.42,-0.1501044
4.99259,0.008204831,6.398053,0.41,-1.092532
5.002591,0.008558933,-5.432996,0.42,-0.3439048
5.012591,0.005320505,5.736907,0.41,0.9810507
5.022591,0.002082848,-8.226045,0.43,1.5762
5.032591,0.00196711,11.44988,0.41,-1.513665
5.042592,0.003961241,-9.905243,0.44,1.543948
5.052592,0.002486152,-0.6396817,0.41,-2.983593
5.062592,-0.000678126,1.429057,0.43,0.643745
5.072592,0.000914261,-2.982551,0.44,0.2189777
5.082592,0.006381837,6.902097,0.44,2.959456
5.092593,0.008572261,-9.334077,0.44,-2.135269
5.102593,0.005830276,11.61497,0.43,-2.03294
5.112593,0.003744694,-13.38953,0.45,0.8906959
5.122593,0.00781344,15.18569,0.42,2.093875
5.132594,0.006383201,-14.28932,0.46,-0.8970777
5.142594,0.002758699,11.48023,0.42,-2.485852
5.152594,-0.000253444,-13.34905,0.46,0.896808
5.162594,0.002540284,16.21254,0.42,1.951992
5.172595,0.005007417,-13.92827,0.47,0.1429392
5.182595,0.005671041,12.94266,0.42,-1.772136
5.192595,0.002440282,-13.10873,0.47,0.7623639
5.202595,0.005389071,11.08199,0.42,-0.2792019
5.212595,0.005956485,-4.889513,0.46,2.223216
5.222596,0.009064547,-1.096611,0.43,-3.028498
5.232596,0.003413289,1.788132,0.44,0.6664493
5.242596,0.001732642,-5.585546,0.44,-0.4666999
5.252596,0.003621057,12.17559,0.43,2.648448
5.262597,0.007455916,-31.32065,0.45,0.1650699
5.272597,0.005233292,37.7855,0.41,-2.646302
5.282597,0.002227444,-40.15303,0.47,2.66739
5.292597,0.006003292,41.18494,0.39,-1.478548
5.302598,0.006277231,-30.9111,0.48,2.020955
5.312598,0.009383056,25.88192,0.37,-4.485066
5.322598,-0.000364617,-22.74497,0.46,2.181157
5.332598,0.001882476,16.93358,0.38,-0.08553765
5.342598,0.004810924,-8.064379,0.46,1.991256
5.352599,0.007564369,-13.13434,0.38,-2.815516
5.362599,0.004266391,14.19959,0.4,-0.6819921
5.372599,-0.0000725,-19.3576,0.43,1.622771
5.382599,0.00238468,25.5628,0.39,1.940718
5.3926,0.004275728,-26.23104,0.45,-1.882366
5.4026,0.004615798,23.32504,0.37,-3.446677
5.4126,-0.002021695,-25.56969,0.45,1.947446
5.4226,0.003188027,24.09668,0.37,2.888718
5.4326,0.005658094,-17.26985,0.45,0.9113301
5.442601,0.009743361,11.51632,0.37,-5.750727
5.452601,0.000803758,-10.09846,0.42,-0.04154586
5.462601,0.001738203,-9.537311,0.38,2.937034
5.472601,0.005497441,21.22888,0.41,4.325083
5.482602,0.01012776,-33.1045,0.39,-3.165791
5.492602,0.003717545,32.83407,0.37,-6.335718
5.502602,-0.00038323,-38.53135,0.41,3.658232
5.512602,0.007048999,41.20776,0.35,3.621101
5.522603,0.01012021,-38.63419,0.42,1.449679
5.532603,0.008939876,29.58568,0.32,-8.360956
5.542603,-0.002761622,-26.93061,0.41,1.40408
5.552603,0.003349844,6.113684,0.32,4.897179
5.562603,0.006965952,5.126818,0.37,2.931192
5.572604,0.008766235,-13.14122,0.35,-4.219843
5.582604,0.002405802,13.42841,0.33,-3.59371
5.592604,-0.000175891,-16.86796,0.37,3.581132
5.602604,0.005818193,22.58733,0.32,3.463997
5.612605,0.008906983,-25.8162,0.37,-2.404435
5.622605,0.00442426,21.8698,0.3,-5.023098
5.632605,-0.00284925,-21.15016,0.37,2.007457
5.642605,0.004721195,22.12229,0.3,4.207619
5.652606,0.009393673,-18.28972,0.36,0.1436432
5.662606,0.008623229,0.8794448,0.29,-5.647838
5.672606,-0.001017901,2.12183,0.34,-0.3161555
5.682606,0.00186537,-7.376694,0.31,4.187818
5.692606,0.009288082,17.69763,0.32,2.950755
5.702607,0.01113306,-24.29779,0.3,-3.416106
5.712607,0.005845023,18.68717,0.27,-4.369171
5.722607,-0.000864447,-16.69824,0.31,4.211833
5.732607,0.005732937,11.85355,0.27,3.507005
5.742608,0.007329195,-2.799812,0.3,-2.1384
5.752608,0.004303267,-10.6807,0.26,-5.284518
5.762608,-0.000264856,8.223611,0.26,2.811166
5.772608,0.0012847,-6.53376,0.28,5.998223
5.782609,0.009049658,9.491552,0.25,-0.2218247
5.792609,0.0116146,-14.04023,0.26,-4.357645
5.802609,0.007514101,9.500143,0.22,-2.831948
5.812609,0.003983538,-11.84018,0.25,5.110867
5.822609,0.01075823,15.01204,0.2,2.952026
5.83261,0.01422645,-9.614118,0.23,-2.512462
5.84261,0.009671194,0.02221188,0.18,-6.260879
5.85261,0.001563467,0.7492288,0.19,1.321522
5.86261,-0.003014593,-14.67862,0.19,5.144413
5.872611,0.00336087,21.86119,0.18,2.338747
5.882611,0.00408667,-23.36764,0.2,-4.372687
5.892611,-0.000236803,20.84106,0.16,-3.696539
5.902611,-0.004376141,-21.42817,0.21,4.080261
5.912611,0.004713543,17.97717,0.15,2.260561
5.922612,0.009130293,-4.389067,0.21,-0.4839336
5.932612,0.01156562,-7.729393,0.15,-5.869092
5.942612,0.004575538,10.45399,0.17,1.824974
5.952612,0.003278342,-14.97032,0.16,3.094639
5.962613,0.005597442,16.6907,0.14,1.198149
5.972613,0.004117154,-14.00072,0.18,-2.475919
5.982613,0.004790899,9.645871,0.13,-1.988031
5.992613,-0.000065465,-10.58109,0.16,0.7704993
6.002614,0.002700122,3.777048,0.13,2.522892
6.012614,0.003011884,4.450343,0.15,-0.5541096
6.022614,0.009678584,-11.33294,0.14,-2.031707
6.032614,0.008949528,13.77314,0.11,-0.3334352
6.042614,0.001241696,-19.29524,0.14,0.3940665
6.052615,0.002946935,18.24816,0.09,1.798137
6.062615,0.003601158,-8.598044,0.15,-0.6706496
6.072615,0.009017397,-2.582629,0.09,-2.142147
6.082615,-0.000962999,7.373649,0.12,0.1714219
6.092616,-0.002119457,-14.64804,0.1,1.625102
6.102616,0.0011519,20.75215,0.1,1.524843
6.112616,0.006888884,-24.6371,0.11,-3.556468
6.122616,0.007417406,21.92341,0.06,-1.283039
6.132617,0.001382603,-19.47857,0.11,3.337967
6.142617,0.007958382,10.38979,0.05,1.532439
6.152617,0.00816938,8.432986,0.09,-0.7489495
6.162617,0.007241906,-1.698617,0.06,-5.235478
6.172617,-0.0000763,4.527307,0.05,1.583992
6.182618,0.001227641,-6.477061,0.05,4.518691
6.192618,0.003309866,9.256845,0.03,0.4922121
6.202618,0.001410023,-15.27421,0.05,-4.578036
6.212618,-0.001427902,15.36164,0.01,-1.984242
6.222619,-0.002624303,-12.88462,0.06,4.95579
6.232619,0.006307427,12.81362,0.01,3.422272
6.242619,0.009011423,-9.64709,0.04,-3.268519
6.252619,0.004304307,0.8231919,0,-6.003395
6.262619,-0.00078087,8.932176,0.01,1.812948
6.27262,0.002865721,-7.043361,0,5.618733
6.28262,0.008413212,9.721605,0,3.025008
6.29262,0.004587192,-15.38183,0,-7.125408
6.30262,-0.00068815,11.82954,-0.03,-2.885926
6.312621,-0.002368521,-8.964047,0,5.128258
6.322621,0.005746862,8.549939,-0.03,4.332549
6.332621,0.00661681,0.2490994,-0.01,-2.774948
6.342621,0.003333908,-13.86189,-0.05,-6.786104
6.352622,-0.000494493,17.94873,-0.04,0.04668585
6.362622,-0.002125344,-16.47752,-0.01,5.403122
6.372622,0.005503282,12.72491,-0.07,2.461183
6.382622,0.003671445,-1.486868,-0.03,-2.464435
6.392622,0.002090626,-11.28732,-0.08,-4.906735
6.402623,-0.003149761,13.2615,-0.06,1.912157
6.412623,0.00188313,-11.04269,-0.06,4.684031
6.422623,0.0082733,12.33578,-0.08,-0.231004
6.432623,0.005011647,-18.73162,-0.08,-6.027606
6.442624,0.00011556,14.27351,-0.11,-1.68144
6.452624,0.000763342,-9.099809,-0.08,4.486061
6.462624,0.006837047,9.853299,-0.13,2.747772
6.472624,0.009162469,-9.946926,-0.11,-2.013586
6.482625,0.004660252,1.271353,-0.15,-5.124236
6.492625,-0.001433268,-1.540926,-0.14,2.177545
6.502625,0.001235043,1.381666,-0.15,2.859784
6.512625,0.004133201,2.182162,-0.16,0.4291104
6.522625,0.002805403,-10.14748,-0.17,-4.523065
6.532626,-0.002781959,5.510392,-0.19,0.4881982
6.542626,-0.004199141,-7.036593,-0.17,2.843535
6.552626,0.00472558,9.6819,-0.2,1.274729
6.562626,0.006315424,-15.43486,-0.19,-2.259266
6.572627,0.002484038,8.389221,-0.23,-4.548953
6.582627,-0.00161048,-8.397811,-0.2,3.877402
6.592627,0.005553744,2.768064,-0.24,2.20792
6.602627,0.007102476,4.692496,-0.23,-0.358345
6.612628,0.002392092,-14.31251,-0.26,-6.073853
6.622628,-0.003787447,19.55981,-0.26,3.028147
6.632628,0.001069662,-16.55734,-0.25,4.606791
6.642628,0.005306779,20.1824,-0.29,-0.4071627
6.652628,0.000141793,-14.7058,-0.27,-5.018136
6.662629,-0.001518748,7.076055,-0.32,-1.958009
6.672629,-0.002524014,-3.485835,-0.29,4.475288
6.682629,0.004768599,-1.725311,-0.32,2.759771
6.692629,0.00522205,0.8987733,-0.32,-3.747376
6.70263,0.002628143,-10.30723,-0.33,-4.499966
6.71263,0.001123633,11.22776,-0.35,3.469857
6.72263,0.003982858,-12.44089,-0.34,5.259766
6.73263,0.006894739,15.03979,-0.38,-0.8237275
6.74263,0.002101474,-17.4096,-0.36,-5.3637
6.752631,0.000592099,9.587663,-0.42,-0.08396602
6.762631,-0.006829327,-7.416458,-0.38,3.146632
6.772631,-0.000531807,4.905996,-0.42,3.1563
6.782631,0.007210146,-3.516287,-0.4,-3.269763
6.792632,0.005493788,-3.975968,-0.45,-3.429954
6.802632,-0.003967623,-0.9318785,-0.43,1.756542
6.812632,0.000286686,-3.232241,-0.45,3.719043
6.822632,0.009682685,8.661709,-0.46,-0.09022895
6.832633,0.009722696,-16.35002,-0.48,-6.23782
6.842633,-0.00033932,8.693138,-0.5,1.023307
6.852633,-0.002891982,-10.30342,-0.49,4.005303
6.862633,0.002907784,12.01909,-0.53,1.977865
6.872633,0.005637941,-13.76737,-0.51,-4.762344
6.882634,-0.001233937,5.997391,-0.56,-2.112313
6.892634,-0.008422366,-2.442997,-0.53,4.457089
6.902634,-0.000490288,1.827975,-0.55,2.475389
6.912634,0.005998332,-2.299939,-0.56,-4.225403
6.922635,0.001693074,-3.623809,-0.57,-3.491314
6.932635,-0.001873618,2.640545,-0.58,3.764993
6.942635,0.003918512,-3.76622,-0.58,3.760358
6.952635,0.006685169,1.616703,-0.61,-3.15896
6.962636,0.002479793,-5.654097,-0.61,-4.506059
6.972636,-0.001134862,-1.448647,-0.63,1.276499
6.982636,0.000924481,0.5580736,-0.63,4.348979
6.992636,0.002583058,-0.4464319,-0.64,-0.4598687
7.002636,0.001042376,-2.12273,-0.66,-5.442526
7.012637,-0.000687767,-1.439231,-0.66,1.609595
7.022637,0.000351415,2.130005,-0.68,2.668767
7.032637,0.002780307,-0.3891833,-0.68,2.123398
7.042637,0.002261845,-6.58773,-0.7,-6.040257
7.052638,-0.001958471,5.197964,-0.71,-1.254418
7.062638,-0.002020714,-7.604545,-0.71,2.224504
7.072638,0.002112822,6.685212,-0.74,3.146122
7.082638,0.005832388,-9.155804,-0.73,-2.68943
7.092638,0.002734856,1.499934,-0.77,-4.26539
7.102639,-0.004153311,-1.619057,-0.76,3.577699
7.112639,0.001993291,-1.192212,-0.78,2.28952
7.122639,0.006562249,4.725181,-0.79,-1.016917
7.132639,0.003866689,-15.19504,-0.8,-5.709762
7.14264,-0.001324413,14.01133,-0.83,3.400858
7.15264,0.000507717,-13.82175,-0.8,3.479956
7.16264,0.006395392,15.17668,-0.86,-0.3255307
7.17264,0.003568535,-17.15366,-0.83,-4.780234
7.182641,-0.002704559,11.13321,-0.89,-0.7139823
7.192641,-0.005234882,-6.292452,-0.85,5.524859
7.202641,0.003262718,5.353789,-0.9,0.6538688
7.212641,0.005100937,-5.534062,-0.88,-3.599181
7.222641,0.000263453,-1.385809,-0.93,-2.71433
7.232642,-0.002641722,0.2624846,-0.91,4.624763
7.242642,0.004226989,-0.9019048,-0.94,2.689762
7.252642,0.008181512,7.897027,-0.94,-1.658848
7.262642,0.003070774,-13.91676,-0.95,-5.157819
7.272643,-0.005581198,9.274586,-0.99,1.442914
7.282643,-0.008933423,-8.276461,-0.96,2.69595
7.292643,-0.001289865,10.34888,-0.99,1.629748
7.302643,0.002805892,-15.34599,-0.98,-4.476184
7.312644,-0.003519529,9.828333,-1.02,-0.5805341
7.322644,-0.006578141,-8.429748,-0.98,2.536422
7.332644,0.002180803,9.595488,-1.02,2.695822
7.342644,0.007482221,-12.04455,-1.01,-2.975003
7.352644,0.001956238,4.644369,-1.06,-2.855285
7.362645,-0.006404708,-1.271158,-1.04,2.277701
7.372645,0.001081313,-0.259578,-1.07,2.480274
7.382645,0.00401407,6.580952,-1.06,0.5973923
7.392645,-0.000622941,-19.08607,-1.09,-5.577297
7.402646,-0.006639553,19.74458,-1.1,1.398328
7.412646,-0.001329807,-19.4346,-1.08,2.333649
7.422646,0.003554771,20.83981,-1.13,0.5967703
7.432646,-0.00179351,-26.83179,-1.1,-4.501475
7.442647,-0.00544424,19.00126,-1.16,-0.8720534
7.452647,-0.005777922,-2.00616,-1.1,2.631237
7.462647,0.000154743,-3.097208,-1.15,2.213727
7.472647,0.002159819,5.76307,-1.16,-1.605122
7.482647,0.00067669,-12.10549,-1.16,-1.954239
7.492648,-0.002577053,10.64512,-1.19,0.06555262
7.502648,-0.000889402,-12.94456,-1.17,2.845781
7.512648,0.004554301,12.0654,-1.22,-1.186964
7.522648,0.000599271,-14.8847,-1.2,-1.957064
7.532649,-0.001350362,8.775056,-1.25,-0.6252049
7.542649,-0.002857705,-6.688592,-1.22,2.348692
7.552649,0.000854655,2.277382,-1.26,0.8721005
7.562649,0.000881513,-1.116963,-1.26,-2.423208
7.572649,-0.001015734,-3.401685,-1.28,-0.6447281
7.58265,-0.003633607,0.6531346,-1.29,-0.7760822
7.59265,-0.002992442,1.718185,-1.3,3.367415
7.60265,0.002039874,-6.204773,-1.31,-1.559837
7.61265,-0.001112625,5.88193,-1.33,-1.687104
7.622651,-0.004352153,-12.99212,-1.33,0.6099725
7.632651,-0.000626431,13.55898,-1.36,2.709112
7.642651,0.004224855,-9.247819,-1.34,0.3168719
7.652651,0.003676995,-5.37919,-1.4,-4.101256
7.662652,-0.000372578,3.041675,-1.4,0.788772
7.672652,-0.001149564,-8.804861,-1.4,2.229093
7.682652,0.001947919,11.5875,-1.43,0.8749288
7.692652,0.000700195,-18.58803,-1.42,-3.506897
7.702652,-0.002196004,16.78513,-1.47,0.03750044
7.712653,-0.005539855,-17.21604,-1.43,3.431984
7.722653,-0.000552613,16.67621,-1.49,0.6805764
7.732653,0.000144034,-18.03913,-1.45,-3.269491
7.742653,-0.001982854,11.12855,-1.51,-2.69726
7.752654,-0.007649273,-3.989429,-1.47,2.968933
7.762654,-0.004777487,-3.030183,-1.5,3.804639
7.772654,0.003571344,5.284277,-1.52,-0.8570892
7.782654,0.001727843,-12.68837,-1.52,-5.109282
7.792655,-0.005369359,8.377564,-1.55,1.152026
7.802655,-0.005197156,-10.2229,-1.53,4.353051
7.812655,0.001911301,13.22858,-1.57,0.7485715
7.822655,0.003130544,-15.69158,-1.55,-5.423791
7.832655,-0.003002358,9.186376,-1.6,-0.8459942
7.842656,-0.01027875,-10.06399,-1.57,3.943285
7.852656,-0.002749513,12.65766,-1.6,3.58127
7.862656,0.002786647,-9.865398,-1.59,-3.394992
7.872656,-0.001223949,0.479936,-1.63,-5.058814
7.882657,-0.009836046,-3.617105,-1.61,2.53441
7.892657,-0.005170824,5.290875,-1.63,4.684295
7.902657,0.002922831,-0.3017204,-1.62,0.1828278
7.912657,0.002304356,-6.902419,-1.66,-6.40506
7.922657,-0.006473694,3.968709,-1.66,1.09449
7.932658,-0.006691555,-6.373953,-1.66,3.040232
7.942658,0.000830492,11.64375,-1.67,2.550261
7.952658,0.004781925,-11.64617,-1.68,-3.458066
7.962658,0.000211736,3.638355,-1.72,-3.523901
7.972659,-0.01040139,-6.556561,-1.7,2.615402
7.982659,-0.006203375,6.493685,-1.72,2.66381
7.992659,-0.00152944,-2.219592,-1.71,-0.5074111
8.002659,-0.002262119,-5.970695,-1.74,-4.038139
8.012657,-0.009115417,4.714687,-1.74,1.39077
8.022655,-0.00705174,-6.219342,-1.74,2.717732
8.032654,0.002043399,9.605978,-1.76,0.3180331
8.042652,0.003143719,-12.00521,-1.76,-2.457194
8.05265,-0.001572159,7.419584,-1.8,-1.832463
8.062649,-0.006169131,-9.12537,-1.78,3.50455
8.072647,-0.001267349,9.18179,-1.81,1.040138
8.082645,-0.0000984,-5.386757,-1.8,-0.03271978
8.092644,-0.000486085,-2.469919,-1.84,-4.303041
8.102642,-0.008508896,3.899845,-1.83,2.29491
8.11264,-0.007405131,-6.488799,-1.83,2.41717
8.122639,-0.003939915,10.64456,-1.86,0.3858904
8.132637,-0.006152292,-15.16024,-1.84,-3.674282
8.142635,-0.007075401,12.25498,-1.88,-1.206225
8.152634,-0.01166986,-12.50162,-1.85,3.334542
8.162632,-0.005849901,4.206836,-1.9,0.9734054
8.17263,-0.004197764,0.6573169,-1.87,-0.2168826
8.182629,-0.004834502,-9.70338,-1.92,-3.661063
8.192627,-0.009405636,11.08378,-1.91,3.641574
8.202625,-0.008533365,-17.00714,-1.93,0.9627747
8.212624,-0.006469672,18.8163,-1.96,-0.4632866
8.222622,-0.006317776,-22.79408,-1.95,-3.573177
8.23262,-0.007486412,13.60499,-2.01,1.15363
8.242619,-0.00748179,-14.43074,-1.99,2.196114
8.252617,-0.001235985,-1.503574,-2.06,0.2769624
8.262615,-0.001366695,1.733478,-2.07,-2.454094
8.272614,-0.004605955,-11.02949,-2.11,-1.86322
8.282612,-0.007069768,0.01863309,-2.14,2.365179
8.29261,-0.007493553,-8.617178,-2.16,2.3768
8.302608,-0.006429436,-0.7206316,-2.2,-0.2496722
8.312607,-0.007909399,-7.763584,-2.23,-2.767586
8.322605,-0.008238194,2.236512,-2.27,0.4642408
8.332603,-0.007386686,-9.263079,-2.29,2.244679
8.342602,-0.004777152,-0.4538649,-2.33,0.7821066
8.3526,-0.001534928,-6.537395,-2.37,-1.940388
8.362598,-0.001924099,2.841194,-2.42,-1.675752
8.372597,-0.002894975,-13.07474,-2.43,0.9966706
8.382595,-0.004644092,10.54838,-2.49,1.856321
8.392593,-0.006333007,-14.63047,-2.48,-0.207384
8.402592,-0.00526589,5.550805,-2.56,-2.654033
8.41259,-0.007632835,-13.62092,-2.55,-0.9117209
8.422588,-0.00784561,8.698912,-2.61,2.43259
8.432587,-0.007679274,-13.16565,-2.6,1.229144
8.442585,-0.00311907,5.456977,-2.66,-1.989756
8.452583,-0.003522693,-7.816816,-2.66,-1.259592
8.462582,-0.004040376,-10.43109,-2.71,0.6922274
8.47258,-0.003786497,9.797729,-2.72,3.614732
8.482578,0.000833349,-15.21371,-2.75,-1.432782
8.492577,0.000871776,11.42863,-2.79,-3.535396
8.502575,-0.00563617,-20.23873,-2.8,0.2760889
8.512573,-0.00792458,14.60695,-2.84,3.244296
8.522572,-0.007608003,-15.34314,-2.82,0.2894058
8.53257,-0.005883735,11.31046,-2.87,-4.73332
8.542568,-0.009687403,-18.08572,-2.86,0.5594686
8.552567,-0.01163032,15.73307,-2.9,2.558534
8.562565,-0.006831604,-13.11009,-2.87,2.157619
8.572563,-0.003035395,10.63766,-2.92,-5.43295
8.582561,-0.008633308,-13.16401,-2.9,-0.4304701
8.59256,-0.01040182,9.724876,-2.94,2.569557
8.602558,-0.009042284,-7.782418,-2.91,2.367761
8.612556,-0.003286548,8.705522,-2.94,-2.73966
8.622555,-0.006746787,-11.96962,-2.93,-4.242924
8.632553,-0.009757003,5.82421,-2.95,3.824652
8.642551,-0.007480938,-0.1339106,-2.93,1.6326
8.65255,-0.003438812,-0.724675,-2.95,1.080805
8.662548,-0.006315897,-0.9666481,-2.95,-4.773387
8.672546,-0.01085096,-0.2684969,-2.95,1.280839
8.682545,-0.01232976,0.7325042,-2.95,3.831829
8.692543,-0.009009681,1.140251,-2.95,-0.05115104
8.702541,-0.005020906,-0.2064286,-2.94,-2.628208
8.71254,-0.00657898,2.825175,-2.95,-1.863739
8.722538,-0.006804816,-4.288689,-2.94,4.685218
8.732536,-0.006095693,8.726942,-2.95,0.6797002
8.742535,-0.00597993,-9.18614,-2.92,-2.041922
8.752533,-0.006751934,10.90734,-2.95,-3.368384
8.762531,-0.009038435,-6.83798,-2.91,1.602412
8.77253,-0.007551293,4.874923,-2.94,3.525473
8.782528,-0.009162488,4.010558,-2.9,-0.09343075
8.792526,-0.007723977,-5.795147,-2.92,-2.945868
8.802525,-0.01163842,8.73601,-2.89,-2.694535
8.812523,-0.01316652,-11.11946,-2.89,3.639756
8.822521,-0.01274359,18.34739,-2.86,1.997224
8.83252,-0.01027372,-19.93191,-2.85,-1.980546
8.842518,-0.01122524,22.62535,-2.85,-2.740259
8.852516,-0.01188984,-15.51891,-2.81,-0.06343163
8.862514,-0.008708947,25.06908,-2.84,3.427331
8.872513,-0.008218854,-19.18308,-2.77,-0.5634612
8.882511,-0.005454212,19.75181,-2.82,-1.545714
8.892509,-0.008600732,-12.6168,-2.75,-1.846002
8.902508,-0.007825391,6.329174,-2.79,1.794104
8.912506,-0.01141716,1.588677,-2.73,1.810809
8.922504,-0.009257135,-5.177893,-2.75,-0.3970829
8.932503,-0.008842953,14.72115,-2.72,-0.8443226
8.942501,-0.009467306,-13.03418,-2.71,-2.268847
8.952499,-0.009856173,6.80136,-2.72,2.090254
8.962498,-0.01470993,-2.876217,-2.68,-0.01225347
8.972496,-0.01051593,3.939993,-2.68,0.5268082
8.982494,-0.007726518,3.515379,-2.66,-1.563508
8.992493,-0.009307982,-4.768083,-2.65,-1.454211
9.002491,-0.01416523,5.447265,-2.65,1.633123
9.012489,-0.01347153,-2.902562,-2.62,1.851028
9.022488,-0.009413839,6.760177,-2.63,-0.8850682
9.032486,-0.0106216,-2.264188,-2.59,-3.448763
9.042484,-0.01284276,-1.757279,-2.61,0.1105082
9.052483,-0.01588717,12.85553,-2.57,3.990191
9.062481,-0.01398001,-11.5731,-2.55,1.057353
9.072479,-0.01149368,17.95683,-2.57,-2.489708
9.082478,-0.01483597,-21.38794,-2.52,-3.540402
9.092476,-0.01667088,24.67142,-2.56,3.138324
9.102474,-0.01682888,-17.45555,-2.48,4.516068
9.112473,-0.00952714,15.34664,-2.54,-1.834171
9.122471,-0.01218656,-10.91903,-2.48,-4.644013
9.132469,-0.01165838,3.335113,-2.51,-1.197455
9.142467,-0.01309914,6.467236,-2.47,6.27819
9.152466,-0.008041756,-9.456191,-2.47,0.8526706
9.162464,-0.004286775,22.60052,-2.49,-2.551655
9.172462,-0.009571973,-19.39884,-2.46,-5.497717
9.182461,-0.01395346,13.303,-2.49,3.759688
9.192459,-0.01785777,-7.423399,-2.45,5.208473
9.202457,-0.01618297,4.915884,-2.47,-3.36199
9.212456,-0.01833942,2.333915,-2.44,-1.251396
9.222454,-0.01616154,-6.753644,-2.44,-1.023705
9.232452,-0.01854054,8.718893,-2.44,2.328456
9.242451,-0.01666641,-5.547133,-2.41,1.900367
9.252449,-0.0111334,1.764203,-2.43,-2.59198
9.262447,-0.007383475,2.35631,-2.41,-0.7028201
9.272446,-0.008035586,-7.870303,-2.42,-1.324689
9.282444,-0.01357094,11.63036,-2.42,3.739874
9.292442,-0.01360759,-16.49413,-2.4,0.04095448
9.302441,-0.01201666,20.6769,-2.43,-2.832449
9.312439,-0.01334841,-18.23204,-2.38,-0.9433777
9.322437,-0.01243185,17.39457,-2.44,1.715215
9.332436,-0.01837751,-15.25031,-2.38,2.516388
9.342434,-0.01742602,10.35232,-2.42,-3.426497
9.352432,-0.01879994,0.5569011,-2.37,0.3190857
9.362431,-0.01048617,-15.11075,-2.39,-0.7959628
9.372429,-0.01168196,17.01912,-2.39,0.782963
9.382427,-0.01744925,-18.77921,-2.37,-0.1757017
9.392426,-0.01612701,17.74376,-2.39,0.8034804
9.402424,-0.01316827,-9.748271,-2.36,1.945608
9.412422,-0.01156554,6.90724,-2.39,-2.805258
9.422421,-0.01509652,-3.131027,-2.36,-0.8316621
9.432419,-0.01550746,-1.048413,-2.38,1.17657
9.442417,-0.01152479,5.543016,-2.37,2.899106
9.452415,-0.01047465,-5.585143,-2.37,-0.03958685
9.462414,-0.01195923,0.4514557,-2.38,-5.361932
9.472412,-0.01898797,-0.587877,-2.36,1.867036
9.48241,-0.01471159,1.449285,-2.36,3.132951
9.492409,-0.0117573,7.629676,-2.36,2.182845
9.502407,-0.01120167,-15.26538,-2.36,-4.016975
9.512405,-0.01666648,17.77951,-2.38,-3.101675
9.522404,-0.01981725,-19.49536,-2.33,3.779535
9.532402,-0.01427804,23.46912,-2.38,2.958233
9.5424,-0.01043128,-18.22514,-2.32,-0.193273
9.552399,-0.007679902,9.115395,-2.39,-5.637411
9.562397,-0.0186044,5.293694,-2.33,0.7098606
9.572395,-0.01847563,-9.030145,-2.35,2.957517
9.582394,-0.0138255,17.31826,-2.33,2.334386
9.592392,-0.01383418,-15.12068,-2.33,-3.719226
9.60239,-0.01872418,11.60454,-2.34,-1.652635
9.612389,-0.02194929,-10.74132,-2.31,3.196315
9.622387,-0.01605563,10.88381,-2.32,2.083307
9.632385,-0.01427915,-2.216717,-2.29,-1.875654
9.642384,-0.0131779,-1.711643,-2.31,-1.725716
9.652382,-0.02085721,4.190951,-2.29,0.6258898
9.66238,-0.02007273,-4.150771,-2.27,3.852141
9.672379,-0.01835949,6.60278,-2.28,-1.130353
9.682377,-0.0173524,-3.16516,-2.25,-1.422274
9.692375,-0.01422871,1.931511,-2.27,-0.5158681
9.702374,-0.01415605,6.630965,-2.24,2.003848
9.712372,-0.01468548,-12.31926,-2.25,1.292059
9.72237,-0.01705943,12.09958,-2.25,-1.599586
9.732368,-0.01850212,-5.236901,-2.22,0.3361512
9.742367,-0.01113307,8.886642,-2.24,0.6762309
9.752365,-0.01302908,-6.292572,-2.22,-0.5725663
9.762363,-0.01750442,0.7975806,-2.23,-1.419168
9.772362,-0.02184862,4.60319,-2.21,2.378756
9.78236,-0.01754483,-0.6965239,-2.2,0.5891069
9.792358,-0.01165235,5.315021,-2.2,-0.6164848
9.802357,-0.01440422,-7.43599,-2.19,-3.185991
9.812355,-0.02030561,7.472974,-2.2,3.217547
9.822353,-0.02107499,-0.3797514,-2.17,2.31506
9.832352,-0.01491531,1.67448,-2.18,-0.5046847
9.84235,-0.01819802,2.799402,-2.16,-4.803748
9.852348,-0.02134796,-6.357829,-2.15,2.00994
9.862347,-0.02334582,20.84192,-2.15,2.914107
9.872345,-0.01846667,-20.89618,-2.11,2.096889
9.882343,-0.01549607,28.2864,-2.14,-5.545097
9.892342,-0.01959385,-28.98278,-2.08,-2.012402
9.90234,-0.01932266,24.4031,-2.13,2.836606
9.912338,-0.01645373,-16.27176,-2.05,3.931772
9.922337,-0.01470789,14.22933,-2.11,-2.815921
9.932335,-0.01883479,-4.790555,-2.04,-1.59393
9.942333,-0.01853609,3.905499,-2.07,-0.8517395
9.952332,-0.01824335,4.359934,-2.04,3.184497
9.96233,-0.01796805,1.104677,-2.03,2.137382
9.972328,-0.01928159,1.276372,-2.02,-2.39892
9.982327,-0.01714078,4.660411,-2.02,-1.245669
9.992325,-0.01609342,-0.8570336,-2,-0.2981442
10.00232,-0.01720185,1.933925,-2,1.363915
10.01232,-0.01930608,0.01735177,-1.98,0.2613261
10.02232,-0.01698487,2.749695,-1.98,0.1191787
10.03232,-0.01564044,2.368464,-1.96,-0.1610553
10.04232,-0.01653218,-4.338552,-1.96,-1.322553
10.05231,-0.02376657,6.241406,-1.95,-0.2647125
10.06231,-0.02503519,-14.90736,-1.93,3.398223
10.07231,-0.01938609,22.70134,-1.93,1.484517
10.08231,-0.01766202,-16.03518,-1.9,-1.447407
10.09231,-0.02296604,7.916272,-1.91,-6.730052
10.10231,-0.02764888,-2.732897,-1.87,4.526377
10.1123,-0.01625276,10.45652,-1.86,3.857917
10.1223,-0.01145266,-5.044216,-1.85,-0.5954819
10.1323,-0.01529295,-4.294315,-1.86,-7.1825
10.1423,-0.0237395,3.786945,-1.84,1.230134
10.1523,-0.02072001,1.862481,-1.81,7.288997
10.1623,-0.01850609,5.470938,-1.81,-2.295025
10.17229,-0.02159767,-3.102066,-1.79,-2.77472
10.18229,-0.02296188,5.514951,-1.79,-1.632078
10.19229,-0.02080799,0.8300345,-1.76,6.260487
10.20229,-0.01652255,0.3244025,-1.76,-1.346846
10.21229,-0.01811476,5.814925,-1.74,-1.554657
10.22229,-0.01595606,-10.23421,-1.73,-1.588488
10.23228,-0.01690635,13.20776,-1.74,2.655081
10.24228,-0.01940971,-11.06433,-1.7,1.930032
10.25228,-0.0163872,12.91506,-1.72,-1.655507
10.26228,-0.01919054,-2.300488,-1.68,-1.53156
10.27228,-0.02005654,2.253582,-1.69,0.3750171
10.28228,-0.025557,1.429024,-1.66,2.200641
10.29227,-0.02674705,-2.313625,-1.65,0.1278585
10.30227,-0.02294884,8.299752,-1.63,-1.751678
10.31227,-0.01791535,-2.172995,-1.61,1.038596
10.32227,-0.01931745,6.518198,-1.61,0.5293237
10.33227,-0.02099002,-4.950711,-1.58,0.0452146
10.34227,-0.02132047,6.095315,-1.58,-1.485915
10.35226,-0.01958843,2.468161,-1.56,1.497133
10.36226,-0.01858641,2.451453,-1.55,2.258469
10.37226,-0.01464269,-2.787975,-1.54,-1.336825
10.38226,-0.0215566,2.876322,-1.53,-3.707268
10.39226,-0.02471845,1.818372,-1.5,2.568855
10.40226,-0.02160016,6.470152,-1.49,3.635522
10.41225,-0.01465206,-7.85429,-1.48,0.2125086
10.42225,-0.01928208,9.738546,-1.49,-7.702144
10.43225,-0.02130756,-14.05532,-1.44,3.36725
10.44225,-0.01702322,22.03533,-1.46,2.854401
10.45225,-0.01808066,-17.53609,-1.4,1.827405
10.46225,-0.01685504,26.35555,-1.45,-5.395854
10.47224,-0.01918523,-25.7994,-1.38,-0.5085186
10.48224,-0.02532421,25.40894,-1.42,1.551219
10.49224,-0.02338865,-18.53017,-1.34,4.112408
10.50224,-0.01605477,26.15603,-1.39,-3.674944
10.51224,-0.01640173,-23.48357,-1.32,-2.135455
10.52224,-0.02540847,18.63314,-1.36,-0.3744991
10.53223,-0.02493523,-8.415392,-1.28,5.863067
10.54223,-0.01680285,11.52589,-1.31,-1.474821
10.55223,-0.01657248,0.2820052,-1.27,-3.338645
10.56223,-0.02350477,-7.382167,-1.27,-3.324724
10.57223,-0.02628998,13.51866,-1.25,5.640985
10.58223,-0.01907849,-4.455228,-1.21,2.488538
10.59222,-0.01371451,9.099128,-1.23,-3.829019
10.60222,-0.02103697,-10.45565,-1.19,-2.124481
10.61222,-0.01945092,15.43549,-1.2,5.475933
10.62222,-0.01574415,-15.01308,-1.15,-0.3702351
10.63222,-0.01822713,17.46382,-1.19,-3.47124
10.64222,-0.02178288,-14.44599,-1.11,0.6311467
10.65221,-0.01676405,15.39498,-1.16,1.796123
10.66221,-0.01926507,3.490503,-1.09,1.833021
10.67221,-0.02355718,-6.147088,-1.12,-1.498215
10.68221,-0.02398545,14.67638,-1.06,0.953914
10.69221,-0.02077879,-13.56918,-1.06,-0.04274265
10.70221,-0.01674764,14.53267,-1.05,-0.2795247
10.7122,-0.02361738,-7.359421,-1.02,0.7430893
10.7222,-0.02357735,10.30622,-1,2.15411
10.7322,-0.01780019,-1.029218,-0.98,-0.410113
10.7422,-0.01655175,1.325708,-0.98,-3.744919
10.7522,-0.02491497,3.465429,-0.95,-1.083672
10.7622,-0.02778587,-2.639723,-0.92,4.255454
10.77219,-0.02186681,13.8913,-0.91,1.360042
10.78219,-0.01577102,-14.42253,-0.87,-1.451784
10.79219,-0.0222379,21.37878,-0.89,-5.906681
10.80219,-0.02774325,-13.49804,-0.82,3.871237
10.81219,-0.02226864,21.74959,-0.84,3.425844
10.82219,-0.01947109,-15.75488,-0.78,-0.5983596
10.83218,-0.01721363,15.50899,-0.81,-3.894574
10.84218,-0.02348673,-8.814274,-0.74,0.03435735
10.85218,-0.0190077,4.830776,-0.76,5.249291
10.86218,-0.02166757,6.552708,-0.72,-1.667228
10.87218,-0.02142833,-6.902404,-0.71,-0.60021
10.88218,-0.01485361,10.45857,-0.7,-2.111724
10.89217,-0.01489122,-8.123887,-0.68,1.59762
10.90217,-0.0171571,10.89489,-0.69,0.108103
10.91217,-0.02125357,-9.850259,-0.64,2.429297
10.92217,-0.02010788,16.9544,-0.65,-0.7936656
10.93217,-0.01865898,-8.689629,-0.6,-1.693844
10.94217,-0.02360325,6.14272,-0.63,-2.171527
10.95216,-0.02918512,9.124359,-0.56,5.07176
10.96216,-0.0255419,-3.651822,-0.54,3.370074
10.97216,-0.01770737,10.07319,-0.54,-1.596185
10.98216,-0.01993759,-10.00348,-0.51,-6.363256
10.99216,-0.02363149,11.04925,-0.51,3.444059
11.00216,-0.02223583,-4.062698,-0.46,4.045343
11.01215,-0.013703,9.112098,-0.47,-1.212862
11.02215,-0.01435942,-0.0478679,-0.43,-3.46193
11.03215,-0.01760409,12.00787,-0.43,0.9746476
11.04215,-0.02663915,-3.805935,-0.38,4.112189
11.05215,-0.01979923,4.646253,-0.41,-2.283668
11.06215,-0.02214933,4.70928,-0.34,-2.829139
11.07214,-0.01917669,-7.721504,-0.37,-0.2009226
11.08214,-0.02142374,23.54481,-0.31,2.402107
11.09214,-0.01720318,-34.23946,-0.31,3.001963
11.10214,-0.01794315,40.96019,-0.31,-4.057165
11.11214,-0.01700983,-31.01023,-0.25,0.9490563
11.12214,-0.01270928,33.89999,-0.29,-0.3539656
11.13213,-0.01927786,-26.46405,-0.21,3.385675
11.14213,-0.02156582,21.24956,-0.26,-3.272945
11.15213,-0.02547068,0.249382,-0.17,-0.05568554
11.16213,-0.02391541,2.601223,-0.18,0.4796846
11.17213,-0.02246219,2.154818,-0.15,0.6140717
11.18213,-0.0275828,0.5702925,-0.12,-2.285475
11.19212,-0.02412174,7.450174,-0.09,1.275584
11.20212,-0.02020073,-0.5401342,-0.06,2.365983
11.21212,-0.01292564,-1.17589,-0.06,-0.4119384
11.22212,-0.01803741,7.118638,-0.03,-4.72011
11.23212,-0.01685844,-11.58935,0,1.070658
11.24212,-0.01788518,25.03482,-0.01,3.806506
11.25211,-0.01767768,-21.20828,0.05,0.8548747
11.26211,-0.01661552,24.68318,0,-1.953699
11.27211,-0.02197409,-13.21316,0.09,-2.53133
11.28211,-0.01548421,14.22784,0.05,2.802258
11.29211,-0.01836093,-10.25295,0.11,2.377976
11.3021,-0.01568737,11.31434,0.09,-1.619466
11.3121,-0.01373501,3.252341,0.15,-0.7079947
11.3221,-0.01620061,-3.783086,0.13,-1.393799
11.3321,-0.02266898,7.08752,0.17,2.846424
11.3421,-0.02401279,4.13079,0.19,1.339707
11.3521,-0.02064196,1.053925,0.22,0.3253812
11.36209,-0.02021292,10.90501,0.23,-1.684895
11.37209,-0.0188309,-12.04887,0.27,-1.815917
11.38209,-0.02552109,17.14624,0.27,0.6601792
11.39209,-0.02729658,-12.65647,0.34,2.040239
11.40209,-0.01575403,19.47874,0.31,1.632682
11.41209,-0.01125596,-12.88395,0.38,-1.988384
11.42208,-0.01260396,10.6141,0.35,-3.926978
11.43208,-0.02162903,-7.513844,0.42,2.439239
11.44208,-0.01844351,13.54861,0.4,4.237466
11.45208,-0.01226645,-0.6620286,0.46,-0.4155148
11.46208,-0.01364624,-15.58544,0.45,-4.167271
11.47208,-0.02098387,14.99422,0.47,-2.88608
11.48207,-0.024514,-7.674178,0.51,3.80397
11.49207,-0.01603003,13.73575,0.52,5.261325
11.50207,-0.01319897,-1.129149,0.56,-2.669158
11.51207,-0.01553165,-3.948669,0.56,-4.097068
11.52207,-0.02482524,7.299016,0.59,-1.052103
11.53207,-0.02210089,-1.603786,0.63,6.762024
11.54206,-0.01421651,10.99307,0.64,0.9420562
11.55206,-0.0141367,3.738341,0.68,-3.885217
11.56206,-0.01406178,-4.748532,0.69,-3.60893
11.57206,-0.0197617,14.08349,0.7,2.308605
11.58206,-0.01644293,-15.03532,0.75,5.259789
11.59206,-0.01589995,22.22156,0.73,-3.296879
11.60205,-0.02112763,-18.844,0.81,-2.63267
11.61205,-0.01941541,24.17927,0.78,0.3574942
11.62205,-0.01867465,-14.68406,0.86,3.497329
11.63205,-0.01520707,9.316281,0.82,-0.3095345
11.64205,-0.02164028,2.652101,0.9,-3.172813
11.65205,-0.01798034,-1.567109,0.9,2.044611
11.66204,-0.01192665,13.82755,0.92,1.030366
11.67204,-0.01504681,-10.31691,0.96,-1.762408
11.68204,-0.01635015,7.945255,0.95,-0.5783371
11.69204,-0.01699551,2.9057,1.01,1.925792
11.70204,-0.008592989,0.1897789,1,3.027726
11.71204,-0.009915934,7.758465,1.03,-3.176641
11.72203,-0.01706469,-8.274176,1.04,-2.355943
11.73203,-0.02173065,16.24375,1.07,1.305355
11.74203,-0.01743177,-12.01123,1.11,5.620085
11.75203,-0.01381437,16.59675,1.1,-1.032121
11.76203,-0.01735325,-14.27382,1.16,-4.577833
11.77203,-0.02408474,12.33151,1.15,-1.483258
11.78202,-0.02349272,0.5448236,1.22,6.826893
11.79202,-0.009087207,3.878286,1.22,0.3034822
11.80202,-0.007459717,3.623633,1.24,-3.187948
11.81202,-0.01171422,-5.819943,1.26,-3.5348
11.82202,-0.009103425,8.990692,1.27,3.989711
11.83202,-0.009813575,-1.887226,1.3,2.591631
11.84201,-0.009981921,6.793073,1.3,-1.75998
11.85201,-0.01354946,-4.490127,1.33,-2.48108
11.86201,-0.01706399,-0.1887033,1.34,-2.020801
11.87201,-0.02225678,11.82342,1.38,3.172779
11.88201,-0.0186983,-14.13347,1.41,2.554233
11.89201,-0.01457108,25.2447,1.42,-3.249947
11.902,-0.01345217,-23.88601,1.47,-1.082785
11.912,-0.01619793,22.95842,1.45,-1.042449
11.922,-0.01568128,-18.09952,1.53,3.718639
11.932,-0.007915939,23.97765,1.5,-0.370016
11.942,-0.007848548,-14.78383,1.57,0.6388011
11.952,-0.009951664,0.2615893,1.53,-1.541915
11.96199,-0.01396679,-3.425685,1.59,0.7931952
11.97199,-0.01223261,2.714571,1.58,1.988792
11.98199,-0.01209541,12.62525,1.64,0.4394125
11.99199,-0.01154161,-9.829232,1.64,0.8813134
12.00199,-0.01523583,14.09788,1.67,-4.381715
12.01199,-0.014171,-14.05774,1.69,2.095933
12.02198,-0.01335875,24.79579,1.71,1.1565
12.03198,-0.01281331,-19.18283,1.76,2.614249
12.04198,-0.01164248,19.50028,1.75,-2.790078
12.05198,-0.01534759,-3.296856,1.81,-1.935128
12.06198,-0.01447257,2.59353,1.81,0.01855733
12.07198,-0.0142116,5.270116,1.84,2.529907
12.08197,-0.01343476,3.957237,1.87,1.82101
12.09197,-0.008540627,0.09284653,1.89,-1.72922
12.10197,-0.01082608,-1.356346,1.91,-3.685664
12.11197,-0.01260256,-5.217587,1.92,1.135567
12.12197,-0.01193904,15.32737,1.95,4.201673
12.13197,-0.008028787,-8.352282,1.98,0.4652077
12.14196,-0.007784665,15.58635,1.98,-3.961372
12.15196,-0.01264852,-10.57831,2.02,-3.303432
12.16196,-0.01620593,16.74092,2.01,1.885509
12.17196,-0.01551498,-7.844337,2.08,5.938117
12.18196,-0.00725201,11.64545,2.06,-0.6300586
12.19196,-0.01023931,-7.611168,2.12,-6.229775
12.20195,-0.01778096,6.238586,2.11,-2.021994
12.21195,-0.01963487,5.16127,2.17,6.929298
12.22195,-0.009321341,-0.8754226,2.18,2.68049
12.23195,-0.004472071,10.091,2.19,-3.791695
12.24195,-0.01002592,-12.97091,2.22,-4.607901
12.25195,-0.01703062,14.08776,2.23,3.597296
12.26194,-0.01453432,-14.5908,2.28,5.31366
12.27194,-0.004840401,21.31591,2.28,-1.609547
12.28194,-0.006066666,-17.79957,2.31,-3.930647
12.29194,-0.01396443,17.71509,2.31,-0.5697259
12.30194,-0.01638762,-12.7178,2.37,5.10845
12.31194,-0.008304352,21.16511,2.36,0.1634399
12.32193,-0.004833814,-10.08265,2.41,-3.941829
12.33193,-0.0069357,7.793147,2.39,-1.139813
12.34193,-0.01290529,-1.692857,2.44,2.84105
12.35193,-0.009639026,4.474968,2.44,3.257042
12.36193,-0.007546959,5.246983,2.48,-4.190635
12.37193,-0.007176855,-4.476546,2.48,-0.2810202
12.38192,-0.01024407,8.516623,2.5,0.5945299
12.39192,-0.01118493,-6.995117,2.53,4.364884
12.40192,-0.008017822,17.55279,2.54,-3.580013
12.41192,-0.005304872,-14.50717,2.57,-0.463864
12.42192,-0.006819351,17.44019,2.56,-1.197259
12.43192,-0.006708052,-14.85291,2.61,4.505957
12.44191,-0.007903875,17.7851,2.59,-2.399969
12.45191,-0.007211297,-5.143209,2.65,-1.45869
12.46191,-0.00687319,18.94561,2.64,-1.226262
12.47191,-0.007220044,-11.72541,2.69,2.996512
12.48191,-0.008069674,10.97669,2.66,-0.8210778
12.49191,-0.01401156,-6.791846,2.73,-1.673813
12.5019,-0.006613103,8.183537,2.71,1.364357
12.5119,-0.003839959,-1.601136,2.76,0.8879879
12.5219,-0.007062031,-2.178505,2.74,-3.155421
12.5319,-0.009087283,4.204766,2.79,-0.2792093
12.5419,-0.004162271,-0.2920926,2.79,2.163669
12.5519,-0.000630891,10.16594,2.82,0.9990514
12.56189,0.000232056,-7.6969,2.84,-3.473729
12.57189,-0.008026116,6.059237,2.84,-1.125728
12.58189,-0.009162325,-1.684986,2.86,3.888955
12.59189,-0.002234962,14.42968,2.89,2.962535
12.60189,-0.003590462,-13.27041,2.9,-3.997671
12.61189,-0.01106872,12.6501,2.91,-3.869973
12.62188,-0.01367875,-6.475331,2.96,4.677949
12.63188,-0.002610872,16.91628,2.96,4.899153
12.64188,0.001520776,-9.705389,2.99,-3.267726
12.65188,-0.005849847,-2.305737,2.98,-6.37565
12.66188,-0.01035566,9.952132,3.02,0.1094197
12.67188,-0.004822234,-3.380764,3.05,5.301154
12.68187,0.003070731,8.47497,3.05,2.091059
12.69187,-0.000889918,-9.76449,3.07,-4.564946
12.70187,-0.006483871,8.265666,3.07,-2.153312
12.71187,-0.0110621,-1.172204,3.12,3.430137
12.72187,-0.003394091,8.662927,3.12,2.744474
12.73186,0.000580042,-2.030013,3.15,-2.420624
12.74186,-0.003919104,1.320526,3.14,-3.550642
12.75186,-0.007504993,1.205711,3.19,2.535987
12.76186,-0.000138367,3.185023,3.19,3.098327
12.77186,0.007154539,6.550392,3.21,-2.00142
12.78186,0.003471833,-6.265457,3.2,-2.792791
12.79185,-0.006027266,6.619436,3.24,2.065623
12.80185,-0.005998274,-5.919341,3.25,2.750621
12.81185,-0.002224617,18.65037,3.27,-1.921623
12.82185,-0.002111258,-15.83312,3.29,-2.086769
12.83185,-0.00780521,15.42902,3.3,0.895682
12.84185,-0.008286401,-14.31466,3.33,2.965743
12.85184,-0.00286165,22.48763,3.34,-1.302113
12.86184,0.00079078,-17.98691,3.39,-0.7162644
12.87184,0.002344615,20.39038,3.35,-1.238889
12.88184,-0.000057,-16.48718,3.42,2.944609
12.89184,0.002505798,18.18746,3.38,-0.6322864
12.90184,0.001973209,-12.49271,3.45,-1.070495
12.91183,0.001936618,13.08694,3.41,-0.220061
12.92183,0.000944555,-5.831985,3.47,2.371301
12.93183,0.002636767,6.540138,3.44,-0.5935334
12.94183,-0.001124725,-2.102969,3.48,-1.955792
12.95183,-0.002121214,4.387377,3.48,0.3537261
12.96183,-0.000276617,15.44938,3.51,3.246512
12.97182,0.001733107,-17.19547,3.51,-1.121861
12.98182,-0.00284938,16.93363,3.53,-2.683252
12.99182,-0.000446678,-13.83427,3.55,0.5647664
13.00182,0.005575296,23.22952,3.55,3.541802
13.01182,0.007404132,-23.24939,3.58,-1.241974
13.02182,0.001506475,18.85641,3.56,-3.865919
13.03181,-0.003372879,-15.88466,3.61,1.009248
13.04181,0.001874997,24.98615,3.6,4.532383
13.05181,0.004134301,-17.5558,3.64,-1.460481
13.06181,0.000711112,14.28296,3.61,-3.182662
13.07181,-0.008123413,-15.2673,3.68,1.931012
13.08181,0.00108323,22.8786,3.66,4.796386
13.0918,0.005379234,-17.57443,3.71,-3.441645
13.1018,0.004095858,16.15608,3.67,-3.263262
13.1118,-0.001920125,-10.34328,3.74,1.076823
13.1218,0.002865638,15.18456,3.71,4.148849
13.1318,0.006272678,-8.204859,3.76,-0.8943913
13.1418,0.006253351,5.679916,3.72,-4.672488
13.15179,-0.000622684,5.77533,3.78,0.4724848
13.16179,-0.001605511,-15.21925,3.78,2.029141
13.17179,0.003229919,22.51509,3.78,3.045666
13.18179,0.005899927,-18.51196,3.82,-3.617195
13.19179,0.005619181,15.894,3.79,-2.481725
13.20179,0.003941337,-12.45275,3.84,2.530532
13.21178,0.005920412,16.79276,3.82,2.835824
13.22178,0.007888352,-10.99275,3.86,-1.223515
13.23178,0.008943272,9.481636,3.83,-4.002576
13.24178,0.004592632,-7.37288,3.87,2.403084
13.25178,0.002276863,7.808493,3.85,1.913729
13.26178,0.00313091,-2.776322,3.89,0.4774839
13.27177,0.003502646,4.306324,3.88,-4.667547
13.28177,-0.000188912,-1.936458,3.91,1.752447
13.29177,-0.002910953,4.010443,3.91,1.470962
13.30177,0.001217339,-0.1641144,3.94,1.924088
13.31177,0.007776427,2.196805,3.94,-4.665426
13.32177,0.008244295,-0.7872714,3.96,-1.79667
13.33176,0.007856001,-0.256104,3.96,1.913093
13.34176,0.008425178,0.3157998,3.98,2.035804
13.35176,0.01054021,-1.41163,3.97,-0.4942824
13.36176,0.01169105,3.748133,3.98,-3.298935
13.37176,0.008884512,-6.243126,3.99,1.067053
13.38176,0.002945293,7.137432,3.99,3.329675
13.39175,0.004628748,-1.138595,4.02,-0.4566199
13.40175,0.00654791,6.037508,4.01,-2.891651
13.41175,0.006114922,-11.79747,4.03,-2.259799
13.42175,0.004941428,12.54353,4.02,4.316091
13.43175,0.004948126,-11.51018,4.06,-0.3111559
13.44175,0.006059624,12.89621,4.03,-2.533437
13.45174,0.009457354,-12.06339,4.08,-2.157249
13.46174,0.009498422,15.60168,4.05,1.845094
13.47174,0.005048328,-13.42968,4.1,3.085583
13.48174,0.007927938,14.28501,4.06,-1.808488
13.49174,0.01090719,-13.79417,4.1,-2.449792
13.50174,0.008331114,16.17291,4.09,0.1290528
13.51173,0.006066556,-15.21932,4.12,3.888642
13.52173,0.009323398,15.87787,4.1,-0.5495232
13.53173,0.0142235,-10.12435,4.13,-2.394133
13.54173,0.009995931,8.604564,4.11,-1.851568
13.55173,0.004605435,-7.126063,4.14,2.385704
13.56173,0.005516065,15.75211,4.13,1.285519
13.57172,0.01274691,-8.984956,4.15,-2.186854
13.58172,0.0111621,6.223037,4.13,-2.830253
13.59172,0.006168921,-9.141179,4.16,2.321155
13.60172,0.007388412,14.14208,4.15,1.879118
13.61172,0.01080878,-10.24833,4.18,-0.7724872
13.62172,0.01117792,8.762968,4.16,-3.0108
13.63171,0.008061596,-11.32097,4.19,1.875564
13.64171,0.006096146,16.4442,4.17,1.071895
13.65171,0.009941525,-4.203648,4.21,1.456787
13.66171,0.01584401,3.092362,4.18,-3.589592
13.67171,0.01440554,-0.5729475,4.2,0.09312671
13.68171,0.01252875,-3.739352,4.19,0.9588101
13.6917,0.01018345,5.942676,4.2,1.756502
13.7017,0.01296096,-4.508635,4.21,-1.485389
13.7117,0.01380619,8.587857,4.2,-1.939328
13.7217,0.008866595,-11.84149,4.21,1.434953
13.7317,0.006158725,12.82021,4.2,0.9729491
13.7417,0.008182541,-6.332462,4.23,0.5902703
13.75169,0.01210283,7.941229,4.21,-2.859407
13.76169,0.01228217,-13.79198,4.23,0.5960492
13.77169,0.01021366,15.83069,4.21,-1.022653
13.78169,0.01254467,-17.44492,4.24,3.178628
13.79169,0.0167149,19.82055,4.2,-2.044417
13.80169,0.01742723,-23.98046,4.23,-0.5410921
13.81168,0.01290362,19.8076,4.18,-2.552005
13.82168,0.01339274,-22.8223,4.23,3.816556
13.83168,0.01615175,23.3874,4.17,-0.4289275
13.84168,0.01592092,-23.78324,4.23,-0.4708186
13.85168,0.01207149,6.796294,4.16,-4.783587
13.86168,0.008204396,-2.930311,4.21,2.947327
13.87167,0.01185934,4.813519,4.19,1.954796
13.88167,0.01753996,-2.611939,4.2,0.4206135
13.89167,0.01461327,-5.441397,4.18,-5.536863
13.90167,0.008403633,7.569304,4.19,0.7859854
13.91167,0.01253574,-5.387568,4.2,4.502718
13.92167,0.02125574,5.939479,4.18,-0.4218552
13.93166,0.01683697,-9.328716,4.19,-3.668944
13.94166,0.01103905,6.149989,4.17,-0.6468534
13.95166,0.01375295,-2.201488,4.19,4.085747
13.96166,0.01804245,7.634771,4.18,-0.3115301
13.97166,0.01626094,-4.668773,4.18,-3.014602
13.98166,0.009514198,3.387482,4.18,-0.4596467
13.99165,0.01015856,-5.320558,4.18,2.126683
14.00165,0.01588267,13.19329,4.18,0.6189355
14.01165,0.01683613,-14.76979,4.19,-3.272019
14.02165,0.01457997,9.382179,4.16,-0.261142
14.03165,0.01196752,-8.129058,4.2,2.285696
14.04165,0.01614591,9.894713,4.17,-0.4851218
14.05164,0.01764851,-0.7393961,4.2,-1.180521
14.06164,0.01858192,-0.8526722,4.17,-2.240127
14.07164,0.01418017,1.207584,4.18,2.9739
14.08164,0.01292835,-0.08156688,4.18,0.8778552
14.09164,0.01886703,2.216397,4.18,-1.471291
14.10163,0.01884643,-2.016368,4.17,-2.583029
14.11163,0.01426598,-1.436052,4.16,1.630467
14.12163,0.00877703,0.8224021,4.16,1.792444
14.13163,0.01218345,-2.206296,4.16,-0.8840344
14.14163,0.01255154,5.66511,4.15,-2.892726
14.15163,0.007655487,-14.2281,4.15,1.469033
14.16162,0.003656273,15.01534,4.12,-0.04398013
14.17162,0.003834385,-17.55225,4.15,3.303393
14.18162,0.009601845,13.01328,4.08,-4.708598
14.19162,0.01281855,-17.54723,4.11,1.312753
14.20162,0.01799499,5.936019,4.03,-0.8615054
14.21162,0.01712177,-9.479216,4.05,4.2007
14.22161,0.02609849,2.167602,3.96,-1.414085
14.23161,0.02981515,-7.995492,3.96,-3.438173
14.24161,0.02395926,-2.694475,3.87,-0.1131845
14.25161,0.02318317,3.291748,3.86,1.458366
14.26161,0.02177759,-14.03044,3.81,2.351326
14.27161,0.02215055,14.19574,3.74,-1.722776
14.2816,0.0235286,-28.55827,3.74,-2.105302
14.2916,0.0184637,21.91583,3.64,-1.966286
14.3016,0.0133624,-29.10856,3.68,4.86276
14.3116,0.02202498,26.6981,3.57,-0.5823269
14.3216,0.0218819,-31.44199,3.62,-0.6192278
14.3316,0.02065752,20.13919,3.5,-3.780496
14.34159,0.0150315,-17.51596,3.56,2.736135
14.35159,0.02164672,6.366963,3.47,1.43755
14.36159,0.02247888,19.26154,3.49,-2.273181
14.37159,0.02044324,-34.65743,3.44,0.84824
14.38159,0.01563321,30.84128,3.42,-2.489113
14.39159,0.01600115,-35.52847,3.44,2.695068
14.40158,0.02089538,34.6618,3.38,-1.919611
14.41158,0.02412128,-46.31913,3.41,1.235645
14.42158,0.02272091,48.71494,3.33,0.000134128
14.43158,0.02484625,-55.78142,3.4,1.036291
14.44158,0.02909794,54.64719,3.27,-4.201395
14.45158,0.02486777,-22.29162,3.38,1.180866
14.46157,0.02776037,7.767183,3.25,1.701465
14.47157,0.01993153,-2.648599,3.3,1.275533
14.48157,0.01362601,-18.37675,3.27,-3.199014
14.49157,0.01683927,5.552734,3.28,-0.69165
14.50157,0.01520498,-3.999656,3.27,2.198533
14.51157,0.02082217,-4.211112,3.25,0.3826559
14.52156,0.01722882,3.135673,3.24,-2.847088
14.53156,0.02037897,-6.210433,3.26,0.3406281
14.54156,0.02656498,14.10281,3.23,1.32206
14.55156,0.03153572,-9.73711,3.24,1.766492
14.56156,0.02865107,-8.579059,3.2,-3.895531
14.57156,0.01572809,6.663505,3.2,0.6498116
14.58155,0.02128829,-6.01693,3.2,0.3488351
14.59155,0.0228519,7.835702,3.18,2.862949
14.60155,0.01879905,-13.57381,3.19,-3.544099
14.61155,0.01473483,12.1179,3.17,-0.2744809
14.62155,0.01978724,-9.215569,3.19,-0.235691
14.63155,0.0260934,11.43596,3.16,3.085714
14.64154,0.02859886,-17.62778,3.17,-1.500865
14.65154,0.02536517,17.6565,3.13,-3.281568
14.66154,0.02439191,-25.31992,3.16,0.4565223
14.67154,0.03147936,25.64001,3.09,0.4097468
14.68154,0.0264542,-23.1579,3.15,4.044667
14.69154,0.03084981,10.95202,3.05,-4.063121
14.70153,0.02071866,-4.207001,3.11,-1.44478
14.71153,0.02276055,-7.13307,3.06,-1.959509
14.72153,0.01922219,10.39075,3.06,3.555429
14.73153,0.0167868,-10.50245,3.07,2.3748
14.74153,0.02132636,9.63656,3.04,-2.137708
14.75153,0.02471533,-14.57991,3.05,-4.080591
14.76152,0.01793635,24.85839,3.02,-2.088166
14.77152,0.02195588,-28.12933,3.04,5.729665
14.78152,0.03243947,31.86874,2.98,0.7816676
14.79152,0.02924765,-36.19745,3.01,-2.690305
14.80152,0.02326521,19.12561,2.92,-7.303015
14.81152,0.01868088,-16.58542,2.97,6.52943
14.82151,0.0297356,8.861391,2.89,3.709557
14.83151,0.02918335,-5.326594,2.91,-2.330626
14.84151,0.02295989,-10.54627,2.86,-5.440715
14.85151,0.0217276,4.995583,2.84,-2.274227
14.86151,0.02395745,-4.868176,2.83,7.257103
14.87151,0.03192707,-1.208539,2.77,0.6141323
14.8815,0.02678125,0.2083424,2.76,-3.026144
14.8915,0.02488906,-18.07994,2.71,-2.624289
14.9015,0.02075633,16.542,2.7,-0.6782657
14.9115,0.02370254,-23.11451,2.68,3.909125
14.9215,0.03002326,16.6496,2.62,1.035808
14.9315,0.02815044,-24.64234,2.61,-4.002307
14.94149,0.02045224,12.53433,2.54,-2.215255
14.95149,0.01950711,-13.59309,2.56,3.163809
14.96149,0.0289191,6.428707,2.49,2.321618
14.97149,0.03121267,-6.886834,2.48,-2.55444
14.98149,0.03094858,-9.745255,2.42,-2.994274
14.99149,0.02625116,13.89039,2.4,2.055754
15.00148,0.03134269,-21.59334,2.37,4.498041
15.01148,0.03477775,22.21202,2.3,-2.852421
15.02148,0.03106784,-33.9907,2.3,-3.270483
15.03148,0.02601277,26.25325,2.21,-0.3899939
15.04148,0.02515269,-23.50302,2.26,3.965385
15.05148,0.03393561,-4.067392,2.14,3.047294
15.06147,0.03094137,1.221475,2.13,-6.105299
15.07147,0.02184939,-20.60154,2.1,-1.566034
15.08147,0.01970424,17.64909,2.05,2.125369
15.09147,0.02658352,-21.55469,2.07,5.213024
15.10147,0.03182415,11.788,1.98,-3.407156
15.11147,0.02576733,-18.84981,1.99,-3.721421
15.12146,0.0255032,15.34104,1.92,1.302045
15.13146,0.03102981,-21.3738,1.94,4.345535
15.14146,0.0294097,17.77227,1.85,-4.193
15.15146,0.02856166,-21.47244,1.88,-0.6811638
15.16146,0.02702772,5.594737,1.78,-1.347188
15.17146,0.0281449,-1.199317,1.8,1.629293
15.18145,0.03435553,-12.80795,1.74,-0.5399145
15.19145,0.03046109,11.09724,1.7,-1.841679
15.20145,0.02028627,-17.71455,1.7,1.186436
15.21145,0.02434859,6.17318,1.64,-0.3695205
15.22145,0.02456376,0.3963868,1.64,-1.156657
15.23145,0.02786473,-15.72592,1.61,-1.405627
15.24144,0.02514174,12.77836,1.56,2.228886
15.25144,0.02906325,-18.41517,1.57,1.341974
15.26144,0.03411498,6.270542,1.49,-1.367207
15.27144,0.03043854,-10.80428,1.51,-5.213791
15.28144,0.02802595,4.195118,1.43,3.498838
15.29144,0.02955329,-7.7006,1.45,3.415668
15.30143,0.03007845,3.499918,1.37,-2.365692
15.31143,0.02220264,-5.032913,1.4,-3.108623
15.32143,0.02419356,-9.326012,1.32,0.2583754
15.33143,0.0215828,16.47248,1.35,3.380379
15.34143,0.026786,-26.52092,1.28,0.4478398
15.35143,0.02125168,36.48483,1.28,-4.24724
15.36142,0.02092104,-47.85091,1.3,1.974244
15.37142,0.02915001,46.67474,1.16,-0.7406537
15.38142,0.03066531,-50.10928,1.26,2.730864
15.39142,0.03545085,38.72,1.09,-3.689611
15.40142,0.03183665,-36.76989,1.19,1.220531
15.41142,0.0318022,24.96992,1.04,-0.1416019
15.42141,0.02839054,-28.86807,1.1,1.419446
15.43141,0.02647671,25.18748,0.99,-3.254142
15.44141,0.02710851,-30.14809,1.04,-0.3439127
15.45141,0.02536438,19.16695,0.92,2.039367
15.46141,0.02743854,-19.59062,0.96,2.473937
15.47141,0.02490402,6.952313,0.87,-2.677035
15.4814,0.02924291,-13.33991,0.87,-2.702372
15.4914,0.02689538,3.60761,0.81,1.494794
15.5014,0.0223893,-4.562086,0.79,1.487357
15.5114,0.02986334,4.134062,0.76,-0.5256888
15.5214,0.03189278,-21.49167,0.7,-5.117479
15.53139,0.022646,19.46338,0.67,3.763732
15.54139,0.02507456,-37.09283,0.64,1.518139
15.55139,0.03128757,29.15224,0.57,-1.013149
15.56139,0.03173022,-36.0857,0.59,-4.255465
15.57139,0.02880216,21.99372,0.45,1.933596
15.58139,0.0219657,-22.06775,0.51,1.501281
15.59138,0.02900477,12.8283,0.39,-0.9824951
15.60138,0.02751807,-21.24397,0.4,-2.962811
15.61138,0.02547655,9.472279,0.3,2.253072
15.62138,0.02350823,-16.18957,0.32,0.2201125
15.63138,0.03406184,1.95381,0.22,-0.6351756
15.64138,0.03426278,-4.476907,0.2,-2.520914
15.65137,0.02842919,-11.14882,0.14,1.410241
15.66137,0.02735598,14.91393,0.09,2.125143
15.67137,0.02641402,-20.68481,0.05,-0.9149131
15.68137,0.02540355,13.36718,0,-2.740412
15.69137,0.01346039,-28.96974,-0.02,2.447221
15.70137,0.01733135,23.13389,-0.09,-0.36191
15.71136,0.023915,-19.61758,-0.08,2.386055
15.72136,0.03120159,6.087307,-0.19,-5.058302
15.73136,0.02539686,-18.69695,-0.19,2.303179
15.74136,0.02808051,8.439219,-0.29,-0.2167663
15.75136,0.03419403,-8.305775,-0.29,3.615954
15.76136,0.03768457,-0.09440666,-0.39,-3.153574
15.77135,0.02780136,-10.22327,-0.42,1.558022
15.78135,0.0257032,-3.337034,-0.5,-3.266638
15.79135,0.02185203,2.416302,-0.53,4.420431
15.80135,0.02422814,-13.01184,-0.58,-1.662405
15.81135,0.02774635,3.735411,-0.64,-0.3389573
15.82135,0.02194864,-12.34074,-0.67,-2.255299
15.83134,0.0236784,1.647479,-0.73,1.737266
15.84134,0.02182817,0.01452246,-0.76,1.315293
15.85134,0.02777386,-17.8259,-0.82,-2.867996
15.86134,0.02660394,17.94898,-0.89,0.2485455
15.87134,0.02682277,-27.83967,-0.89,1.723175
15.88134,0.03446647,12.38723,-1,-0.2886941
15.89133,0.03281526,-21.31705,-1,-2.870147
15.90133,0.02662509,15.09096,-1.1,0.4214107
15.91133,0.027426,-21.76494,-1.09,2.840581
15.92133,0.02853912,17.22888,-1.2,-1.669154
15.93133,0.01948623,-39.88624,-1.19,-3.393818
15.94133,0.01681332,36.73347,-1.27,2.159636
15.95132,0.02471447,-36.73419,-1.26,3.703996
15.96132,0.02948245,25.95831,-1.4,-2.96119
15.97132,0.02747854,-34.24694,-1.34,-0.4877935
15.98132,0.03181473,15.13371,-1.51,-2.406796
15.99132,0.02793083,-19.01111,-1.44,4.451912
16.00132,0.03112579,5.050564,-1.59,-2.236279
16.01132,0.02720509,-10.53631,-1.55,-0.1854326
16.02132,0.02467962,-2.279565,-1.68,-0.2440878
16.03132,0.02274785,-5.782371,-1.65,0.8005243
16.04132,0.01812452,1.06635,-1.74,-0.5306079
16.05133,0.02262925,-8.769245,-1.75,-1.026469
16.06133,0.01959088,4.47729,-1.82,1.033505
16.07133,0.02503672,-13.32869,-1.84,1.490104
16.08133,0.02599897,1.827781,-1.92,-2.00835
16.09134,0.02613199,-7.713591,-1.94,-2.506521
16.10134,0.03185835,-0.9755718,-2.01,3.629538
16.11134,0.03118271,-10.08213,-2.04,0.8776672
16.12134,0.03016447,1.155185,-2.11,-0.532673
16.13134,0.03003206,-7.435018,-2.13,-4.566446
16.14135,0.02557058,-0.1562258,-2.2,1.693019
16.15135,0.01830446,-10.88772,-2.21,1.958342
16.16135,0.01952743,10.65114,-2.27,2.184712
16.17135,0.02177418,-16.35166,-2.26,-3.067295
16.18135,0.02203294,10.2168,-2.36,-3.823144
16.19136,0.02011814,-15.84222,-2.31,3.528952
16.20136,0.02715626,6.162302,-2.43,0.5530261
16.21136,0.02867805,-8.587914,-2.37,1.109109
16.22136,0.03438026,-3.073254,-2.5,-5.052749
16.23137,0.03010941,-2.312197,-2.45,1.961154
16.24137,0.02740709,1.682133,-2.55,2.545722
16.25137,0.0306875,6.966599,-2.52,-0.4179541
16.26137,0.0233082,-6.507871,-2.57,-4.268732
16.27137,0.0167201,0.9178059,-2.6,1.957888
16.28138,0.01907778,-2.973679,-2.62,0.3161075
16.29138,0.02061743,2.825145,-2.63,0.8026173
16.30138,0.02071069,-9.684378,-2.65,-3.960195
16.31138,0.01916937,9.433183,-2.66,2.111181
16.32138,0.02238264,-5.644193,-2.66,2.340908
16.33139,0.02957437,2.396525,-2.69,-2.269479
16.34139,0.01897037,-8.012753,-2.69,-2.65406
16.35139,0.01227545,4.899416,-2.7,1.838687
16.36139,0.01613373,2.648514,-2.69,2.54552
16.3714,0.02704403,-7.363781,-2.7,-0.8676174
16.3814,0.02043441,7.0927,-2.74,-5.604589
16.3914,0.01184248,-14.56815,-2.7,3.736929
16.4014,0.01699338,16.71158,-2.74,1.676321
16.4114,0.02354969,-8.587165,-2.69,1.208404
16.42141,0.02179609,-0.8017234,-2.77,-7.149346
16.43141,0.01327188,3.838505,-2.71,2.687816
16.44141,0.02104161,-7.731928,-2.77,2.736095
16.45141,0.02578908,29.34394,-2.74,1.22229
16.46141,0.02380367,-37.04579,-2.73,-3.150279
16.47142,0.0198313,33.31779,-2.83,-3.867223
16.48142,0.0153902,-31.5129,-2.74,4.215248
16.49142,0.02400574,26.7416,-2.85,1.116122
16.50142,0.02232521,-30.43365,-2.79,-0.957489
16.51143,0.02042892,26.62865,-2.89,-3.23452
16.52143,0.0200108,-30.79073,-2.82,2.264803
16.53143,0.02218415,31.85115,-2.93,-0.3030552
16.54143,0.02172254,-36.54013,-2.86,1.067284
16.55143,0.02055257,28.30866,-2.98,-2.472174
16.56144,0.01817128,-23.93391,-2.9,2.424711
16.57144,0.01650741,13.46051,-3.01,-2.374083
16.58144,0.01394075,-9.699622,-2.94,2.307173
16.59144,0.01682246,5.14853,-3.03,-0.8980216
16.60144,0.01278239,-3.598311,-2.99,1.800709
16.61145,0.00753872,-5.938965,-3.05,-3.167274
16.62145,0.008293293,10.41499,-3.03,0.09499531
16.63145,0.0147407,-10.15655,-3.06,0.8315241
16.64145,0.01802915,3.195011,-3.09,1.386261
16.65145,0.01299428,-4.136242,-3.1,-2.232296
16.66146,0.01699224,-5.192785,-3.14,-0.9181324
16.67146,0.02247263,14.27277,-3.17,0.1218762
16.68146,0.02713656,-26.0281,-3.19,2.996462
16.69146,0.02226167,15.15498,-3.27,-3.410913
16.70147,0.01350103,-25.29024,-3.25,-0.003607446
16.71147,0.01525015,15.66754,-3.34,-1.201182
16.72147,0.01489285,-11.32067,-3.31,3.917232
16.73147,0.01449079,6.424953,-3.41,-2.621584
16.74147,0.00862356,-9.918914,-3.39,-0.2637738
16.75148,0.01182122,-16.40886,-3.45,-1.609282
16.76148,0.01717443,9.583056,-3.47,1.708586
16.77148,0.01565516,-13.7928,-3.51,1.996034
16.78148,0.01685921,4.033031,-3.55,-1.558812
16.79148,0.01657631,-4.539371,-3.58,-1.581433
16.80149,0.01966663,-6.41571,-3.63,-1.566929
16.81149,0.01838638,7.794505,-3.67,2.889939
16.82149,0.01953604,-15.29788,-3.69,2.299925
16.83149,0.01970145,5.216743,-3.77,-1.376115
16.8415,0.01267967,-9.264538,-3.76,-5.018497
16.8515,0.01074503,-16.5611,-3.84,-0.2762165
16.8615,0.01221159,19.82776,-3.87,2.360612
16.8715,0.0178213,-30.09099,-3.86,1.576499
16.8815,0.02071283,27.56327,-3.97,-2.010227
16.89151,0.01396325,-36.61679,-3.92,-2.959643
16.90151,0.01211462,23.28205,-4.05,0.7024728
16.91151,0.01299878,-16.85119,-3.98,4.199718
16.92151,0.01973988,1.2804,-4.09,-0.6773174
16.93151,0.01875342,9.808444,-4.09,-1.848433
16.94152,0.01636808,-36.11356,-4.12,-3.588745
16.95152,0.0138425,41.30696,-4.2,2.815693
16.96152,0.01258559,-57.99658,-4.12,5.324458
16.97152,0.01608422,37.88448,-4.28,-2.442916
16.98153,0.01512322,-17.3574,-4.17,0.1278341
16.99153,0.01427216,-10.37179,-4.31,-5.228161
17.00153,0.009755613,22.75302,-4.25,3.65301
17.01153,0.01224847,-33.50037,-4.3,4.247001
17.02153,0.01668772,34.31709,-4.33,-2.509823
17.03154,0.01634075,-28.88584,-4.31,-1.472253
17.04154,0.01514613,9.065487,-4.39,-5.357338
17.05154,0.005485848,10.80447,-4.34,3.028368
17.06154,0.006232037,-13.21115,-4.36,5.532145
17.07154,0.0146975,14.53648,-4.41,-1.191042
17.08155,0.01022487,-15.8745,-4.39,-4.395926
17.09155,0.005477568,0.1390683,-4.44,-3.766992
17.10155,-0.000348277,11.39327,-4.41,5.503648
17.11155,0.008200583,-12.76405,-4.41,5.10679
17.12156,0.01507789,19.55053,-4.45,-3.098059
17.13156,0.007113418,-23.39428,-4.41,-5.415573
17.14156,0.000445599,14.89694,-4.47,-0.4645088
17.15156,-0.001249821,-4.849846,-4.41,5.370932
17.16156,0.01353119,-3.550707,-4.45,4.790584
17.17157,0.01555722,8.35844,-4.44,-4.521631
17.18157,0.008448407,-22.3287,-4.46,-5.681115
17.19157,0.004858561,22.40802,-4.47,1.469743
17.20157,0.01195159,-22.82258,-4.45,5.257798
17.21157,0.01617101,25.02774,-4.5,0.7993672
17.22158,0.009029949,-28.57152,-4.46,-4.849504
17.23158,0.002733937,22.33341,-4.52,-1.914946
17.24158,-0.000271794,-17.03569,-4.45,3.509575
17.25158,0.00429332,3.428114,-4.52,2.917235
17.26159,0.007745177,6.81503,-4.48,-0.4696785
17.27159,0.01180029,-15.07091,-4.49,-5.529659
17.28159,0.009769944,15.77009,-4.52,0.4270786
17.29159,0.008616892,-21.32572,-4.47,3.521622
17.30159,0.01478454,28.02825,-4.52,1.80795
17.3116,0.01564717,-23.88616,-4.46,-2.574885
17.3216,0.01465418,19.52699,-4.54,-4.682277
17.3316,-0.000165158,-15.93778,-4.46,3.685412
17.3416,-0.00187146,10.6104,-4.5,2.348733
17.3516,-0.000836883,12.9337,-4.45,1.352283
17.36161,0.003575375,-19.07213,-4.42,-3.083793
17.37161,0.009728294,19.03263,-4.47,-3.56203
17.38161,0.002322896,-14.29458,-4.39,3.680442
17.39161,0.007604355,8.906705,-4.43,1.89171
17.40162,0.01089078,6.442399,-4.37,-0.05972473
17.41162,0.01491278,-6.308851,-4.37,-4.089075
17.42162,0.01229509,11.09958,-4.37,0.5871108
17.43162,0.002013313,-10.2019,-4.32,3.007911
17.44162,0.000894847,18.63773,-4.33,0.3387304
17.45163,0.000124607,-9.916944,-4.26,-2.563255
17.46163,0.001019381,14.60485,-4.28,-2.06581
17.47163,-0.005495708,-8.420552,-4.21,3.85618
17.48163,-0.006443182,12.91412,-4.21,0.8199051
17.49163,-0.006235355,-3.371645,-4.14,-1.68185
17.50164,-0.000659861,7.103776,-4.13,-2.978498
17.51164,-0.000840241,3.429141,-4.08,2.536792
17.52164,-0.002151374,-1.111992,-4.06,2.161888
17.53164,-0.002709578,9.671828,-4.03,-0.8423325
17.54165,-0.000267305,-2.536309,-3.99,-2.131332
17.55165,0.002605605,11.25316,-3.98,0.7304435
17.56165,0.001566609,-15.06712,-3.94,3.060572
17.57165,-0.000638142,16.90467,-3.94,-1.748865
17.58165,-0.003244571,-10.20055,-3.89,-1.525492
17.59166,-0.004428054,13.81596,-3.89,-1.186652
17.60166,-0.005617031,-12.4525,-3.85,3.031887
17.61166,-0.008768453,18.61187,-3.85,-0.4603835
17.62166,-0.009798319,-11.37058,-3.8,-0.3343313
17.63166,-0.009067602,17.64037,-3.8,-1.104517
17.64167,-0.003682638,-16.17979,-3.76,0.8489099
17.65167,-0.002994396,13.06597,-3.78,-0.1084981
17.66167,-0.003602669,-10.83631,-3.73,-0.007504349
17.67167,-0.002111322,13.35315,-3.75,0.2431785
17.68167,-0.001013571,-10.14903,-3.71,0.4482746
17.69168,-0.002923133,11.0449,-3.74,-1.109821
17.70168,-0.005714139,-9.653638,-3.7,0.171038
17.71168,-0.006691455,8.315315,-3.73,-0.01351455
17.72168,-0.005058093,-4.780459,-3.69,1.401975
17.73169,-0.00534746,5.004515,-3.72,-1.718726
17.74169,-0.007930743,-5.028283,-3.7,-0.4310891
17.75169,-0.008554591,1.315978,-3.71,0.8008307
17.76169,-0.007463626,11.67461,-3.7,1.627342
17.77169,-0.005899194,-12.16311,-3.7,-0.01011922
17.7817,-0.006000315,8.650499,-3.71,-2.974416
17.7917,-0.007363402,-10.34925,-3.71,0.262006
17.8017,-0.007820784,10.98855,-3.72,1.262993
17.8117,-0.006833427,-9.808,-3.71,1.948128
17.8217,-0.002717781,9.782294,-3.74,-1.673774
17.83171,-0.003866344,-8.076045,-3.73,-1.825535
17.84171,-0.007141902,3.118791,-3.76,0.8889101
17.85171,-0.009026964,-1.232716,-3.75,1.841549
17.86171,-0.006149039,0.3466796,-3.77,0.5031805
17.87172,-0.002349904,0.05909393,-3.78,-2.4477
17.88172,-0.005944033,-4.090236,-3.8,-0.4868857
17.89172,-0.009744004,-2.879017,-3.81,1.197291
17.90172,-0.01128818,3.253093,-3.82,1.601813
17.91172,-0.005672131,-2.950388,-3.82,-1.64929
17.92173,-0.005761994,1.096743,-3.85,-1.376553
17.93173,-0.01008053,-9.930684,-3.85,0.098051
17.94173,-0.01445379,9.940056,-3.87,2.303804
17.95173,-0.007938019,-8.389861,-3.85,1.080869
17.96173,-0.000762418,9.503958,-3.9,-1.491352
17.97174,-0.004326784,-15.15298,-3.89,-2.225182
17.98174,-0.01360871,7.722546,-3.93,-0.799518
17.99174,-0.01313347,-3.27981,-3.9,3.839464
18.00174,-0.005291034,4.328726,-3.94,-0.781937
18.01175,-0.007249234,-9.954762,-3.94,-4.840737
18.02175,-0.01501729,0.5199968,-3.97,0.3702418
18.03175,-0.01445498,1.579192,-3.96,5.467096
18.04175,-0.004558519,-3.138849,-3.98,2.01185
18.05175,-0.00143805,0.5225115,-4,-5.415692
18.06176,-0.006631484,-6.643743,-4.01,-3.469274
18.07176,-0.01411706,0.9085041,-4.03,5.160875
18.08176,-0.01106382,0.7335492,-4.03,4.750231
18.09176,-0.003328857,-1.206481,-4.05,-4.024348
18.10176,-0.007064579,-2.850246,-4.07,-5.707504
18.11177,-0.01389305,-2.677692,-4.09,3.654861
18.12177,-0.01560906,3.715726,-4.09,5.210882
18.13177,-0.009365578,-4.491916,-4.1,-1.542623
18.14177,-0.009764609,5.760396,-4.12,-4.115003
18.15178,-0.01367541,-13.28235,-4.12,0.293238
18.16178,-0.01590276,16.31409,-4.16,1.817155
18.17178,-0.01719705,-13.36602,-4.11,3.739802
18.18178,-0.007280769,16.05451,-4.17,-3.326802
18.19178,-0.01004733,-20.41147,-4.13,-2.502001
18.20179,-0.01633905,12.44452,-4.2,0.5225155
18.21179,-0.01769144,-10.124,-4.14,4.797693
18.22179,-0.008057384,11.82759,-4.2,-2.475837
18.23179,-0.01058862,-12.4532,-4.17,-1.917436
18.24179,-0.0163062,3.320216,-4.22,0.3243062
18.2518,-0.01940677,-1.175304,-4.19,4.013744
18.2618,-0.01685441,-13.57916,-4.21,-0.4379416
18.2718,-0.01609403,14.45264,-4.21,-1.659604
18.2818,-0.01757169,-19.18304,-4.21,-0.295629
18.29181,-0.01719508,20.81505,-4.22,1.781321
18.30181,-0.01671712,-19.00424,-4.21,1.563061
18.31181,-0.01734934,12.10919,-4.24,-1.987357
18.32181,-0.01879806,-9.914597,-4.21,1.42823
18.33181,-0.01238661,12.38147,-4.24,0.0282595
18.34182,-0.01208947,-9.236158,-4.23,0.7362606
18.35182,-0.01346502,-2.375662,-4.26,-2.145988
18.36182,-0.01768949,5.55798,-4.25,1.773731
18.37182,-0.01677939,-5.508367,-4.25,1.713389
18.38182,-0.01211689,5.192664,-4.28,-2.153247
18.39183,-0.01577815,-11.94637,-4.27,-2.103184
18.40183,-0.01971585,10.51475,-4.3,2.016039
18.41183,-0.01769336,-6.063744,-4.27,4.848532
18.42183,-0.01148031,11.98859,-4.31,-2.936375
18.43184,-0.01541125,-16.6111,-4.29,-4.260239
18.44184,-0.01816761,14.33097,-4.34,0.7858642
18.45184,-0.0180123,-9.929679,-4.3,6.783665
18.46184,-0.01232007,-1.044788,-4.35,-1.194097
18.47184,-0.01558033,-1.391387,-4.33,-5.12812
18.48185,-0.01848878,-6.547951,-4.36,-3.43628
18.49185,-0.01710931,11.42881,-4.34,8.364461
18.50185,-0.01152273,-12.17103,-4.36,1.328098
18.51185,-0.01302713,9.904379,-4.38,-5.599282
18.52185,-0.02046173,-14.43315,-4.38,-2.773729
18.53186,-0.01937689,12.35453,-4.39,5.007611
18.54186,-0.02045826,-3.879544,-4.37,3.950405
18.55186,-0.0161175,-0.4284083,-4.4,-3.431253
18.56186,-0.02054201,3.336663,-4.4,-4.037754
18.57187,-0.02182048,-6.96007,-4.39,0.6265104
18.58187,-0.02022479,5.384709,-4.41,5.395506
18.59187,-0.02345737,-4.383996,-4.39,-0.06412606
18.60187,-0.01840508,2.226181,-4.41,-3.951367
18.61187,-0.0134594,-0.0796478,-4.4,-1.710773
18.62188,-0.01251375,-6.818391,-4.42,3.321343
18.63188,-0.01746917,6.332583,-4.43,2.181435
18.64188,-0.01513011,-7.109649,-4.42,-1.537703
18.65188,-0.01314085,5.447949,-4.45,-2.541498
18.66188,-0.01914863,-7.986225,-4.44,-0.6797804
18.67189,-0.02259616,-1.197327,-4.45,0.704944
18.68189,-0.02552482,4.553706,-4.45,2.63986
18.69189,-0.02032846,-4.695549,-4.44,-0.7592078
18.70189,-0.01789373,8.812539,-4.46,-1.341079
18.71189,-0.02262465,-17.04518,-4.44,-2.613514
18.7219,-0.02300769,17.19265,-4.47,2.319535
18.7319,-0.01813166,-14.30857,-4.43,2.189247
18.7419,-0.01414596,15.61327,-4.48,-2.287016
18.7519,-0.01830745,-5.029061,-4.44,-1.351595
18.76191,-0.01809619,-0.1096906,-4.48,-1.723565
18.77191,-0.02076649,1.95512,-4.46,3.150532
18.78191,-0.02251688,-5.424312,-4.47,-0.6524887
18.79191,-0.0221481,8.452019,-4.47,0.2877434
18.80191,-0.01845398,-12.26788,-4.46,-2.057909
18.81192,-0.01872774,14.1148,-4.49,1.365331
18.82192,-0.02399269,-18.40725,-4.45,0.9206775
18.83192,-0.02420497,19.30071,-4.49,1.369998
18.84192,-0.02238563,-17.05923,-4.44,-1.03906
18.85192,-0.02097159,7.819816,-4.49,-1.662693
18.86193,-0.027638,-4.233207,-4.45,-0.7156151
18.87193,-0.02980125,2.924777,-4.46,3.099944
18.88193,-0.02282895,3.54458,-4.44,1.34323
18.89193,-0.02014755,-2.306679,-4.44,-1.167722
18.90194,-0.02201188,-1.653671,-4.44,-3.901921
18.91194,-0.02489951,1.076669,-4.43,2.833591
18.92194,-0.02015389,4.144808,-4.43,2.951749
18.93194,-0.01658769,-2.766836,-4.43,1.178599
18.94194,-0.01650802,-1.199308,-4.44,-4.546926
18.95195,-0.0260019,0.1304235,-4.43,-0.9840872
18.96195,-0.02857337,-12.6092,-4.42,5.129995
18.97195,-0.02828076,19.93706,-4.42,0.7017841
18.98195,-0.02512965,-14.91667,-4.4,-1.404101
18.99195,-0.02784075,11.12354,-4.41,-2.994594
19.00196,-0.03014845,-11.86879,-4.39,2.729291
19.01196,-0.02944724,7.875436,-4.39,0.02806209
19.02196,-0.02470393,3.284506,-4.37,0.2896676
19.03196,-0.02030506,-11.52698,-4.37,-1.814504
19.04197,-0.02238785,16.67874,-4.38,0.2363728
19.05197,-0.02350231,-11.81571,-4.35,1.244197
19.06197,-0.02232918,7.512015,-4.38,-0.6845652
19.07197,-0.02511784,0.6283592,-4.35,-0.1796427
19.08197,-0.0235001,-3.972794,-4.36,1.246302
19.09198,-0.02287798,7.784369,-4.36,-1.095896
19.10198,-0.02824867,-8.732889,-4.34,-0.6130134
19.11198,-0.02995177,3.474386,-4.35,-0.5869927
19.12198,-0.02928041,6.466139,-4.33,4.340172
19.13198,-0.02364095,-10.19719,-4.32,-0.6510531
19.14199,-0.03059319,15.20676,-4.34,-4.672365
19.15199,-0.03481641,-18.56769,-4.28,1.71883
19.16199,-0.02445322,29.19546,-4.33,4.590387
19.17199,-0.01946168,-31.15745,-4.26,-0.2608766
19.182,-0.02226882,31.37751,-4.35,-5.519812
19.192,-0.02901133,-28.26448,-4.24,2.005961
19.202,-0.02325009,28.54658,-4.33,3.566454
19.212,-0.01959989,-23.16645,-4.24,2.416028
19.222,-0.0238651,15.85386,-4.32,-5.952131
19.23201,-0.03688078,-12.77952,-4.24,-2.436928
19.24201,-0.03681435,17.57047,-4.28,5.928365
19.25201,-0.02613252,13.13511,-4.22,5.658105
19.26201,-0.02948625,-10.07297,-4.22,-2.386959
19.27201,-0.0320498,11.43848,-4.24,-4.184092
19.28202,-0.0351278,-6.850454,-4.2,0.5757297
19.29202,-0.03181818,4.641672,-4.2,4.745446
19.30202,-0.03347107,9.349081,-4.17,-0.9690214
19.31202,-0.02739574,-11.99107,-4.15,-1.364133
19.32203,-0.02581398,18.66861,-4.18,-1.286852
19.33203,-0.0291119,-17.52378,-4.12,2.680529
19.34203,-0.03078634,17.75107,-4.16,0.6656409
19.35203,-0.03391743,-9.352495,-4.09,-0.5457864
19.36203,-0.03013907,-1.247273,-4.13,-1.70217
19.37204,-0.02833155,3.428882,-4.08,1.258162
19.38204,-0.03495509,-0.4635905,-4.1,-1.10554
19.39204,-0.03340211,0.3094098,-4.06,2.164745
19.40204,-0.03427871,15.49042,-4.06,1.238719
19.41204,-0.03020152,-23.45365,-4.03,0.3083426
19.42205,-0.03564407,32.60381,-4.05,-3.753066
19.43205,-0.03590503,-34.48668,-3.98,1.621329
19.44205,-0.03074418,42.36604,-4.04,2.289311
19.45205,-0.03081565,-14.8062,-3.94,2.533381
19.46206,-0.03032023,4.582727,-4,-2.952842
19.47206,-0.03403929,3.875034,-3.95,-4.088474
19.48206,-0.04059104,-3.684068,-3.94,3.020757
19.49206,-0.02991821,12.65173,-3.94,3.007875
19.50206,-0.03262172,-8.63805,-3.9,-0.5366742
19.51207,-0.02707395,6.757913,-3.93,-3.38392
19.52207,-0.0352465,-0.38622,-3.88,0.1508025
19.53207,-0.03341015,-2.301293,-3.89,2.389481
19.54207,-0.03018622,8.431955,-3.88,0.4070416
19.55207,-0.02998838,-12.09457,-3.86,-1.2018
19.56208,-0.03118113,31.61343,-3.87,-0.7478225
19.57208,-0.03799207,-24.37529,-3.82,-0.1720345
19.58208,-0.03648273,18.59287,-3.85,3.120603
19.59208,-0.04226397,-1.980552,-3.78,-1.647859
19.60209,-0.03658192,-2.978884,-3.8,0.1593881
19.61209,-0.03893856,14.5382,-3.77,-3.073928
19.62209,-0.03866615,-19.766,-3.74,2.737548
19.63209,-0.03568408,24.36536,-3.76,-1.059762
19.64209,-0.03217814,-17.54792,-3.69,3.002586
19.6521,-0.03091801,2.983691,-3.74,-1.268262
19.6621,-0.03504817,6.347303,-3.68,0.5164825
19.6721,-0.03485055,-9.578232,-3.67,-2.889293
19.6821,-0.03665321,15.44904,-3.67,3.04235
19.6921,-0.03744889,-6.482717,-3.62,0.4096139
19.70211,-0.03369422,7.55325,-3.64,2.282386
19.71211,-0.03820029,0.0803818,-3.6,-4.626644
19.72211,-0.04111686,-6.15581,-3.59,-1.119917
19.73211,-0.04461601,6.928205,-3.58,1.740293
19.74212,-0.03980402,0.9739493,-3.54,3.464222
19.75212,-0.03346974,8.058428,-3.53,-1.897875
19.76212,-0.03088487,-19.68641,-3.51,-1.51222
19.77212,-0.0432146,17.15179,-3.51,-3.314975
19.78212,-0.04217568,-9.26762,-3.46,8.322106
19.79213,-0.03007333,15.98296,-3.46,-0.8902265
19.80213,-0.03509393,-8.022592,-3.44,-3.468914
19.81213,-0.03922711,3.77008,-3.43,-2.10213
19.82213,-0.03988638,9.838889,-3.4,3.532796
19.83213,-0.03777437,-13.18038,-3.37,3.022753
19.84214,-0.03743013,24.84904,-3.39,-3.433158
19.85214,-0.03970115,-14.02566,-3.32,-0.09415428
19.86214,-0.03990421,16.55271,-3.35,-0.7449153
19.87214,-0.04068489,-15.38805,-3.28,1.885782
19.88214,-0.04169361,21.45687,-3.31,0.2522487
19.89215,-0.03912367,-10.24324,-3.23,1.316442
19.90215,-0.03952402,10.54392,-3.26,-0.5926812
19.91215,-0.03688756,-10.36552,-3.21,-2.306504
19.92215,-0.04393987,13.79785,-3.22,-1.495486
19.93216,-0.04292983,-12.51941,-3.15,4.724337
19.94216,-0.03881658,32.05958,-3.18,-1.273894
19.95216,-0.03641707,-37.8587,-3.1,-0.6150429
19.96216,-0.04596082,37.55019,-3.18,-5.38277
19.97216,-0.05118439,-33.77363,-3.03,2.925175
19.98217,-0.04421348,35.7304,-3.11,1.503021
19.99217,-0.03555221,-17.93796,-3,0.9177679
20.00217,-0.03752166,13.56577,-3.05,-2.964376
20.01217,-0.03968741,-4.733843,-3,0.5676696
20.02217,-0.04330157,2.248812,-2.98,2.336792
20.03218,-0.04343595,7.945364,-2.97,-0.7691112
20.04218,-0.04264134,-8.396379,-2.91,0.6006495
20.05218,-0.04168857,6.210437,-2.94,-0.9721406
20.06218,-0.04233945,-3.970793,-2.88,0.1774725
20.07219,-0.04360781,5.645609,-2.88,-1.724205
20.08219,-0.04422627,-5.62373,-2.83,1.494909
20.09219,-0.04413988,9.8853,-2.83,1.586697
20.10219,-0.03110174,-2.014132,-2.79,0.7572621
20.11219,-0.03453718,0.805504,-2.8,-3.788874
20.1222,-0.03997765,2.45645,-2.77,1.449522
20.1322,-0.04830207,13.60679,-2.75,-0.9580102
20.1422,-0.04217668,-20.36397,-2.71,2.356282
20.1522,-0.04987362,32.9313,-2.74,-1.182356
20.1622,-0.04441263,-24.72971,-2.64,3.97513
20.17221,-0.04238333,11.00607,-2.69,-1.938648
20.18221,-0.05073716,1.350706,-2.62,-4.418957
20.19221,-0.05553446,-8.220758,-2.59,2.650002
20.20221,-0.04854947,25.49674,-2.58,4.486176
20.21222,-0.03920068,-19.51764,-2.52,2.373152
20.22222,-0.03978863,25.37783,-2.57,-6.396125
20.23222,-0.04954145,-22.63548,-2.46,-0.7178501
20.24222,-0.04499266,17.56422,-2.51,1.593901
20.25222,-0.04148571,0.7253507,-2.42,6.100054
20.26223,-0.03878405,6.507923,-2.44,-1.618446
20.27223,-0.03916487,-4.821225,-2.41,-2.233175
20.28223,-0.04512252,12.71381,-2.41,0.05689291
20.29223,-0.04437486,-15.75318,-2.36,1.292267
20.30223,-0.05729394,23.55028,-2.37,-3.89531
20.31224,-0.05520456,-20.21854,-2.28,3.89183
20.32224,-0.05013072,29.56011,-2.31,1.121276
20.33224,-0.04389775,-9.664977,-2.23,-1.513857
20.34224,-0.04906056,-4.706738,-2.25,-3.20007
20.35225,-0.05231918,16.26077,-2.22,1.005548
20.36225,-0.04901021,-4.552925,-2.15,4.132581
20.37225,-0.04109155,10.02437,-2.16,-0.3365652
20.38225,-0.04149748,2.334198,-2.11,-0.3464527
20.39225,-0.04219871,-7.017716,-2.11,-1.126805
20.40226,-0.04281136,11.57495,-2.09,0.1928177
20.41226,-0.0496194,-6.194993,-2.05,-0.3723916
20.42226,-0.04714248,-2.316058,-2.04,1.497493
20.43226,-0.05622381,20.2863,-2.01,1.936084
20.44226,-0.04814642,-11.40252,-1.95,1.532176
20.45227,-0.04662856,13.66271,-1.98,-3.038497
20.46227,-0.04783399,-7.52284,-1.91,-1.000484
20.47227,-0.04875372,0.9578156,-1.91,0.008484985
20.48227,-0.05029505,20.90967,-1.87,2.565776
20.49228,-0.0404004,-25.05182,-1.82,-2.67337
20.50228,-0.04343033,39.6502,-1.87,0.2380511
20.51228,-0.04407734,-45.77209,-1.75,-1.101902
20.52228,-0.04583453,39.826,-1.85,2.525111
20.53228,-0.05201403,-23.94522,-1.7,2.110154
20.54229,-0.04376554,15.41181,-1.77,1.260083
20.55229,-0.04445253,17.35198,-1.7,-2.882537
20.56229,-0.04652727,-24.18221,-1.67,-2.92261
20.57229,-0.04576132,17.33345,-1.71,1.310712
20.58229,-0.05378384,-12.89105,-1.6,0.1216453
20.5923,-0.05922001,27.97022,-1.65,0.8016619
20.6023,-0.05418684,-22.83265,-1.53,1.332112
20.6123,-0.04893666,33.18734,-1.58,-0.2970269
20.6223,-0.03981003,-28.52224,-1.5,-2.009728
20.63231,-0.04734861,15.89116,-1.53,-2.056463
20.64231,-0.05143377,-13.215,-1.46,2.381434
20.65231,-0.0427991,12.62943,-1.46,3.272277
20.66231,-0.03799921,-3.281896,-1.42,-0.330875
20.67231,-0.04533485,11.99273,-1.41,1.202943
20.68232,-0.0424353,-3.235346,-1.38,-2.036008
20.69232,-0.0428873,-6.803957,-1.37,-1.06186
20.70232,-0.05556346,16.49723,-1.36,-1.242227
20.71232,-0.05450729,3.780232,-1.28,5.41681
20.72232,-0.04535063,-7.100492,-1.28,2.697699
20.73233,-0.03744615,15.78269,-1.29,-7.094359
20.74233,-0.05234706,-14.8264,-1.22,0.6183327
20.75233,-0.05121339,17.89301,-1.24,1.577539
20.76233,-0.04041159,6.184576,-1.17,5.061906
20.77234,-0.0417498,-11.86635,-1.2,-2.222002
20.78234,-0.03953891,14.47375,-1.15,1.805728
20.79234,-0.04535795,6.328963,-1.12,-0.4114354
20.80234,-0.0299312,-14.55049,-1.14,-1.893218
20.81234,-0.05081008,10.89303,-1.09,-0.4766608
20.82235,-0.05221643,-1.713459,-1.08,2.937197
20.83235,-0.04777827,6.455846,-1.02,3.394121
20.84235,-0.04687235,9.66849,-1.05,-4.104506
20.85235,-0.04892514,2.870867,-0.96,-0.385442
20.86235,-0.05171535,-7.515766,-0.97,-0.6306384
20.87236,-0.04526962,-5.51317,-0.94,0.09735213
20.88236,-0.04368351,23.56837,-0.93,-0.3608396
20.89236,-0.04100308,-30.98554,-0.86,2.735379
20.90236,-0.04115387,27.38304,-0.91,3.331488
20.91236,-0.03399784,-8.489749,-0.81,-2.009303
20.92237,-0.04401945,-2.78008,-0.84,-2.757685
20.93237,-0.0505179,16.47987,-0.81,0.6045658
20.94237,-0.0498333,-11.68555,-0.76,2.946118
20.95237,-0.04563707,14.50973,-0.77,2.271823
20.96238,-0.04328141,6.83202,-0.71,-2.171586
20.97238,-0.04132604,-17.05548,-0.7,-1.103794
20.98238,-0.04422846,21.65345,-0.71,-2.755206
20.99238,-0.05086821,-8.493046,-0.61,1.249145
21.00238,-0.04313547,11.85983,-0.65,3.318859
21.01239,-0.03529338,-4.608199,-0.57,1.639058
21.02239,-0.03957075,1.043327,-0.6,-2.352913
21.03239,-0.03899855,15.03342,-0.56,-2.836639
21.04239,-0.051298,-14.00004,-0.51,1.010561
21.05239,-0.04608976,-14.12245,-0.54,-0.4680374
21.0624,-0.04475717,45.34086,-0.5,1.878977
21.0724,-0.04179015,-29.89001,-0.43,2.355137
21.0824,-0.03914092,30.94929,-0.45,-1.195972
21.0924,-0.0432291,-9.616879,-0.39,-0.7384734
21.10241,-0.03995869,-11.45443,-0.4,-2.178572
21.11241,-0.0465163,28.818,-0.37,2.190832
21.12241,-0.04047223,-26.54761,-0.3,-0.2165516
21.13241,-0.04470272,27.75854,-0.34,2.274871
21.14241,-0.03935332,-18.40686,-0.26,-1.996431
21.15242,-0.03776021,14.32329,-0.28,-0.1949155
21.16242,-0.04156737,-8.188988,-0.22,-2.600116
21.17242,-0.05022328,4.435823,-0.21,1.832977
21.18242,-0.04448235,-2.99659,-0.17,2.960115
21.19242,-0.03352934,20.14401,-0.16,-0.04261405
21.20243,-0.03258205,-10.75587,-0.12,-4.3074
21.21243,-0.03487564,3.518553,-0.13,0.3036231
21.22243,-0.04377906,0.3717582,-0.09,3.291065
21.23243,-0.04529686,4.18604,-0.07,0.1667182
21.24244,-0.05005918,3.337095,-0.03,-0.54454
21.25244,-0.04911458,3.743097,0,0.1606257
21.26244,-0.04188199,22.70688,0.03,2.471949
21.27244,-0.03971291,-16.50944,0.05,-1.261829
21.28244,-0.03778914,10.33141,0.07,-2.348821
21.29245,-0.04324953,6.516199,0.11,-0.7690372
21.30245,-0.0297053,-24.69253,0.13,4.845851
21.31245,-0.03437069,49.24088,0.13,-2.408816
21.32245,-0.03026867,-46.87519,0.2,0.9340988
21.33245,-0.03620384,40.75796,0.14,-2.839296
21.34246,-0.04458145,-16.85434,0.25,0.8594381
21.35246,-0.04926143,-3.125368,0.24,1.069518
21.36246,-0.05646122,31.86456,0.28,3.006999
21.37246,-0.03887691,-32.59668,0.37,1.235599
21.38247,-0.04154263,36.81167,0.3,-4.882975
21.39247,-0.04805914,-25.67763,0.44,0.1786884
21.40247,-0.03113924,28.5016,0.38,3.068733
21.41247,-0.02429954,-14.41683,0.47,3.735242
21.42247,-0.03332227,14.87992,0.43,-4.625226
21.43248,-0.03883842,3.797569,0.51,-0.3073535
21.44248,-0.03257021,-12.29836,0.52,-0.2620699
21.45248,-0.04659339,20.02557,0.53,1.343149
21.46248,-0.04982205,-5.251239,0.61,-0.8959026
21.47248,-0.05498303,14.99604,0.62,1.910833
21.48249,-0.04524115,-8.705069,0.68,-0.9813521
21.49249,-0.04426628,9.918764,0.69,1.943726
21.50249,-0.04617421,4.344581,0.75,-2.469545
21.51249,-0.04243675,-12.62055,0.79,-0.621592
21.5225,-0.04327986,25.47856,0.79,2.725289
21.5325,-0.03413485,-6.250808,0.88,2.356675
21.5425,-0.03040644,15.23346,0.86,-1.06636
21.5525,-0.02609959,-17.46945,0.91,-2.364645
21.5625,-0.04506414,24.74228,0.9,-2.685354
21.57251,-0.04879249,-9.336149,0.98,6.656349
21.58251,-0.04201426,15.62654,1,-0.2154074
21.59251,-0.04351963,-4.112943,1.02,-3.4428
21.60251,-0.04759677,5.48759,1.08,-2.27125
21.61251,-0.05285582,5.752737,1.11,2.584497
21.62252,-0.03868791,-16.78019,1.15,2.104071
21.63252,-0.04450021,25.34103,1.16,-0.6610575
21.64252,-0.03848464,-13.86389,1.23,-1.392428
21.65252,-0.03268258,17.8371,1.23,-1.000812
21.66253,-0.0328017,-23.55453,1.29,-0.4373905
21.67253,-0.0447018,27.00175,1.27,-2.593852
21.68253,-0.04621142,-19.98686,1.36,4.833727
21.69253,-0.04085132,17.02361,1.35,-0.5538723
21.70253,-0.04355408,6.204556,1.41,-1.519777
21.71254,-0.04274919,-7.340986,1.43,-1.157341
21.72254,-0.04787013,20.34866,1.46,3.41665
21.73254,-0.04379332,-20.10105,1.51,0.4676423
21.74254,-0.04459509,27.85434,1.52,-1.460387
21.75254,-0.04018889,-18.98529,1.58,0.1151999
21.76255,-0.03398861,16.20149,1.56,1.043178
21.77255,-0.03053191,-1.050315,1.63,-0.6201847
21.78255,-0.03114215,-6.454937,1.63,-1.824885
21.79255,-0.0327305,13.15512,1.64,1.572119
21.80256,-0.0356477,-6.151867,1.7,5.134576
21.81256,-0.03279072,12.40705,1.67,-3.63338
21.82256,-0.04598384,-10.78784,1.74,-2.15958
21.83256,-0.0436268,14.69053,1.72,-0.2042042
21.84256,-0.04406263,-5.175488,1.8,5.550115
21.85257,-0.03988406,10.14638,1.78,-0.1213794
21.86257,-0.04329593,-0.7974452,1.85,-3.166389
21.87257,-0.04976919,8.042727,1.86,0.1745096
21.88257,-0.03920663,-6.580418,1.9,-1.875851
21.89257,-0.04117886,7.118828,1.93,2.413249
21.90258,-0.0319742,2.31883,1.94,0.6388347
21.91258,-0.02219581,3.172282,1.99,0.8420402
21.92258,-0.02377569,-10.45439,1.95,-2.97565
21.93258,-0.03341529,17.89593,2.02,-1.601791
21.94258,-0.03303425,-21.82237,2.01,3.125671
21.95259,-0.02926398,19.55694,2.03,4.966725
21.96259,-0.03194845,-2.991731,2.08,-2.661239
21.97259,-0.03834394,0.542653,2.07,-3.257948
21.98259,-0.04462215,10.85066,2.1,-1.36511
21.9926,-0.03961753,-9.844871,2.14,6.407513
22.0026,-0.03769128,13.94788,2.14,-0.4980077
22.0126,-0.04254574,-5.114319,2.21,-1.649713
22.0226,-0.03596167,10.68437,2.2,-1.451623
22.0326,-0.03294757,-3.689752,2.26,2.137299
22.04261,-0.03770058,0.1836886,2.26,-0.9630996
22.05261,-0.03889566,13.62145,2.3,1.457183
22.06261,-0.03328406,-15.95921,2.35,0.09729088
22.07261,-0.02994037,19.82238,2.33,-0.8735626
22.08261,-0.03613516,-17.17632,2.4,-1.2286
22.09262,-0.03495243,15.16526,2.38,-0.7808825
22.10262,-0.03568543,-5.934262,2.46,3.119333
22.11262,-0.0315097,12.19607,2.44,-0.9108591
22.12262,-0.03133415,-12.51979,2.5,-0.181745
22.13263,-0.03179762,12.47641,2.48,-2.601644
22.14263,-0.02913683,-9.945481,2.55,1.242234
22.15263,-0.02924134,5.719829,2.52,2.984077
22.16263,-0.02726658,-5.873291,2.57,1.730745
22.17263,-0.02921257,14.21095,2.57,-2.468711
22.18264,-0.02892076,-12.69477,2.62,-0.08828349
22.19264,-0.03422518,18.38528,2.6,-0.8954134
22.20264,-0.03755462,-15.46289,2.68,4.198249
22.21264,-0.03225566,21.21809,2.65,-2.687098
22.22264,-0.0279563,-14.0316,2.73,0.9242047
22.23265,-0.02857397,12.94948,2.69,-3.790534
22.24265,-0.02995757,-7.325673,2.76,3.636119
22.25265,-0.02991624,14.7034,2.75,1.955103
22.26265,-0.02528073,-14.51044,2.8,-1.029694
22.27266,-0.03125846,27.47593,2.78,-3.371172
22.28266,-0.03053694,-26.85101,2.86,1.076016
22.29266,-0.03490223,36.45339,2.82,2.213238
22.30266,-0.03387995,-34.95731,2.93,2.42123
22.31266,-0.03126357,36.08216,2.86,-4.726598
22.32267,-0.03731774,-20.93758,2.99,0.8395838
22.33267,-0.03760773,17.26019,2.93,-0.7296687
22.34267,-0.02824985,-6.695167,3.03,4.266013
22.35267,-0.02993676,4.87612,3,-1.274363
22.36267,-0.0222272,-2.713132,3.05,1.237687
22.37268,-0.02191951,15.84845,3.06,-0.6006573
22.38268,-0.01926019,-21.62554,3.1,-1.99216
22.39268,-0.03004448,24.59053,3.07,0.3266935
22.40268,-0.0313183,-19.23201,3.16,3.243752
22.41269,-0.02694999,27.57031,3.11,-0.3488498
22.42269,-0.02776624,-25.08436,3.2,-3.013355
22.43269,-0.03301389,20.92315,3.15,-2.138891
22.44269,-0.03514231,-10.60313,3.25,5.092189
22.45269,-0.02498856,17.9944,3.22,1.176823
22.4627,-0.01780609,-9.354579,3.28,-2.509856
22.4727,-0.02669055,4.373902,3.25,-4.258777
22.4827,-0.02664036,2.840632,3.31,3.577648
22.4927,-0.02368793,0.5105756,3.31,4.46296
22.5027,-0.02313838,3.700035,3.33,-4.207551
22.51271,-0.02756165,-1.074989,3.35,-1.742947
22.52271,-0.02773065,3.530276,3.37,0.6192957
22.53271,-0.02916538,3.173626,3.4,5.857655
22.54271,-0.0234451,-5.025187,3.41,-2.563222
22.55272,-0.02660135,7.696821,3.43,-6.002347
22.56272,-0.02477417,-0.692144,3.47,1.108139
22.57272,-0.017739,1.289841,3.47,3.461206
22.58272,-0.02225523,6.464466,3.49,3.287283
22.59272,-0.0243045,-4.130523,3.51,-4.483493
22.60273,-0.02221406,7.130644,3.51,-1.76276
22.61273,-0.02507456,2.17288,3.55,2.21563
22.62273,-0.01719353,-5.589826,3.55,2.008217
22.63273,-0.02342278,19.04315,3.57,-1.931582
22.64273,-0.02546681,-19.47239,3.62,-1.40579
22.65274,-0.0219845,22.7818,3.58,1.820065
22.66274,-0.02300635,-14.60791,3.67,1.685092
22.67274,-0.01964992,10.23419,3.62,-1.585775
22.68274,-0.02354771,-1.073211,3.69,-0.6164482
22.69275,-0.0158926,-1.227988,3.67,2.063555
22.70275,-0.01309724,10.58651,3.7,1.622894
22.71275,-0.01814429,-12.09259,3.7,-2.650157
22.72275,-0.02386658,12.05766,3.72,-0.9867113
22.73275,-0.02219575,-1.841194,3.75,3.307035
22.74276,-0.01624321,8.880975,3.75,1.578682
22.75276,-0.02187336,-9.773129,3.77,-3.313228
22.76276,-0.02935387,7.387285,3.78,-3.125392
22.77276,-0.03068959,1.985124,3.83,4.231419
22.78276,-0.02159334,6.086905,3.84,3.795252
22.79277,-0.0163168,-5.481584,3.86,-3.239927
22.80277,-0.02243286,7.017851,3.87,-5.024161
22.81277,-0.02233059,-6.704327,3.91,3.517583
22.82277,-0.0138148,21.04989,3.9,4.668249
22.83278,-0.009732364,-26.9489,3.95,-2.828144
22.84278,-0.01513824,26.75055,3.9,-4.939874
22.85278,-0.02314799,-7.866654,4,1.56804
22.86278,-0.01938529,-8.801224,3.97,4.182718
22.87278,-0.01558609,22.25176,3.97,2.41943
22.88279,-0.01593208,-16.67351,4.02,-2.150156
22.89279,-0.01616799,8.2477,3.98,-4.156022
22.90279,-0.02238987,-0.5632293,4.03,1.97827
22.91279,-0.01822413,3.849809,4.03,4.444063
22.92279,-0.01226215,2.038389,4.05,-0.9084935
22.9328,-0.01583736,0.948886,4.06,-3.539391
22.9428,-0.01753935,-2.121366,4.07,-2.271254
22.9528,-0.02138042,5.062534,4.08,4.691718
22.9628,-0.0186023,-0.9929391,4.11,2.981276
22.97281,-0.01391679,6.029237,4.11,-2.993794
22.98281,-0.01277386,-7.110227,4.13,-4.213575
22.99281,-0.01794609,8.672915,4.13,1.530544
23.00281,-0.01860516,-13.37374,4.16,4.880343
23.01281,-0.01492175,17.4003,4.15,-1.664703
23.02282,-0.01296628,-15.92392,4.19,-3.968236
23.03282,-0.01508212,16.28495,4.15,1.758534
23.04282,-0.01628727,-12.31251,4.21,4.397768
23.05282,-0.01153083,10.12939,4.18,-2.660053
23.06282,-0.01322545,5.455244,4.22,-1.909833
23.07283,-0.01234627,-9.324167,4.2,-2.193271
23.08283,-0.01119516,12.73166,4.22,5.751286
23.09283,-0.01355594,-5.036391,4.23,0.2503431
23.10283,-0.009253587,-0.04626077,4.22,-2.145996
23.11283,-0.01237191,4.061898,4.24,-2.594953
23.12284,-0.01366389,1.281768,4.25,3.464946
23.13284,-0.01247694,-3.733276,4.25,2.673208
23.14284,-0.01300649,7.644205,4.25,-1.354483
23.15284,-0.01413513,-4.802312,4.27,-3.104733
23.16285,-0.01286045,6.496967,4.26,-0.9218799
23.17285,-0.01155742,-1.302563,4.29,4.778407
23.18285,-0.007489884,1.31247,4.28,0.01788981
23.19285,-0.009370099,-1.04593,4.29,-2.334423
23.20285,-0.01061022,2.308753,4.29,-2.686495
23.21286,-0.005596984,1.067462,4.3,3.736295
23.22286,-0.005685705,-0.9921824,4.29,0.571084
23.23286,-0.009737885,0.176095,4.3,-0.4831137
23.24286,-0.01001425,0.5567871,4.31,-2.839251
23.25286,-0.01018452,7.675016,4.31,0.8694597
23.26287,-0.01004175,-12.58349,4.33,2.044227
23.27287,-0.0102791,13.83361,4.3,-0.929384
23.28287,-0.01610713,-9.410173,4.35,-0.2139523
23.29287,-0.01158864,5.547904,4.32,-0.6363705
23.30288,-0.009511742,4.845533,4.36,2.974832
23.31288,-0.004312655,-6.094163,4.35,-2.134355
23.32288,-0.004360315,3.638911,4.34,-1.298717
23.33288,-0.01024484,-1.255837,4.36,0.381267
23.34288,-0.00463414,2.027823,4.36,3.139413
23.35289,-0.002455706,1.122659,4.36,-2.557716
23.36289,-0.005334495,-6.613172,4.36,-2.948623
23.37289,-0.00635363,2.912824,4.35,0.6850238
23.38289,-0.005815063,2.691803,4.37,3.900085
23.39289,-0.002081702,-4.616194,4.36,0.3543736
23.4029,-0.004296834,6.42628,4.36,-4.630471
23.4129,-0.006728331,-11.45832,4.36,-0.1018983
23.4229,-0.009564265,7.103854,4.36,3.284534
23.4329,-0.007683402,-16.24701,4.37,3.585906
23.44291,-0.004392467,21.29501,4.36,-3.856287
23.45291,-0.00647985,-16.08624,4.39,-3.39041
23.46291,-0.008197438,12.63308,4.35,2.08331
23.47291,-0.004967325,-14.99697,4.38,3.331665
23.48291,0.0000742,18.65439,4.37,-0.5674164
23.49292,-0.00210236,-23.08152,4.38,-4.44496
23.50292,-0.004321402,17.72087,4.36,0.08414903
23.51292,-0.005217035,-17.04904,4.39,4.149874
23.52292,0.001341254,22.11273,4.36,1.153645
23.53292,0.001133605,-24.13917,4.39,-2.900665
23.54293,-0.001403407,20.16526,4.33,-2.999678
23.55293,-0.005561168,-7.841905,4.39,3.748825
23.56293,0.000166646,-7.767667,4.34,2.723639
23.57293,0.002818109,15.34478,4.35,0.4523349
23.58294,0.003876181,-21.43368,4.33,-4.964174
23.59294,-0.00108259,22.65388,4.32,1.552776
23.60294,-0.002396224,-23.96924,4.34,4.799042
23.61294,0.002356797,23.12829,4.3,0.135197
23.62294,0.001774169,-20.72642,4.34,-3.079921
23.63295,0.00074408,9.854124,4.27,-3.153014
23.64295,0.000343435,-3.255131,4.32,4.717123
23.65295,0.003690608,-6.410757,4.28,2.013825
23.66295,0.00404158,5.854452,4.27,-1.485433
23.67295,0.000880331,-5.352905,4.28,-3.787464
23.68296,0.000407319,1.647358,4.26,1.750515
23.69296,-0.000720032,-1.690084,4.26,2.793004
23.70296,0.002641829,-1.537539,4.25,-0.4998517
23.71296,0.004003684,2.347982,4.24,-2.581316
23.72297,0.003386891,-7.102446,4.24,-0.1922047
23.73297,0.003411592,3.830097,4.22,2.516731
23.74297,0.004129664,-1.213467,4.23,-0.09132855
23.75297,0.006478009,-3.822986,4.2,-0.9636861
23.76297,0.00529372,11.25689,4.19,-2.725461
23.77298,0.003167358,-18.76424,4.19,1.655425
23.78298,0.002343754,13.20748,4.16,1.323162
23.79298,0.002272606,-11.66205,4.18,-0.5558106
23.80298,0.005501387,8.06156,4.14,-1.024709
23.81298,0.006783169,-3.786967,4.16,-0.9563164
23.82299,0.007207414,-2.687653,4.12,2.638538
23.83299,0.006761491,2.985653,4.12,0.08052435
23.84299,0.00558622,-9.857503,4.1,-1.637844
23.85299,0.00814503,7.530169,4.09,-1.221777
23.863,0.007982592,-7.354667,4.09,0.8598692
23.873,0.009613467,2.328957,4.05,2.22099
23.883,0.008667068,-6.136558,4.05,-2.658378
23.893,0.003716407,0.7576588,4.03,-1.96074
23.903,0.007402868,-2.504458,4.03,1.098499
23.91301,0.01165753,4.880643,4,3.367831
23.92301,0.01192117,-11.37688,4,-0.05729266
23.93301,0.006013666,5.551553,3.96,-5.033068
23.94301,0.001861716,-5.770341,3.98,0.4102919
23.95301,0.009292385,2.522567,3.94,2.404501
23.96302,0.01351851,11.68403,3.94,3.300481
23.97302,0.01040897,-23.4311,3.91,-3.020147
23.98302,0.006214455,20.36019,3.89,-4.082689
23.99302,0.005049518,-17.31337,3.91,2.354013
24.00303,0.0121156,14.11734,3.85,2.218341
24.01303,0.0136185,-11.3918,3.88,2.696984
24.02303,0.0104363,-5.753197,3.81,-6.857837
24.03303,0.007636257,2.003083,3.83,-1.673268
24.04303,0.01081797,-3.313893,3.81,3.834192
24.05304,0.01823162,0.714696,3.78,2.542723
24.06304,0.01750063,-3.354604,3.76,0.7012337
24.07304,0.01136205,-6.109252,3.73,-5.32454
24.08304,0.005799907,-0.2844396,3.71,-0.6482894
24.09304,0.005653395,4.03167,3.71,3.120254
24.10305,0.01302607,-8.040336,3.69,2.278999
24.11305,0.01338812,6.141514,3.66,-1.432311
24.12305,0.007406962,-15.91552,3.66,-4.344669
24.13305,0.007847399,12.63495,3.61,0.4498523
24.14305,0.01493035,-11.72843,3.64,2.634794
24.15306,0.0204937,1.56584,3.57,0.6506203
24.16306,0.01394145,1.943121,3.57,-1.269572
24.17306,0.01222574,-9.223102,3.54,-2.119035
24.18306,0.01440795,11.53283,3.53,0.009531431
24.19307,0.01545935,-18.44545,3.5,2.005615
24.20307,0.008727579,15.35406,3.47,-0.257981
24.21307,0.004495468,-17.35227,3.48,0.6205022
24.22307,0.01025781,15.64879,3.43,-2.728096
24.23307,0.01002214,-13.93072,3.45,-0.133917
24.24308,0.007385137,4.021031,3.4,2.171946
24.25308,0.008136466,-1.477197,3.41,-0.4564594
24.26308,0.01438753,-3.407726,3.38,0.6075127
24.27308,0.0191955,-0.4202208,3.36,-3.447091
24.28308,0.01624732,-6.255565,3.34,2.059531
24.29309,0.01354415,3.866246,3.31,0.8368688
24.30309,0.01668688,-3.914595,3.3,1.7379
24.31309,0.01847156,-0.5504813,3.26,-3.447649
24.32309,0.01413594,-5.058757,3.24,-2.163399
24.3331,0.00878613,-3.629866,3.21,3.089805
24.3431,0.01105062,3.454853,3.19,1.814539
24.3531,0.01628702,-9.149147,3.18,-1.205861
24.3631,0.01274659,8.831921,3.13,-5.352822
24.3731,0.0100973,-20.38716,3.14,1.67452
24.38311,0.01263726,20.87031,3.08,3.373041
24.39311,0.01892311,-24.62507,3.11,1.709234
24.40311,0.02130902,15.90281,3.01,-4.832247
24.41311,0.01632903,-17.79952,3.05,-1.479878
24.42311,0.01759215,9.065533,2.95,4.094818
24.43312,0.01961547,-6.673289,2.99,1.71986
24.44312,0.01977777,-5.684426,2.89,-4.043167
24.45312,0.01346977,16.59925,2.92,-3.690702
24.46312,0.01383441,-26.33717,2.89,2.695951
24.47313,0.01605972,24.20202,2.81,2.480372
24.48313,0.01625438,-29.95583,2.84,0.08557171
24.49313,0.02247257,21.40985,2.73,-4.571148
24.50313,0.01535355,-24.7035,2.78,0.5845076
24.51313,0.01843301,16.27917,2.68,2.247258
24.52314,0.01919623,-17.78582,2.71,2.741292
24.53314,0.01858655,6.397381,2.62,-5.196727
24.54314,0.01517796,-8.613471,2.63,0.4035999
24.55314,0.01730621,-2.947627,2.57,1.260664
24.56314,0.01796831,8.517111,2.56,1.477871
24.57315,0.01792312,-15.9134,2.53,-1.249928
24.58315,0.01920173,8.148808,2.48,-2.354052
24.59315,0.01514077,-10.17581,2.48,3.423863
24.60315,0.01769561,-3.066509,2.41,-1.670469
24.61316,0.01687377,-1.690411,2.41,0.26897
24.62316,0.02094141,-9.261152,2.35,-2.782114
24.63316,0.02148298,9.65932,2.34,3.641391
24.64316,0.02223707,-22.96946,2.29,0.5873128
24.65316,0.02045309,18.26339,2.25,-2.778672
24.66317,0.01958035,-21.28986,2.24,0.001791035
24.67317,0.02177748,11.20704,2.15,0.6271961
24.68317,0.01935297,-17.9332,2.16,2.269144
24.69317,0.01714131,8.490566,2.08,-3.551132
24.70317,0.01916098,-10.35737,2.08,0.02847809
24.71318,0.02147354,2.218462,2.02,1.222292
24.72318,0.02116607,-6.49175,2,2.394316
24.73318,0.02130211,-3.582828,1.95,-2.161586
24.74318,0.0243302,1.024209,1.91,-1.397847
24.75319,0.02465669,-13.34728,1.88,-1.218209
24.76319,0.02156173,6.688239,1.82,2.498916
24.77319,0.02427714,-15.0006,1.82,2.268559
24.78319,0.02819703,4.984286,1.72,-1.537779
24.79319,0.02130265,-12.05851,1.74,-5.005415
24.8032,0.02176778,-3.773639,1.64,2.849335
24.8132,0.0201574,3.762926,1.66,3.113808
24.8232,0.02094897,-14.69562,1.57,-0.1497573
24.8332,0.01729003,7.886004,1.58,-4.839885
24.8432,0.01703874,-22.24922,1.5,-1.137278
24.85321,0.0171126,30.83019,1.5,3.369802
24.86321,0.02196389,-34.98839,1.49,3.316815
24.87321,0.02560624,29.02785,1.36,-2.225794
24.88321,0.02087196,-38.12319,1.41,-4.334599
24.89322,0.02257449,24.16867,1.28,-0.918899
24.90322,0.01797183,-21.08344,1.34,5.711185
24.91322,0.02807407,6.951588,1.22,0.9816519
24.92322,0.0275228,-8.847051,1.23,-4.57273
24.93322,0.02043385,-6.041147,1.16,-4.528936
24.94323,0.01639,1.970456,1.13,4.16823
24.95323,0.02041708,-8.829985,1.11,4.772263
24.96323,0.02590242,11.28185,1.05,-0.8144141
24.97323,0.02160726,-24.26493,1.03,-5.863581
24.98323,0.0166538,12.41907,0.96,-2.834498
24.99324,0.01928202,-11.72802,0.97,7.691712
25.00324,0.03108828,2.179621,0.89,2.160022
25.01324,0.02856668,-12.72357,0.87,-5.552731
25.02324,0.02129875,-6.519619,0.8,-4.53071
25.03325,0.02245692,-0.2988532,0.79,4.021998
25.04325,0.0265003,-9.770605,0.74,5.117507
25.05325,0.02194488,-3.046199,0.69,-3.203759
25.06325,0.01418983,-5.821237,0.66,-1.5728
25.07325,0.0178886,-6.234926,0.62,-0.5373113
25.08326,0.01710411,8.997033,0.59,3.366781
25.09326,0.02460597,-27.11181,0.56,-1.681898
25.10326,0.02254812,31.68446,0.48,-0.1013353
25.11326,0.02997224,-52.52807,0.51,-1.103581
25.12326,0.02443717,50.76006,0.36,-0.3919995
25.13327,0.02456373,-63.34969,0.46,0.9289718
25.14327,0.02301624,55.43771,0.26,-0.5831383
25.15327,0.01496224,-59.62078,0.39,1.969536
25.16327,0.0204464,48.73761,0.19,-3.757778
25.17327,0.01809002,-45.68176,0.31,1.916085
25.18328,0.02478235,24.53992,0.13,-1.546079
25.19328,0.01919257,-18.56676,0.2,3.52395
25.20328,0.01812221,1.450527,0.1,-1.47133
25.21328,0.02319145,3.931006,0.09,-0.8556101
25.22329,0.0213873,-18.95698,0.05,-1.644038
25.23329,0.02011915,14.76956,-0.01,1.00669
25.24329,0.01965421,-19.128,0,3.038615
25.25329,0.02932319,0.9089277,-0.09,-1.192648
25.26329,0.02265071,2.35698,-0.11,-3.97748
25.2733,0.01878214,-16.25364,-0.14,2.191711
25.2833,0.01641209,13.04181,-0.2,-0.1839413
25.2933,0.01762434,-18.39655,-0.2,3.203419
25.3033,0.02498569,10.50865,-0.28,-5.555943
25.3133,0.0185986,-16.28511,-0.28,2.667249
25.32331,0.01967811,1.912628,-0.35,-0.9512362
25.33331,0.01938878,-1.205122,-0.36,3.032308
25.34331,0.0285949,-12.78539,-0.42,-4.014338
25.35331,0.02422064,12.01837,-0.47,0.7184788
25.36332,0.02556554,-42.44665,-0.49,1.707808
25.37332,0.02439621,45.80914,-0.58,-1.287888
25.38332,0.0227952,-60.85475,-0.55,-0.2465557
25.39332,0.02097157,59.18475,-0.69,-0.3497197
25.40332,0.02158664,-65.09471,-0.62,2.912451
25.41333,0.02072378,55.48903,-0.79,-3.358114
25.42333,0.01684031,-51.66595,-0.7,0.494342
25.43333,0.02113437,34.13109,-0.86,-2.420773
25.44333,0.01490744,-31.38365,-0.79,3.66323
25.45333,0.0208618,2.694277,-0.92,-0.1751036
25.46334,0.02723159,-6.514163,-0.91,0.4367016
25.47334,0.02522933,-11.21774,-0.98,-5.266699
25.48334,0.01933029,2.568459,-1.02,1.9899
25.49334,0.01970582,-5.933294,-1.04,2.575976
25.50335,0.03509479,-1.000234,-1.11,1.869242
25.51335,0.02824993,-11.11783,-1.16,-5.926242
25.52335,0.01635168,-3.907218,-1.21,-0.09743807
25.53335,0.01170478,3.589224,-1.23,3.90724
25.54335,0.02380618,-12.24045,-1.27,4.052461
25.55336,0.0250284,7.360717,-1.34,-5.883537
25.56336,0.01506032,-40.20837,-1.35,-3.586936
25.57336,0.01097494,31.91231,-1.43,2.010298
25.58336,0.02274952,-28.02489,-1.4,6.391816
25.59336,0.02921572,12.2271,-1.52,-5.333816
25.60337,0.01863879,-21.78727,-1.51,-3.325552
25.61337,0.01456431,9.859109,-1.58,1.582272
25.62337,0.01822428,-3.421353,-1.58,6.599179
25.63337,0.02743671,-5.33371,-1.65,-2.706846
25.64338,0.02007028,-0.5255939,-1.69,-4.491225
25.65338,0.008505587,-7.9623,-1.71,-0.4701731
25.66338,0.01435502,2.423796,-1.76,3.191147
25.67338,0.02028518,-13.60959,-1.78,2.02274
25.68338,0.02297673,-7.06203,-1.86,-4.174733
25.69339,0.01795918,-1.125898,-1.88,0.765886
25.70339,0.01691699,-10.53718,-1.91,-0.1790508
25.71339,0.01621739,11.31664,-1.96,3.31284
25.72339,0.02127899,-23.36938,-1.97,-2.997103
25.73339,0.01930178,21.52614,-2.05,-0.0965079
25.7434,0.01622505,-33.85352,-2.03,-1.596984
25.7534,0.01576143,29.14793,-2.14,2.336942
25.7634,0.0149034,-34.54144,-2.09,1.045031
25.7734,0.02090546,16.84706,-2.22,-2.448659
25.78341,0.01509256,-14.15103,-2.17,0.9197495
25.79341,0.01823119,-4.051705,-2.28,-1.678404
25.80341,0.01615235,8.37399,-2.26,3.053519
25.81341,0.01890321,-21.71965,-2.33,-2.933382
25.82341,0.01555262,18.93224,-2.36,1.101731
25.83342,0.0123105,-32.35223,-2.38,-1.903683
25.84342,0.01340693,30.08726,-2.45,2.584844
25.85342,0.01218205,-23.7141,-2.43,-0.5806675
25.86342,0.01150611,10.32926,-2.53,-0.5911044
25.87342,0.008582452,-8.306786,-2.5,0.1340952
25.88343,0.01667858,-0.8804902,-2.57,-0.6250502
25.89343,0.01950451,-0.8509258,-2.59,0.5160578
25.90343,0.01818695,-14.26318,-2.64,-1.064721
25.91343,0.0172693,10.10204,-2.68,0.715704
25.92344,0.01584152,-18.0463,-2.69,-0.3943413
25.93344,0.01741451,12.25278,-2.77,0.8020072
25.94344,0.01331841,-18.11194,-2.76,-0.6350979
25.95344,0.01315413,9.446965,-2.84,-1.083164
25.96344,0.009741366,-12.7064,-2.83,1.17105
25.97345,0.01413733,1.495617,-2.91,-0.2178324
25.98345,0.01530016,-1.903934,-2.91,0.02122288
25.99345,0.01636338,-12.83688,-2.97,-0.8576156
26.00345,0.01309244,9.801556,-3,-0.7063993
26.01345,0.01253371,-16.2843,-3.02,1.230021
26.02346,0.01610271,13.27159,-3.09,0.1492246
26.03346,0.01655088,-17.96476,-3.09,0.6800627
26.04346,0.01691972,21.93992,-3.18,-2.950744
26.05346,0.009248807,-9.864768,-3.15,1.007719
26.06347,0.01197853,9.157882,-3.24,1.382021
26.07347,0.01602237,-10.8077,-3.23,0.7222527
26.08347,0.0133602,1.631696,-3.3,-2.829415
26.09347,0.00552877,-8.285017,-3.3,0.02235309
26.10347,0.01087631,3.11961,-3.36,1.693982
26.11348,0.01534446,-5.039907,-3.37,0.7706999
26.12348,0.0131292,-6.589857,-3.42,-1.875915
26.13348,0.007848097,3.244027,-3.44,-0.5734228
26.14348,0.0109298,-9.492659,-3.47,1.427884
26.15348,0.01442511,8.547371,-3.51,0.9575174
26.16349,0.01410987,-36.51186,-3.53,-1.563743
26.17349,0.008428961,30.68963,-3.58,-2.500111
26.18349,0.008334798,-36.10194,-3.57,2.687646
26.19349,0.01395954,35.07747,-3.65,0.6816958
26.2035,0.01212063,-36.83001,-3.62,0.03910768
26.2135,0.007938556,24.55339,-3.72,-3.125916
26.2235,0.002698533,-26.94793,-3.67,1.387616
26.2335,0.007521019,17.95284,-3.76,-0.2471987
26.2435,0.009472365,-15.51111,-3.72,0.7421843
26.25351,0.01082357,-7.582062,-3.81,-1.783786
26.26351,0.007899195,3.488973,-3.81,-0.05584696
26.27351,0.006248477,-10.12777,-3.82,0.970518
26.28351,0.01127087,8.68988,-3.87,-0.4550283
26.29351,0.01197136,-13.9145,-3.87,-0.7764845
26.30352,0.008916277,7.396581,-3.93,0.1334911
26.31352,0.001573999,-11.81843,-3.91,0.7620716
26.32352,0.003820493,9.62202,-3.96,-0.2061185
26.33352,0.006552862,-6.937692,-3.95,-0.575246
26.34352,0.006954515,-3.622152,-4,0.1103906
26.35353,0.000272518,2.159049,-4.01,-0.2431193
26.36353,0.003347824,-16.61451,-4.02,1.397828
26.37353,0.009194252,17.31632,-4.06,-1.277353
26.38353,0.01082233,-24.54124,-4.06,0.6285998
26.39354,0.008295691,18.04237,-4.12,-0.4295567
26.40354,0.003616329,-21.49642,-4.09,1.148066
26.41354,0.008453284,16.83422,-4.16,-0.7946889
26.42354,0.007638894,-12.6815,-4.13,-0.8990783
26.43354,0.005793869,6.030039,-4.2,0.9085719
26.44355,0.001465298,-8.102647,-4.17,0.5518509
26.45355,0.00398036,-3.866407,-4.22,-0.08715363
26.46355,0.006988341,4.409603,-4.23,-0.9843206
26.47355,0.009135731,-10.29028,-4.24,0.555262
26.48355,0.006536677,7.732131,-4.28,0.2699793
26.49356,0.003723388,-13.02901,-4.27,-0.7786128
26.50356,0.005313951,11.6431,-4.32,0.01681509
26.51356,0.00854988,-15.36927,-4.3,0.2702135
26.52356,0.006141764,13.583,-4.36,0.486748
26.53357,0.00069164,-18.55173,-4.33,-0.6827772
26.54357,0.002544875,19.1719,-4.39,0.8623974
26.55357,0.003879249,-18.01228,-4.35,-0.4447938
26.56357,0.003929943,10.89708,-4.42,-0.08564177
26.57357,-0.002776501,-11.93613,-4.38,-0.8615273
26.58358,-0.000707627,8.43929,-4.43,-0.1016143
26.59358,0.00123548,-2.814732,-4.39,1.406549
26.60358,0.006081401,-4.56607,-4.45,-0.2164861
26.61358,0.003719271,9.599298,-4.43,-1.042709
26.62358,0.000956727,-10.6576,-4.45,-1.023608
26.63359,0.004513936,13.16469,-4.45,3.182882
26.64359,0.006400182,-14.46148,-4.47,-0.9079748
26.65359,0.002440837,11.49586,-4.48,-1.681971
26.66359,-0.003756877,-16.05589,-4.47,-1.327337
26.6736,-0.004392836,14.75774,-4.51,2.332227
26.6836,-0.002310968,-8.413541,-4.46,2.425265
26.6936,0.000521471,8.245798,-4.51,-4.23017
26.7036,-0.001978666,-11.95589,-4.48,-0.6926747
26.7136,-0.002716256,10.3808,-4.51,0.4866914
26.72361,0.001278465,2.406167,-4.48,5.146595
26.73361,0.006933843,2.457522,-4.52,-3.286532
26.74361,0.00451429,-3.444539,-4.51,-3.254156
26.75361,-0.001049271,-6.106726,-4.53,-0.2927615
26.76361,-0.004117905,16.66368,-4.54,3.623939
26.77362,0.000960618,-13.38935,-4.5,4.229053
26.78362,0.000938067,12.32156,-4.55,-7.825974
26.79362,-0.009032995,-16.10783,-4.5,-0.9878407
26.80362,-0.01154593,16.98784,-4.54,2.620927
26.81363,-0.004749179,-11.94812,-4.48,6.351834
26.82363,0.004324166,12.7736,-4.53,-6.630536
26.83363,-0.00403336,-17.83982,-4.49,-3.167431
26.84363,-0.007487609,15.85725,-4.53,1.939835
26.85363,-0.001735465,-7.676954,-4.47,6.798995
26.86364,0.005630369,1.087506,-4.52,0.2333978
26.87364,-0.000253263,-1.944524,-4.49,-7.594828
26.88364,-0.007257759,-4.179482,-4.51,-1.720683
26.89364,-0.009043855,12.67857,-4.47,5.303099
26.90364,-0.000603659,-12.11986,-4.48,3.366826
26.91365,-0.001217291,13.47306,-4.48,-5.359684
26.92365,-0.007800761,-15.87533,-4.47,-3.921604
26.93365,-0.009619051,14.44489,-4.46,2.539871
26.94365,-0.005291569,-10.94009,-4.44,4.895885
26.95366,0.002212767,13.91302,-4.45,-0.9561554
26.96366,0.002631163,-12.60339,-4.42,-3.766248
26.97366,-0.004168081,8.635937,-4.46,-1.399864
26.98366,-0.008639591,-6.664259,-4.41,4.714918
26.99366,-0.006712226,12.27809,-4.43,1.046017
27.00367,-0.002706503,-7.873851,-4.39,-2.415773
27.01367,-0.006716456,4.806306,-4.42,-4.518511
27.02367,-0.01187647,-1.063625,-4.37,4.096117
27.03367,-0.009324383,5.288914,-4.37,2.978701
27.04367,-0.006400703,-2.279481,-4.35,-0.8239366
27.05368,-0.005976281,3.655488,-4.35,-4.616834
27.06368,-0.006915559,1.281517,-4.32,-0.8697888
27.07368,-0.007058696,1.298369,-4.32,3.734943
27.08368,-0.005458832,1.380986,-4.29,1.677895
27.09369,-0.004303374,5.864692,-4.29,-0.6844321
27.10369,-0.004799767,-3.327459,-4.26,-4.686911
27.11369,-0.007270586,-1.136287,-4.27,1.144534
27.12369,-0.01037031,5.828942,-4.23,2.674359
27.13369,-0.007604572,-0.9744096,-4.22,0.8144531
27.1437,-0.00590769,6.37342,-4.2,-2.413754
27.1537,-0.007385797,-11.42551,-4.19,-3.1089
27.1637,-0.009250051,14.62918,-4.19,1.093648
27.1737,-0.01093146,-11.78404,-4.13,3.001913
27.1837,-0.006045037,19.73369,-4.15,1.571765
27.19371,-0.002601008,-15.41712,-4.09,-2.995984
27.20371,-0.004343462,13.04593,-4.12,-3.642118
27.21371,-0.01145278,-8.074844,-4.05,2.638156
27.22371,-0.007738598,14.50978,-4.07,4.399138
27.23372,-0.000915061,-6.213608,-4.02,-1.306895
27.24372,-0.003089225,4.120858,-4.04,-5.24514
27.25372,-0.01323824,-2.019115,-3.99,1.09631
27.26372,-0.01496586,4.743993,-3.98,4.406016
27.27372,-0.007092095,7.093417,-3.94,2.746
27.28373,-0.00489002,0.5271482,-3.93,-4.409066
27.29373,-0.009172431,-3.27947,-3.9,-2.304502
27.30373,-0.01095962,7.059244,-3.88,2.866813
27.31373,-0.006157175,2.458987,-3.84,3.638334
27.32373,-0.00298685,5.115184,-3.83,-3.611393
27.33374,-0.003452282,-2.043139,-3.81,-2.405074
27.34374,-0.006887403,6.232175,-3.79,0.3079754
27.35374,-0.00754545,-3.968239,-3.75,3.763238
27.36374,-0.008760938,8.00295,-3.74,-0.5802167
27.37374,-0.00911148,0.2607398,-3.69,-1.651138
27.38375,-0.00370778,5.264795,-3.68,-0.5330318
27.39375,-0.007233174,1.034053,-3.65,1.37478
27.40375,-0.01349808,-2.08239,-3.62,0.9844305
27.41375,-0.01248943,12.96017,-3.59,-0.6084022
27.42376,-0.008009329,-2.642845,-3.54,0.5489787
27.43376,-0.005838635,10.17866,-3.53,-1.229153
27.44376,-0.0113013,-7.706984,-3.48,0.09539903
27.45376,-0.01409582,15.7191,-3.47,-0.1929164
27.46376,-0.01087541,-7.344285,-3.4,2.276673
27.47377,-0.005989526,13.03694,-3.39,0.5088178
27.48377,-0.007037692,-9.184842,-3.34,-3.983315
27.49377,-0.0122331,11.74524,-3.33,-1.012828
27.50377,-0.01285829,-0.3396552,-3.25,3.466225
27.51377,-0.005326681,8.78593,-3.24,3.346113
27.52378,-0.00505547,-6.259758,-3.19,-3.910307
27.53378,-0.01162636,11.98745,-3.18,-4.171332
27.54378,-0.01300892,-1.305462,-3.1,4.031001
27.55378,-0.009319079,5.478361,-3.09,4.115998
27.56379,-0.006883983,8.075246,-3.03,0.3732742
27.57379,-0.009208725,-4.770285,-3,-6.837276
27.58379,-0.01871533,12.89894,-2.96,0.7017338
27.59379,-0.01650241,-2.568275,-2.89,4.147042
27.60379,-0.008982524,15.87669,-2.87,2.626482
27.6138,-0.006253815,-6.159308,-2.81,-5.247178
27.6238,-0.01163742,5.957602,-2.79,-2.343817
27.6338,-0.01603854,5.515615,-2.72,3.227158
27.6438,-0.009539849,4.51825,-2.68,3.706947
27.6538,-0.00375279,7.303019,-2.65,-3.311184
27.66381,-0.009033398,-5.593365,-2.6,-2.077791
27.67381,-0.01310889,12.77781,-2.57,0.2218356
27.68381,-0.01529065,-3.352838,-2.5,3.354687
27.69381,-0.01598547,15.49019,-2.47,-0.4895159
27.70382,-0.01169939,-6.05895,-2.4,-2.421705
27.71382,-0.009459315,11.43446,-2.38,-0.6717142
27.72382,-0.01526788,-0.06574336,-2.3,1.578971
27.73382,-0.008939099,5.040581,-2.28,1.130231
27.74382,-0.008055608,9.120749,-2.21,-2.987768
27.75383,-0.008439684,-4.973892,-2.18,0.3237456
27.76383,-0.01191379,15.09213,-2.14,0.6099531
27.77383,-0.01505032,-9.546334,-2.06,0.8131927
27.78383,-0.02000474,20.1224,-2.04,-2.420285
27.79383,-0.0204956,-6.31058,-1.94,1.763084
27.80384,-0.01491325,18.50923,-1.92,2.305088
27.81384,-0.01008002,-8.921743,-1.84,-1.200927
27.82384,-0.01133458,13.55425,-1.83,-3.859776
27.83384,-0.01714175,4.328721,-1.73,2.093101
27.84385,-0.00739337,7.626497,-1.7,5.336995
27.85385,-0.001786816,3.574051,-1.65,-2.216831
27.86385,-0.01328738,-4.680545,-1.61,-7.770668
27.87385,-0.01935905,9.302587,-1.55,0.7344313
27.88385,-0.01631686,8.658074,-1.48,4.88585
27.89386,-0.009843455,8.069254,-1.44,2.84907
27.90386,-0.009152425,1.645572,-1.39,-6.549558
27.91386,-0.01978275,4.456558,-1.34,-1.545036
27.92386,-0.0227871,9.012953,-1.26,4.552358
27.93386,-0.01289268,4.389441,-1.21,3.799646
27.94387,-0.0118125,11.71596,-1.16,-5.463775
27.95387,-0.01859451,-8.143822,-1.1,-4.007144
27.96387,-0.02120676,20.66463,-1.05,3.376505
27.97387,-0.01211349,-5.048961,-0.97,5.136939
27.98388,-0.007185972,21.56541,-0.94,-4.608381
27.99388,-0.01453293,-14.22908,-0.85,-3.121579
28.00388,-0.01796619,18.83717,-0.84,2.244761
28.01388,-0.0180493,-1.946391,-0.73,4.367319
28.02388,-0.01306028,16.47404,-0.71,-3.14333
28.03389,-0.01157157,-4.627258,-0.62,-2.500337
28.04389,-0.01430809,8.322697,-0.61,1.326811
28.05389,-0.01376802,13.73999,-0.51,4.051168
28.06389,-0.0109176,-1.216336,-0.46,-0.7095426
28.07389,-0.01182099,16.28189,-0.41,-4.665288
28.0839,-0.006788832,-10.22714,-0.38,1.824725
28.0939,-0.008429521,34.02576,-0.32,2.480529
28.1039,-0.01261091,-27.08779,-0.25,3.791561
28.1139,-0.01725477,32.75728,-0.24,-6.720647
28.12391,-0.02145649,-13.37246,-0.12,0.5600721
28.13391,-0.01376491,22.64641,-0.11,0.3587957
28.14391,-0.01259032,-6.329204,-0.01,4.54153
28.15391,-0.01484702,1.977274,0,-1.699674
28.16391,-0.01775131,10.92128,0.08,-1.083485
28.17392,-0.01568311,5.961656,0.15,1.673471
28.18392,-0.006453822,0.216751,0.19,-0.07714261
28.19392,-0.01356563,14.5078,0.24,-0.3065342
28.20392,-0.01563853,-6.531178,0.32,-0.8654867
28.21392,-0.01307452,20.60231,0.35,1.729298
28.22393,-0.01052644,-9.325806,0.45,-0.9227808
28.23393,-0.0111353,17.86559,0.46,-1.940515
28.24393,-0.01933913,-3.915544,0.56,1.342146
28.25393,-0.01831015,6.81851,0.59,3.04208
28.26394,-0.01359331,13.44676,0.66,0.004616212
28.27394,-0.01236888,-5.013752,0.71,-4.915478
28.28394,-0.01624025,13.08473,0.78,-0.5913551
28.29394,-0.01648252,-0.2484173,0.85,4.774371
28.30394,-0.00976555,17.13354,0.9,1.129068
28.31395,-0.009045554,-4.486013,0.96,-3.646759
28.32395,-0.01441577,10.13493,1,-4.158524
28.33395,-0.0160016,1.325097,1.08,5.383772
28.34395,-0.007497612,12.16017,1.12,2.946047
28.35395,-0.005829011,3.159985,1.18,-0.710731
28.36396,-0.009250381,0.994191,1.23,-5.314087
28.37396,-0.01550228,9.608977,1.29,-0.9776875
28.38396,-0.01548362,3.793101,1.35,5.913371
28.39396,-0.01114163,10.91784,1.4,1.133638
28.40396,-0.01089352,3.856305,1.46,-2.62603
28.41397,-0.01356922,1.676597,1.5,-5.72584
28.42397,-0.01750792,13.49782,1.57,5.348486
28.43397,-0.01388941,-5.668432,1.63,2.185698
28.44397,-0.01010457,24.47941,1.68,-0.6671447
28.45398,-0.009714754,-6.033214,1.75,-5.115193
28.46398,-0.00969115,9.322836,1.78,1.673623
28.47398,-0.01408476,6.693169,1.86,4.157463
28.48398,-0.01076295,-1.75355,1.91,-0.7919498
28.49398,-0.009707973,17.90607,1.95,-2.835262
28.50399,-0.01030011,-10.80561,2.03,-1.260958
28.51399,-0.01282602,19.38278,2.04,4.060806
28.52399,-0.01573192,-5.832676,2.14,1.023475
28.53399,-0.01337755,14.94753,2.16,-1.704966
28.54399,-0.0105946,0.9966835,2.24,-2.507037
28.554,-0.01030359,4.043087,2.27,1.43252
28.564,-0.01478417,7.068465,2.33,3.392572
28.574,-0.01354145,5.241606,2.39,-0.1835242
28.584,-0.00863155,6.064964,2.44,-1.708614
28.59401,-0.006880057,4.261862,2.49,-2.523976
28.60401,-0.00980958,1.097109,2.53,1.621197
28.61401,-0.0138245,10.38659,2.59,1.842073
28.62401,-0.01270681,2.985585,2.65,-1.222026
28.63401,-0.008559517,8.038571,2.69,-1.063295
28.64402,-0.009392434,-0.2462278,2.74,-0.2453624
28.65402,-0.01371457,10.51932,2.79,2.160513
28.66402,-0.01544803,1.153222,2.86,0.5371829
28.67402,-0.01051471,14.85323,2.89,-0.5548747
28.68402,-0.009432182,-7.623699,2.95,-0.6607884
28.69403,-0.01224513,16.54783,2.97,-0.3706284
28.70403,-0.01678764,-5.728162,3.06,2.08024
28.71403,-0.0111364,11.41462,3.07,-0.8476948
28.72403,-0.009790767,4.830742,3.15,-0.08940112
28.73404,-0.008371756,-1.225358,3.18,-1.824551
28.74404,-0.009107918,10.52888,3.22,1.860879
28.75404,-0.01188057,-0.7919374,3.28,0.8407179
28.76404,-0.004461759,5.498715,3.31,0.5469419
28.77404,-0.005642193,6.822963,3.36,-2.966709
28.78405,-0.008507975,-5.162832,3.39,0.03998603
28.79405,-0.01057302,14.39354,3.44,1.289356
28.80405,-0.009986845,-6.460127,3.49,1.975611
28.81405,-0.008361843,16.51806,3.51,-2.04563
28.82405,-0.008171224,-13.07045,3.57,-1.426318
28.83406,-0.0099909,19.87566,3.58,-0.001968855
28.84406,-0.009317007,-8.12554,3.66,3.19648
28.85406,-0.004750198,8.875174,3.66,0.7419973
28.86406,-0.003161562,0.1954439,3.72,-3.025313
28.87407,-0.005016215,-0.3430051,3.74,-1.747282
28.88407,-0.009034155,9.279495,3.78,2.103581
28.89407,-0.004610809,-6.532636,3.82,3.309316
28.90407,-0.0010628,15.96762,3.83,-3.059775
28.91407,-0.004690607,-11.05219,3.89,-2.8807
28.92408,-0.004594517,11.76367,3.88,0.9299405
28.93408,-0.00506906,1.888698,3.95,5.451579
28.94408,0.001732514,1.176967,3.95,-0.9887538
28.95408,0.000729909,2.609954,3.97,-4.949229
28.96408,-0.006691412,-1.350354,4.01,-3.189317
28.97409,-0.007942546,4.860308,4.03,5.791312
28.98409,-0.003447225,4.589709,4.07,3.581539
28.99409,-0.00000755,1.182938,4.08,-3.636997
29.00409,-0.007893139,2.268347,4.11,-6.287935
29.0141,-0.01007031,-1.197291,4.14,4.217003
29.0241,-0.004776358,9.520963,4.17,5.564541
29.0341,0.001717278,-4.07233,4.19,-2.116169
29.0441,0.000089312,3.303569,4.2,-6.977871
29.0541,-0.002203845,-3.457814,4.23,-0.4788407
29.06411,-0.001057196,9.243359,4.24,6.607172
29.07411,0.002498282,-4.245927,4.28,1.882247
29.08411,0.002961352,7.233014,4.27,-6.268075
29.09411,-0.004278325,-4.731284,4.31,-3.81857
29.10411,-0.007122474,8.51302,4.32,5.573656
29.11412,-0.003064658,2.82672,4.36,5.424773
29.12412,0.000144722,-2.491154,4.36,-4.62428
29.13412,-0.004024465,2.628628,4.38,-4.987277
29.14412,-0.008878568,0.7963489,4.41,2.873481
29.15413,-0.005472623,3.969356,4.43,5.618838
29.16413,0.003623188,8.917343,4.44,-0.7967972
29.17413,0.005067496,-12.36875,4.45,-6.287029
29.18413,-0.003034565,10.67892,4.45,-0.7889774
29.19413,-0.00254152,-8.968298,4.49,6.848209
29.20414,0.00711848,16.39977,4.47,1.66482
29.21414,0.005700383,-12.65478,4.51,-5.870616
29.22414,-0.000481128,7.039806,4.48,-2.90236
29.23414,-0.002739492,-2.142771,4.53,5.027732
29.24414,0.004286414,9.261622,4.5,3.686616
29.25415,0.004956465,-8.032077,4.54,-3.728845
29.26415,-0.000490358,0.4682765,4.5,-4.841609
29.27415,-0.004715958,2.571462,4.55,3.033103
29.28415,0.0000297,-0.6066177,4.53,4.15779
29.29416,0.003302899,7.947414,4.55,-1.212814
29.30416,0.004742452,-13.51227,4.53,-4.307519
29.31416,-0.000859821,15.24299,4.55,0.6035277
29.32416,-0.001711983,-21.40886,4.56,4.680148
29.33416,0.004536117,30.14995,4.54,-0.8552468
29.34417,0.008739728,-27.93299,4.57,-2.50096
29.35417,0.007313896,9.440352,4.51,-3.148015
29.36417,0.002958881,-6.876306,4.55,2.962365
29.37417,0.003950397,4.328586,4.52,1.565211
29.38417,0.006975363,-1.083838,4.53,-1.038234
29.39418,0.009115957,-3.815296,4.51,-3.098049
29.40418,0.004317839,1.961818,4.5,1.033004
29.41418,0.00259758,-5.415911,4.5,2.633265
29.42418,0.006407536,5.385781,4.48,-0.1695973
29.43419,0.008426466,-5.727297,4.48,-2.723458
29.44419,0.007362974,0.6776003,4.45,-0.2807733
29.45419,0.003409695,-3.488194,4.45,1.901267
29.46419,0.004575196,0.7833418,4.44,1.274052
29.47419,0.008063093,-1.626423,4.42,-0.1323846
29.4842,0.01108967,-6.023214,4.4,-3.025822
29.4942,0.006479394,2.962485,4.38,1.216177
29.5042,0.005339277,-8.497679,4.38,1.507267
29.5142,0.008547697,8.974589,4.34,0.8472896
29.5242,0.01030434,-13.29583,4.35,-3.23959
29.53421,0.007630288,9.135028,4.29,0.0243789
29.54421,0.004379352,-16.16688,4.31,1.612042
29.55421,0.007867957,14.19418,4.26,1.333692
29.56421,0.009815439,-5.37573,4.28,0.2496561
29.57421,0.01312029,-8.807502,4.21,-2.966157
29.58422,0.008205853,10.9502,4.21,0.6075293
29.59422,0.00947058,-20.17193,4.18,1.683175
29.60422,0.01103874,20.19039,4.15,2.366928
29.61422,0.01448442,-27.67938,4.13,-2.921515
29.62423,0.01096463,23.81054,4.08,-4.025242
29.63423,0.008311324,-31.94766,4.09,3.376939
29.64423,0.01243247,26.53916,4.01,1.871552
29.65423,0.01385628,-20.4164,4.03,0.8525023
29.66423,0.01254107,6.111729,3.94,-5.688759
29.67424,0.008258011,-10.83124,3.95,0.9070247
29.68424,0.008300183,5.323043,3.89,3.10446
29.69424,0.01523029,-7.19252,3.88,2.151644
29.70424,0.01806862,-2.459623,3.82,-5.681334
29.71424,0.009226318,-6.201342,3.8,-1.737374
29.72425,0.007156832,-0.7310735,3.76,3.893463
29.73425,0.01634276,-4.007313,3.73,2.394118
29.74425,0.01587888,-6.478154,3.68,-5.430311
29.75425,0.009609911,-4.357239,3.64,-1.721971
29.76426,0.006539259,-8.367425,3.61,2.629786
29.77426,0.01446767,2.962967,3.57,5.090533
29.78426,0.01524249,-11.02415,3.53,-4.23599
29.79426,0.01053814,-1.964193,3.48,-2.292517
29.80426,0.006115603,-0.6351694,3.46,1.876772
29.81427,0.01284848,-3.96764,3.42,4.018279
29.82427,0.01653412,1.529251,3.37,-1.586972
29.83427,0.01450217,-17.03478,3.32,-4.63469
29.84427,0.008600013,8.904989,3.28,2.153147
29.85427,0.01116228,-14.33458,3.26,1.485448
29.86428,0.01759847,7.771625,3.17,0.5705809
29.87428,0.01906171,-17.40716,3.16,-4.012347
29.88428,0.01537958,4.837363,3.07,1.348178
29.89428,0.01320006,-19.30589,3.06,1.78284
29.90429,0.01466047,13.01883,2.97,-0.9307712
29.91429,0.01781962,-20.5247,2.96,-0.9234579
29.92429,0.01770706,6.616977,2.85,-0.7695127
29.93429,0.01073846,-15.07786,2.85,2.825482
29.94429,0.01020031,2.067173,2.76,-1.695995
29.9543,0.01158172,-6.1313,2.74,-0.3282013
29.9643,0.01607862,-23.25312,2.67,-2.666187
29.9743,0.01323084,13.78335,2.62,2.340531
29.9843,0.0104144,-26.18744,2.58,0.3536283
29.9943,0.01522596,18.38208,2.51,-0.9780691
30.00431,0.01233448,-30.88083,2.49,-2.113997
30.01431,0.01156996,20.40895,2.39,0.980231
30.02431,0.01075937,-29.06102,2.39,0.7772983
30.03431,0.01576294,17.00225,2.28,0.4694202
30.04432,0.01720934,-27.17269,2.28,-2.822483
30.05432,0.016114,2.809263,2.16,-2.010038
30.06432,0.01394278,-14.34162,2.14,2.363036
30.07432,0.01595114,2.633344,2.05,1.233314
30.08432,0.0173024,-11.29875,2.02,0.444689
30.09433,0.01646552,-6.723007,1.93,-5.352467
30.10433,0.01122646,-5.366291,1.89,2.442689
30.11433,0.01330126,-4.058575,1.82,2.510671
30.12433,0.01662903,-5.838735,1.76,1.147948
30.13433,0.01681088,-10.12139,1.69,-5.869574
30.14434,0.01224419,-2.899903,1.63,0.8124779
30.15434,0.009763107,-6.674379,1.57,3.350821
30.16434,0.01678201,5.357915,1.51,1.823636
30.17434,0.01681602,-15.8429,1.44,-3.868275
30.18435,0.01222143,0.6050645,1.38,-1.095561
30.19435,0.01009259,-12.00514,1.32,2.612245
30.20435,0.0163196,1.426891,1.26,1.986201
30.21435,0.01936153,-9.762212,1.18,-2.679595
30.22435,0.01227551,-9.615208,1.12,-0.9369596
30.23436,0.007367451,-5.165718,1.05,0.7123415
30.24436,0.01340206,-1.742021,1,2.097068
30.25436,0.02178706,-20.24908,0.91,-0.6255404
30.26436,0.01846847,7.979129,0.82,-2.37453
30.27436,0.01425852,-25.26851,0.8,1.386303
30.28437,0.01564649,14.13379,0.68,0.3940787
30.29437,0.01696321,-24.44356,0.66,0.760546
30.30437,0.01773998,8.323896,0.53,-2.758428
30.31437,0.01277875,-19.03951,0.52,1.576399
30.32438,0.01662219,1.796503,0.4,0.352876
30.33438,0.01672162,-11.42673,0.36,0.255165
30.34438,0.01886513,-5.817164,0.26,-2.077517
30.35438,0.01852812,-9.219714,0.2,0.3629656
30.36438,0.0172531,-17.26224,0.12,1.616865
30.37439,0.01503031,6.552602,0.05,-0.01037171
30.38439,0.0178887,-22.47551,-0.01,-0.6598201
30.39439,0.0164288,10.37053,-0.09,-1.836418
30.40439,0.01187723,-25.84768,-0.15,1.121706
30.41439,0.009647973,15.69546,-0.23,0.6527786
30.4244,0.01446115,-28.82817,-0.29,-0.1469042
30.4344,0.01518547,20.2563,-0.38,-3.688214
30.4444,0.01115845,-37.96162,-0.42,1.664361
30.4544,0.0128224,17.58063,-0.53,0.1357234
30.46441,0.01602092,-27.12614,-0.54,3.705078
30.47441,0.01961459,7.184396,-0.69,-4.750585
30.48441,0.01633924,-19.04529,-0.7,-1.418027
30.49441,0.01348749,-0.7080281,-0.82,0.9424312
30.50441,0.01248003,-7.229815,-0.85,4.312819
30.51442,0.0134942,-8.264481,-0.94,-1.867758
30.52442,0.0131262,-4.474655,-1.01,-2.624998
30.53442,0.009747187,-11.24674,-1.07,0.963702
30.54442,0.009896258,-1.002151,-1.14,2.091261
30.55442,0.01735413,-6.499681,-1.2,1.631902
30.56443,0.01955023,-11.91957,-1.28,-4.526835
30.57443,0.008407139,-5.820282,-1.35,-1.873469
30.58443,0.008394308,-3.397937,-1.41,2.780747
30.59443,0.01738064,-9.739451,-1.48,4.155989
30.60443,0.01663366,-3.927866,-1.56,-3.998221
30.61444,0.009812308,-16.9542,-1.62,-3.931892
30.62444,0.009519506,4.709804,-1.69,2.841338
30.63444,0.01680822,-13.55802,-1.74,3.973812
30.64444,0.02012589,-0.3472997,-1.84,-1.92723
30.65445,0.01736809,-9.040041,-1.89,-2.592778
30.66445,0.01311145,-4.253598,-1.98,-1.002171
30.67445,0.01064487,-10.50318,-2.03,3.631296
30.68445,0.0121904,0.07474577,-2.11,-0.3335384
30.69445,0.01404868,-13.15118,-2.16,-2.482539
30.70446,0.01125155,-2.660291,-2.24,-0.941375
30.71446,0.006735732,-10.05486,-2.28,1.457691
30.72446,0.00751948,2.404203,-2.36,0.8607365
30.73446,0.01186867,-16.54546,-2.4,-1.399821
30.74446,0.01051354,5.320033,-2.49,-1.066043
30.75447,0.00691955,-16.76096,-2.51,2.253568
30.76447,0.008427243,4.567552,-2.6,-0.3013458
30.77447,0.0116074,-11.49803,-2.62,0.7704558
30.78447,0.01314441,-8.277873,-2.73,-4.051031
30.79448,0.00877781,-0.4904423,-2.75,1.748041
30.80448,0.009648299,-16.16247,-2.82,1.102873
30.81448,0.01323972,6.51836,-2.87,-0.6153572
30.82448,0.01230433,-16.41245,-2.92,-0.8713059
30.83448,0.01206859,-0.3282939,-3,-1.798621
30.84449,0.01007139,-10.40052,-3.04,3.440741
30.85449,0.01204364,1.806566,-3.1,0.3936439
30.86449,0.01413829,-10.08405,-3.15,-0.5978588
30.87449,0.01387476,-2.341571,-3.23,-3.603002
30.88449,0.00534924,-10.12534,-3.26,1.561312
30.8945,0.001753748,2.077781,-3.32,2.747093
30.9045,0.01029085,-9.721152,-3.35,-0.4564304
30.9145,0.01260318,-0.3915717,-3.43,-4.452935
30.9245,0.003724127,-11.80541,-3.45,1.545332
30.93451,0.002971474,5.104097,-3.51,2.968019
30.94451,0.01157827,-8.379626,-3.53,-0.06089554
30.95451,0.01387695,-2.638664,-3.61,-4.657411
30.96451,0.005822743,-4.058139,-3.64,0.9113744
30.97451,0.002977591,-9.9259,-3.69,2.584896
30.98452,0.008313755,13.37216,-3.72,2.507896
30.99452,0.01511701,-23.79238,-3.77,-4.326311
31.00452,0.01089967,12.56259,-3.83,-2.466404
31.01452,0.001602189,-19.87849,-3.84,2.572598
31.02452,0.004261923,8.423914,-3.91,2.439651
31.03453,0.009189181,-8.672394,-3.92,-0.2249635
31.04453,0.00960557,0.4071515,-3.98,-3.855494
31.05453,0.00570221,-6.900698,-4,-0.5958439
31.06453,0.005077404,0.5558974,-4.05,3.043034
31.07454,0.005517366,-6.035537,-4.07,1.333748
31.08454,0.009369008,-1.621332,-4.12,-2.077375
31.09454,0.007536157,-4.295374,-4.15,-2.957887
31.10454,0.006250847,-2.671139,-4.18,2.732778
31.11454,0.005224145,1.165579,-4.21,1.445575
31.12455,0.007135295,-9.426333,-4.24,-0.9046953
31.13455,0.006734786,5.989307,-4.28,-2.407765
31.14455,0.003324079,-14.72621,-4.28,0.8343821
31.15455,0.002175509,12.13592,-4.33,1.175665
31.16455,0.003765777,-13.13307,-4.32,1.647094
31.17456,0.005274731,18.20455,-4.38,-0.7933304
31.18456,0.005526079,-21.3725,-4.36,-2.370361
31.19456,0.005087319,13.19874,-4.43,-0.05330817
31.20456,0.002660644,-11.26384,-4.39,1.684261
31.21457,0.006390015,2.991036,-4.46,0.154306
31.22457,0.006973289,-2.698673,-4.44,-2.308354
31.23457,0.004824561,-3.255378,-4.49,-1.748287
31.24457,0.003468308,3.113027,-4.48,3.043122
31.25457,0.002821112,-7.574259,-4.5,2.631483
31.26458,0.004873221,5.848255,-4.52,0.7036829
31.27458,0.002175284,-6.35243,-4.51,-4.473164
31.28458,-0.002743051,5.067702,-4.53,0.2259139
31.29458,-0.001420719,-4.507002,-4.52,2.996084
31.30458,0.001337985,5.870462,-4.53,-0.02822551
31.31459,0.000402479,-9.668662,-4.54,-4.240294
31.32459,-0.002414275,9.490426,-4.53,0.7504303
31.33459,0.000393032,-13.62846,-4.53,1.859011
31.34459,0.003918948,15.99808,-4.54,1.848176
31.3546,0.00366964,-17.88532,-4.52,-3.442656
31.3646,0.002614898,11.47414,-4.55,0.319204
31.3746,0.002089272,-7.02623,-4.51,1.813082
31.3846,0.003189898,12.5872,-4.53,1.121458
31.3946,0.001732871,-10.48825,-4.5,-0.8695287
31.40461,0.000000686,10.23579,-4.53,-1.691846
31.41461,-0.00294344,-1.49262,-4.48,1.657862
31.42461,-0.002928084,3.004516,-4.49,0.8223927
31.43461,-0.002987296,1.51065,-4.46,-0.3721073
31.44461,0.0000599,2.308862,-4.46,-1.850979
31.45462,0.001570859,9.626076,-4.43,0.2752347
31.46462,0.002580946,-16.09821,-4.41,2.081021
31.47462,0.001799082,19.64317,-4.42,-1.324813
31.48462,0.000381073,-14.09146,-4.37,0.5865641
31.49463,0.002835982,14.24508,-4.39,-1.155893
31.50463,-0.000569464,-7.523506,-4.34,1.654809
31.51463,-0.005052799,11.21315,-4.34,-1.272174
31.52463,-0.007841246,-3.950395,-4.28,1.415208
31.53463,-0.002691756,13.93058,-4.28,0.260449
31.54464,0.00035439,-5.240726,-4.23,-0.6864888
31.55464,-0.003541055,8.636897,-4.23,-0.6555058
31.56464,-0.004734441,6.760864,-4.16,0.2894588
31.57464,0.001313031,8.475271,-4.15,1.901437
31.58464,0.004177754,2.932082,-4.11,-2.318803
31.59465,-0.001351634,-4.200215,-4.11,-2.263965
31.60465,-0.006230208,10.3996,-4.05,1.174284
31.61465,-0.004698108,0.5769345,-4.02,1.815283
31.62465,-0.002771922,11.16755,-3.98,0.2843886
31.63465,-0.006042012,-7.843435,-3.95,-4.174464
31.64466,-0.0116087,15.02257,-3.9,1.115727
31.65466,-0.009713283,-3.75934,-3.84,2.20472
31.66466,-0.004693005,18.19879,-3.81,3.149178
31.67466,-0.002103608,-6.961239,-3.74,-2.553287
31.68467,-0.00737073,10.28302,-3.72,-3.890828
31.69467,-0.009842802,-0.3644853,-3.64,2.838684
31.70467,-0.001095563,14.61652,-3.61,4.315362
31.71467,0.00334254,0.4069688,-3.55,-0.312872
31.72467,-0.002332561,4.092109,-3.52,-6.256169
31.73468,-0.008172142,6.180593,-3.46,1.466516
31.74468,-0.006427017,9.686983,-3.41,3.14769
31.75468,-0.002608738,6.296187,-3.35,3.138656
31.76468,-0.001090238,6.684787,-3.3,-3.379511
31.77468,-0.007443876,-1.468457,-3.24,-4.050478
31.78469,-0.01445174,10.21298,-3.19,3.193906
31.79469,-0.009508519,5.947445,-3.11,2.767577
31.80469,-0.004165359,8.918607,-3.06,-1.005353
31.81469,-0.005711592,2.447767,-2.99,-4.119878
31.8247,-0.007789497,7.694351,-2.94,2.169619
31.8347,-0.008107289,7.620899,-2.87,2.504198
31.8447,-0.003040876,5.451336,-2.81,-0.07765748
31.8547,-0.003634,10.56496,-2.75,-3.188659
31.8647,-0.007865175,-10.74863,-2.68,-1.374073
31.87471,-0.008468705,26.44772,-2.63,2.940161
31.88471,-0.006761852,-10.2026,-2.53,1.620131
31.89471,-0.00643408,27.44407,-2.49,-1.677048
31.90471,-0.007398058,-15.47268,-2.39,-2.567317
31.91471,-0.009674091,26.89535,-2.36,1.561248
31.92472,-0.01066259,-12.47782,-2.24,2.017294
31.93472,-0.006387244,26.91832,-2.22,-0.2688361
31.94472,-0.004320853,-9.264956,-2.1,-0.8857105
31.95472,-0.002593311,9.391289,-2.08,-1.900794
31.96473,-0.003648188,7.05033,-1.97,1.227428
31.97473,-0.003803807,4.854568,-1.91,0.9052113
31.98473,-0.002812785,11.8476,-1.84,-0.2928775
31.99473,-0.000332789,0.6831316,-1.77,-1.290863
32.00473,-0.002868456,15.37371,-1.71,-0.6974457
32.01472,-0.005932001,-6.998944,-1.62,2.310282
32.02472,-0.008240828,26.52764,-1.57,0.06794778
32.03471,-0.007538937,-9.473128,-1.45,0.5076667
32.04471,-0.006713088,26.0314,-1.43,-3.401178
32.0547,-0.01078734,-13.55889,-1.3,0.8025002
32.0647,-0.01339596,32.0441,-1.27,0.2874283
32.07469,-0.01069096,-12.29451,-1.12,2.729223
32.08469,-0.003480532,25.87065,-1.1,-2.680288
32.09468,-0.005164872,-9.472362,-0.97,-2.124717
32.10468,-0.007834254,19.40702,-0.94,0.4912226
32.11467,-0.006602526,2.713073,-0.8,4.39668
32.12466,0.000284436,11.44425,-0.77,-0.2641549
32.13466,-0.001216684,6.187628,-0.66,-4.32245
32.14465,-0.007166752,4.875707,-0.61,-0.3517806
32.15465,-0.008918377,22.18446,-0.5,2.26863
32.16464,-0.008168932,-1.464637,-0.4,2.688155
32.17464,-0.00290308,18.54167,-0.35,-2.322627
32.18463,-0.00778367,-4.26501,-0.24,-2.827392
32.19463,-0.01076686,16.11371,-0.18,0.4292181
32.20462,-0.008832788,7.473001,-0.06,3.983512
32.21461,-0.001818815,9.156286,0,-0.1577085
32.22461,-0.001995682,7.47303,0.08,-1.724669
32.2346,-0.008511208,5.299154,0.16,-3.241152
32.2446,-0.01024422,12.47945,0.25,3.460638
32.25459,-0.008865443,8.889868,0.35,2.130845
32.26459,-0.006269806,1.960328,0.42,-0.3218234
32.27458,-0.009913051,15.67752,0.51,-4.615774
32.28458,-0.01107166,-4.661446,0.6,-0.5091274
32.29457,-0.01118989,25.58472,0.69,4.047205
32.30457,-0.00652238,-12.32141,0.79,1.481603
32.31456,-0.005429889,32.74711,0.85,-2.799642
32.32455,-0.009574309,-19.62934,0.97,-2.680931
32.33455,-0.009685094,36.46501,1.02,2.708573
32.34454,-0.007897916,-14.10112,1.16,2.939533
32.35454,-0.004529134,18.59437,1.18,0.523666
32.36453,-0.003675902,3.426594,1.32,-3.350448
32.37453,-0.00404818,6.937459,1.38,-1.322538
32.38452,-0.008328735,12.1046,1.47,3.112467
32.39452,-0.007941963,4.404896,1.56,1.851215
32.40451,-0.005785754,12.99129,1.63,-1.392468
32.41451,-0.007918794,2.959914,1.72,-3.825974
32.4245,-0.009749025,12.58484,1.8,2.749896
32.43449,-0.01161968,6.009679,1.9,2.660676
32.44449,-0.006951412,11.59906,1.97,-0.3497165
32.45448,-0.002186623,4.198888,2.05,-3.899783
32.46448,-0.003282371,8.255789,2.12,-1.304195
32.47447,-0.005537536,3.943915,2.2,3.399779
32.48447,-0.003578037,11.64583,2.27,1.676849
32.49446,-0.00065203,4.855562,2.35,-1.671181
32.50446,-0.002174737,7.125237,2.41,-4.35624
32.51445,-0.006849191,4.677923,2.49,2.38424
32.52444,-0.009672166,12.61629,2.57,3.170433
32.53444,-0.005657973,0.9062229,2.65,1.328131
32.54443,-0.003301903,8.839699,2.7,-5.775803
32.55443,-0.006167694,-1.786876,2.78,-1.005051
32.56442,-0.0104413,20.35186,2.84,2.383654
32.57442,-0.005531991,-6.706325,2.94,5.252428
32.58441,0.002291102,25.4621,2.97,-2.312266
32.59441,0.002229708,-14.84256,3.06,-4.742197
32.6044,-0.005511071,23.81435,3.08,0.8840824
32.6144,-0.005314693,-10.15121,3.2,5.114902
32.62439,0.001651422,25.16863,3.21,-0.7744836
32.63438,0.001888943,-11.39347,3.31,-3.971447
32.64438,-0.005269942,14.92696,3.31,-1.519475
32.65437,-0.007812701,7.489224,3.43,4.137951
32.66437,-0.004035294,-4.366383,3.47,2.857572
32.67436,-0.0000607,18.95718,3.52,-0.380829
32.68436,0.001419648,-13.03585,3.57,-4.495373
32.69435,-0.003914029,23.10316,3.62,-0.1093001
32.70435,-0.005462622,-15.08439,3.69,3.773856
32.71434,0.00068361,31.30119,3.72,1.621582
32.72433,0.003028308,-24.64216,3.79,-2.322481
32.73433,-0.00135475,31.56402,3.79,-4.347259
32.74432,-0.004755822,-23.26856,3.89,3.247378
32.75432,-0.000803691,25.40263,3.88,2.378593
32.76431,0.002360143,-10.82915,3.99,1.866372
32.77431,0.003289055,12.95316,3.96,-6.518701
32.7843,-0.004808516,-4.447107,4.05,0.4848337
32.7943,-0.004273538,9.53916,4.06,2.66842
32.80429,0.000615991,5.908624,4.13,3.797879
32.81429,0.003265,-3.233383,4.14,-4.186693
32.82428,-0.000697732,10.07631,4.18,-2.748
32.83427,-0.006805321,-4.476742,4.23,1.768458
32.84427,-0.001956978,14.38254,4.25,4.396227
32.85426,0.004614288,-8.310686,4.29,-0.1952422
32.86426,0.003832423,9.614573,4.29,-6.397047
32.87425,-0.002622769,-7.9005,4.34,-1.274649
32.88425,-0.000980185,8.955317,4.35,3.794441
32.89424,0.005164423,3.099218,4.39,5.212534
32.90424,0.00718447,-0.3455964,4.39,-4.9652
32.91423,0.001539767,-0.5296088,4.41,-4.28196
32.92422,-0.001452611,4.095871,4.43,2.155702
32.93422,0.000872916,4.548979,4.45,6.71787
32.94421,0.004800064,-3.646163,4.46,-2.491997
32.95421,0.00303989,3.109546,4.46,-4.522743
32.9642,0.00000932,-0.0467798,4.48,0.1813476
32.9742,0.002729664,0.7554716,4.49,5.100425
32.98419,0.0076075,1.083228,4.49,0.2693037
32.99419,0.007891576,-0.6469745,4.48,-5.127399
33.00418,0.001060333,-3.959518,4.49,-1.406059
33.01418,-0.000569349,-0.4464437,4.49,2.587813
33.02417,0.003639792,5.229607,4.5,3.968133
33.03416,0.006744614,-5.85272,4.49,-4.350359
33.04416,0.000962722,-0.0633672,4.48,-2.594966
33.05415,-0.004123719,-3.677418,4.48,1.152462
33.06415,-0.002173397,4.671054,4.47,4.043926
33.07414,0.007074161,-5.665169,4.47,0.01238464
33.08414,0.009962033,1.940308,4.44,-5.287182
33.09413,0.005740616,-10.00274,4.44,-0.5438317
33.10413,0.0025878,5.602235,4.41,2.968992
33.11412,0.007618784,-6.365365,4.42,3.49649
33.12411,0.0119592,-0.9362336,4.37,-5.26664
33.13411,0.006286336,-5.92994,4.36,-2.770826
33.1441,0.000145716,-3.156362,4.33,2.904177
33.1541,0.002060291,4.366996,4.31,4.681589
33.16409,0.009372866,-16.99386,4.29,0.5251127
33.17409,0.006853088,8.021148,4.23,-6.64438
33.18408,0.001139726,-17.38886,4.23,0.02777426
33.19408,0.004477537,11.28615,4.17,3.918113
33.20407,0.008425229,-15.78387,4.17,3.669712
33.21407,0.009357745,4.297741,4.09,-5.323478
33.22406,0.006529345,-10.24196,4.09,-2.847436
33.23405,0.00571251,-2.448203,4.02,3.0441
33.24405,0.008377269,-3.271048,4,2.841744
33.25404,0.01061261,-6.304274,3.94,-0.3891196
33.26404,0.00983646,-6.472423,3.89,-3.942776
33.27403,0.006350159,-5.417142,3.84,-0.4172748
33.28403,0.003276292,-2.977409,3.8,3.194161
33.29402,0.006405625,-7.278711,3.75,1.21611
33.30402,0.01047114,0.5340279,3.69,-2.354264
33.31401,0.008009828,-14.23057,3.65,-3.180811
33.32401,0.004171366,4.311466,3.58,2.865158
33.334,0.00434591,-16.01277,3.55,2.484992
33.34399,0.009512383,5.952158,3.46,-0.2461837
33.35399,0.008899446,-19.96699,3.43,-4.651847
33.36398,0.003993509,-0.7107592,3.34,-2.046523
33.37398,0.003957106,-1.813377,3.32,4.558131
33.38397,0.01034965,-12.51039,3.23,2.434592
33.39397,0.01130038,3.698062,3.17,-2.288573
33.40396,0.006837221,-24.92018,3.1,-5.729148
33.41396,0.005170945,10.29588,3.02,1.709859
33.42395,0.008442488,-21.63815,2.98,5.213171
33.43394,0.01259175,4.705803,2.87,-0.3727569
33.44394,0.008953071,-17.83589,2.83,-3.686736
33.45393,0.007904978,-11.54683,2.72,-4.268041
33.46393,0.007326335,1.871454,2.66,5.961142
33.47392,0.0108687,-17.51683,2.59,1.29943
33.48392,0.01512816,2.04705,2.48,-3.472441
33.49391,0.00925924,-20.05729,2.43,-3.840647
33.50391,0.006319735,2.195655,2.32,2.854882
33.5139,0.01008548,-14.69669,2.27,3.904424
33.5239,0.01416557,-5.628557,2.15,-3.238896
33.53389,0.009717299,-10.68416,2.08,-3.338447
33.54388,0.009777518,-10.42314,1.99,-0.4916908
33.55388,0.01005809,-3.808081,1.9,4.884277
33.56387,0.01105233,-18.91393,1.82,0.4947347
33.57387,0.0120606,0.9979504,1.71,-3.284454
33.58386,0.01087106,-14.71643,1.65,-3.68923
33.59386,0.009347017,-6.508344,1.53,2.749254
33.60385,0.008471332,-4.180845,1.46,3.803631
33.61385,0.01146515,-15.21396,1.36,-1.458748
33.62384,0.009995068,-3.424701,1.27,-5.663189
33.63383,0.007576415,-21.77934,1.17,0.5833163
33.64383,0.006275699,9.931166,1.08,5.339217
33.65382,0.0123589,-25.0252,1,1.833383
33.66382,0.01498933,5.216886,0.86,-5.168056
33.67381,0.008141962,-27.47911,0.81,-3.080561
33.68381,0.004302596,6.080166,0.67,4.534136
33.6938,0.008885411,-16.87486,0.63,3.453116
33.7038,0.01580748,-4.944857,0.49,-3.531633
33.71379,0.01148994,-16.24235,0.41,-4.922878
33.72379,0.005482939,-11.79388,0.3,2.947403
33.73378,0.007507159,1.923207,0.22,4.465923
33.74377,0.01756381,-23.75629,0.12,-1.257779
33.75377,0.01792711,5.398974,0,-5.753916
33.76376,0.006766949,-40.54929,-0.06,-1.748889
33.77376,0.005532543,16.93489,-0.2,4.917123
33.78375,0.01122267,-26.27501,-0.24,3.927391
33.79375,0.0163359,0.9982203,-0.41,-4.641116
33.80374,0.009807753,-22.39165,-0.46,-5.28292
33.81374,0.00428078,-2.280836,-0.59,2.069612
33.82373,0.008604445,-10.63758,-0.64,7.478484
33.83372,0.01301795,-8.46854,-0.78,-2.604168
33.84372,0.01319155,-9.865244,-0.86,-4.499398
33.85371,0.006805858,-20.36049,-0.97,-2.960744
33.86371,0.005293507,3.545491,-1.08,6.321167
33.8737,0.01107337,-19.48597,-1.14,2.52903
33.8837,0.01720823,2.031161,-1.28,-4.696733
33.89369,0.0118885,-25.01951,-1.35,-4.390738
33.90369,0.005369642,8.263902,-1.47,2.829169
33.91368,0.008399162,-18.23202,-1.52,6.381358
33.92368,0.01491396,-0.7115834,-1.65,-3.710855
33.93367,0.00785045,-18.5904,-1.71,-5.35153
33.94366,0.003875789,-3.353028,-1.82,-0.4403767
33.95366,0.005893615,-8.302109,-1.89,6.81272
33.96365,0.01099888,-14.04567,-1.99,3.615657
33.97365,0.0126718,-3.640452,-2.1,-5.424479
33.98364,0.007572804,-19.36972,-2.17,-3.209448
33.99364,0.008693357,2.975596,-2.26,3.875932
34.00363,0.01287886,-17.9941,-2.33,4.753311
34.01363,0.0118661,-1.971069,-2.44,-3.905135
34.02362,0.005688398,-17.26057,-2.5,-5.359919
34.03362,0.005768783,-3.310397,-2.61,2.260236
34.04361,0.008823465,-5.078663,-2.65,4.530332
34.0536,0.0116492,-20.90412,-2.76,2.404752
34.0636,0.01073504,16.88553,-2.86,-5.140049
34.07359,0.008446122,-34.39443,-2.89,-3.322544
34.08359,0.006138564,16.65913,-3.02,2.212789
34.09358,0.007385179,-25.52459,-3.03,4.277859
34.10358,0.007638323,2.137073,-3.17,-1.720247
34.11357,0.001683357,-11.1455,-3.18,-4.782326
34.12357,0.005357544,-7.028027,-3.29,1.284876
34.13356,0.00948395,5.565206,-3.32,2.734513
34.14355,0.01045969,-26.94799,-3.41,1.875269
34.15355,0.005330985,11.60192,-3.48,-4.346068
34.16354,0.003069616,-21.69035,-3.51,-1.060951
34.17354,0.008149657,9.634835,-3.62,0.9921805
34.18353,0.01116383,-16.01567,-3.63,3.487983
34.19353,0.0103175,-2.180762,-3.74,-1.690682
34.20352,0.004237683,-7.988417,-3.77,-2.485851
34.21352,0.004718918,-3.509305,-3.83,0.2191706
34.22351,0.009337284,0.1024727,-3.88,2.290327
34.23351,0.008353131,-13.01877,-3.93,0.5136473
34.2435,0.004144569,4.03928,-3.99,-2.298182
34.25349,0.001599409,-12.47149,-4.01,-0.747892
34.26349,0.002734963,4.220135,-4.08,1.363959
34.27348,0.004832343,-7.504281,-4.09,1.489746
34.28348,0.006473897,-3.474174,-4.15,-0.4890606
34.29347,0.003744342,-3.924027,-4.17,-2.928673
34.30347,0.003624633,-7.504356,-4.22,-0.3270712
34.31346,0.003926359,7.747081,-4.24,2.450161
34.32346,0.006172952,-17.78627,-4.27,0.9866819
34.33345,0.003796373,15.08327,-4.31,-2.411985
34.34344,0.001394657,-19.6082,-4.31,-1.842447
34.35344,0.002882462,10.29403,-4.36,1.977933
34.36343,0.004196983,-9.008241,-4.34,2.442927
34.37343,0.005272887,0.9434503,-4.4,-0.9479913
34.38342,0.001981549,-1.590933,-4.39,-3.167639
34.39342,0.001331903,-6.401661,-4.41,0.0706895
34.40341,0.002864793,11.60771,-4.43,2.961377
34.41341,0.004444472,-16.50177,-4.42,0.8112981
34.4234,0.005115621,17.09848,-4.46,-2.948078
34.4334,0.002688973,-16.77901,-4.42,-1.64107
34.44339,0.003302521,14.4151,-4.47,1.898245
34.45338,0.005782395,-7.802785,-4.43,3.563875
34.46338,0.007469712,-0.08055524,-4.47,-2.267901
34.47337,0.00215508,-0.7795179,-4.44,-3.658705
34.48337,-0.001431045,1.47429,-4.45,-0.5616269
34.49336,0.00107529,5.492567,-4.42,4.820997
34.50336,0.003053287,-0.8028368,-4.42,-0.4837612
34.51335,0.00368571,1.163947,-4.41,-2.967878
34.52335,-0.001420189,5.472009,-4.39,-0.867116
34.53334,0.000870555,-0.1839575,-4.36,3.499852
34.54333,0.005780471,5.824235,-4.35,1.405109
34.55333,0.004647781,-0.271457,-4.32,-2.765928
34.56332,-0.000320212,2.560019,-4.3,-2.152626
34.57332,-0.002786736,5.278651,-4.26,1.190302
34.58331,0.002105907,5.882147,-4.22,3.927088
34.59331,0.005998902,0.6176486,-4.2,-1.942155
34.6033,-0.00164894,3.945467,-4.17,-2.527147
34.6133,-0.006162004,5.099969,-4.11,0.604689
34.62329,-0.002821188,8.879682,-4.07,3.2823
34.63329,0.001733881,1.482988,-4.02,-0.4809157
34.64328,-0.001044818,6.754601,-3.99,-3.203587
34.65327,-0.007166738,4.597476,-3.92,0.2217925
34.66327,-0.005910004,6.198366,-3.87,1.808033
34.67326,0.001795843,10.52723,-3.8,2.666387
34.68326,0.002830207,1.619153,-3.76,-3.527107
34.69325,-0.004335155,9.310887,-3.69,-1.24544
34.70325,-0.003653267,0.9413804,-3.63,1.298678
34.71324,0.001962762,18.86178,-3.57,2.59508
34.72324,0.001744416,0.1842817,-3.49,-1.690535
34.73323,-0.004572927,7.534647,-3.44,-3.137578
34.74323,-0.009821672,11.41362,-3.35,1.741197
34.75322,-0.002630783,2.992014,-3.28,2.648443
34.76321,0.00299791,16.38134,-3.21,0.2696367
34.77321,0.001833039,-3.840796,-3.12,-3.400796
34.7832,-0.003397394,15.19512,-3.07,-0.4062983
34.7932,-0.003908905,5.955606,-2.96,2.950697
34.80319,0.007010408,10.20727,-2.9,0.9000835
34.81319,0.004491787,7.149607,-2.82,-3.058366
34.82318,-0.000704594,4.328879,-2.74,-0.8291572
34.83318,-0.005237284,18.03411,-2.66,2.379562
34.84317,0.000156357,0.9845901,-2.56,1.826878
34.85316,0.000930691,17.64885,-2.5,-2.695307
34.86316,-0.004234415,-14.18488,-2.39,-2.541083
34.87315,-0.00873771,33.05012,-2.32,1.201857
34.88315,-0.002141909,-14.11911,-2.19,3.928223
34.89314,0.00311416,35.24682,-2.14,-3.348028
34.90314,-0.000585962,-20.27103,-2,-2.103271
34.91313,-0.003509963,36.22093,-1.96,0.7565053
34.92313,0.000000244,-14.02157,-1.8,3.961815
34.93312,0.005813058,35.61638,-1.77,-3.144148
34.94312,0.00229382,-15.39304,-1.61,-1.816199
34.95311,-0.002758098,18.32387,-1.58,0.1821996
34.9631,-0.005453341,8.690874,-1.41,4.362385
34.9731,-0.00140832,11.2268,-1.33,-0.927478
34.98309,-0.0025294,12.42284,-1.22,-3.732093
34.99309,-0.009140583,3.290507,-1.11,-0.02246519
35.00308,-0.008239431,23.54212,-1.01,4.739867
35.01308,-0.003451379,0.07261912,-0.87,0.6415227
35.02307,-0.000638007,19.31302,-0.8,-5.559059
35.03307,-0.004658885,1.899611,-0.66,-0.6845344
35.04306,-0.002647605,20.84254,-0.57,4.700699
35.05305,-0.000209967,4.384502,-0.44,2.526812
35.06305,0.005266416,15.88721,-0.36,-4.895755
35.07304,0.001547849,5.13907,-0.23,-3.760052
35.08304,0.000252686,13.59502,-0.14,3.025087
35.09303,0.000459631,8.859451,-0.02,4.803905
35.10303,0.002166919,14.74587,0.07,-3.260177
35.11302,-0.00323764,9.340799,0.19,-4.772881
35.12302,-0.009329919,10.10406,0.3,2.655723
35.13301,-0.007715936,13.92986,0.42,5.424923
35.14301,-0.003407113,14.54582,0.53,-1.992
35.153,-0.004893149,10.67696,0.64,-5.365335
35.16299,-0.00653806,8.771843,0.77,-0.0958167
35.17299,-0.004413205,17.18624,0.88,5.091629
35.18298,-0.000735758,7.804403,1,0.7231179
35.19298,0.001114732,11.64858,1.09,-5.096016
35.20297,-0.00283877,8.905404,1.21,-1.900254
35.21297,-0.00344894,15.12084,1.32,5.460199
35.22296,-0.001867127,9.587599,1.44,1.403526
35.23296,-0.002129236,7.832552,1.53,-4.210096
35.24295,-0.005566262,14.08255,1.64,-2.736292
35.25294,-0.007694531,8.313448,1.76,5.246761
35.26294,-0.005020534,13.93399,1.86,1.180857
35.27293,-0.004082448,10.93327,1.97,-1.5585
35.28293,-0.001330117,10.45522,2.06,-4.102478
35.29292,-0.004567489,11.57745,2.18,4.016922
35.30292,-0.00164109,2.156615,2.26,1.477984
35.31291,-0.001698951,20.97521,2.37,-1.971578
35.32291,-0.002339567,-1.576144,2.47,-3.026147
35.3329,-0.000533899,21.50919,2.55,2.845951
35.3429,0.001076576,-6.558943,2.65,2.660705
35.35289,-0.001872503,19.07246,2.72,-2.260036
35.36288,-0.002551268,-0.1985904,2.84,-1.146757
35.37288,0.000151868,16.98919,2.9,-0.9640573
35.38287,-0.0000655,1.47475,3.01,3.433481
35.39287,-0.004145011,13.39534,3.06,-1.269123
35.40286,-0.004717578,2.249961,3.17,-0.370268
35.41286,-0.000706763,12.33025,3.22,-1.830448
35.42285,-0.0000438,3.244839,3.32,2.222661
35.43285,-0.002314297,10.85535,3.37,-0.4940714
35.44284,-0.002130058,5.016702,3.47,-0.04729394
35.45284,0.001288376,7.663695,3.52,-1.466462
35.46283,0.001347514,6.428956,3.6,1.084063
35.47282,-0.001194122,2.770381,3.64,0.1442673
35.48282,-0.003259302,8.53986,3.73,-0.07021533
35.49281,0.000294672,3.812681,3.77,-0.4522553
35.50281,0.001793444,10.92013,3.84,0.5201353
35.5128,-0.001137997,-3.786166,3.88,0.4463499
35.5228,-0.003080468,11.03982,3.94,-0.8585162
35.53279,0.00133872,1.202048,3.99,0.2140874
35.54279,0.00547033,10.22066,4.03,-0.1421845
35.55278,0.001782148,-2.488593,4.07,0.7029524
35.56277,0.000188842,4.56901,4.1,-1.729191
35.57277,-0.000203073,6.432392,4.15,1.574014
35.58276,0.002815978,-2.908029,4.19,-0.4196181
35.59276,0.002950953,6.684207,4.2,-0.52261
35.60275,-0.003284808,2.827298,4.25,-0.3967668
35.61275,-0.003207391,4.010484,4.27,2.245861
35.62274,0.001623392,4.584421,4.31,0.3300825
35.63274,0.003257904,-3.125116,4.31,-2.244693
35.64273,-0.002705048,10.34246,4.34,0.1736575
35.65273,0.000130875,-9.179772,4.36,1.672568
35.66272,0.007680261,16.02899,4.35,1.169933
35.67271,0.009014091,-17.02977,4.39,-2.86948
35.68271,0.000423243,11.88983,4.35,-0.3912272
35.6927,-0.002063456,-11.8105,4.4,1.973565
35.7027,0.004631317,15.14358,4.36,1.617813
35.71269,0.004374974,-14.88641,4.39,-3.302029
35.72269,-0.001657689,7.072289,4.34,-0.2267308
35.73268,-0.00486608,-6.655161,4.38,1.784364
35.74268,0.001601222,8.697825,4.35,1.825013
35.75267,0.005131119,-10.79699,4.35,-3.446378
35.76266,0.000476581,-0.4054002,4.3,-2.292038
35.77266,-0.000493107,-1.492283,4.31,2.555754
35.78265,0.005501314,1.171465,4.27,1.934586
35.79265,0.009500006,-5.887719,4.25,-0.8191109
35.80264,0.004704351,-4.473854,4.2,-4.914096
35.81264,-0.000372611,-0.373674,4.18,3.156395
35.82263,0.002409674,-7.677588,4.14,1.817087
35.83263,0.008018138,3.778713,4.1,0.4974759
35.84262,0.005578608,-16.5033,4.05,-6.487845
35.85262,-0.00107947,2.98783,4,1.814393
35.86261,-0.000792069,-12.92534,3.97,2.702196
35.8726,0.008795438,3.933822,3.89,0.9319251
35.8826,0.009927053,-12.35399,3.85,-4.969275
35.89259,0.005959987,-7.151563,3.76,0.02474015
35.90259,0.000725837,-2.307709,3.72,3.546402
35.91258,0.007864208,-10.68671,3.65,1.025253
35.92258,0.01004084,-0.2978646,3.57,-4.294543
35.93257,0.005666495,-23.0703,3.51,-1.64557
35.94257,0.002306757,9.818668,3.42,3.841811
35.95256,0.005915613,-26.12749,3.38,1.297774
35.96255,0.009465321,21.70677,3.25,-2.224299
35.97255,0.009517385,-40.32814,3.22,-4.283867
35.98254,0.003161957,20.45389,3.08,2.704796
35.99254,0.003383096,-33.97105,3.06,4.340456
36.00253,0.0093442,14.38769,2.9,-2.543547
36.01253,0.00736744,-29.67463,2.87,-4.736754
36.02252,0.001716124,5.982836,2.72,-0.1331002
36.03252,0.004076972,-23.88148,2.68,6.160154
36.04251,0.008997791,7.217189,2.54,-1.894067
36.05251,0.009565711,-21.28277,2.48,-2.925953
36.0625,0.004165264,-4.967448,2.33,-3.494894
36.07249,0.003090845,-14.73052,2.26,4.943253
36.08249,0.008532561,-5.17135,2.13,-1.945716
36.09248,0.011874,-13.54695,2.04,-1.859468
36.10248,0.01003793,-15.22534,1.91,-2.864127
36.11247,0.006519223,-4.219973,1.81,3.876719
36.12247,0.005023253,-20.62598,1.71,0.9482456
36.13246,0.01217853,3.559332,1.57,-1.665771
36.14246,0.009568293,-25.15705,1.49,-2.845416
36.15245,0.007484928,-7.238071,1.33,0.7793838
36.16245,0.002808747,-3.868742,1.25,4.406138
36.17244,0.007184257,-23.47458,1.12,-1.318683
36.18243,0.009525527,2.480255,0.99,-2.777028
36.19243,0.008965958,-26.93839,0.89,-1.149935
36.20242,0.005957446,1.716398,0.74,1.675671
36.21242,0.005526936,-25.37983,0.66,1.742459
36.22241,0.01168471,2.99268,0.5,-3.021863
36.23241,0.01460073,-24.89976,0.41,-0.2662047
36.2424,0.01301259,-5.351196,0.24,0.1293926
36.2524,0.009882771,-13.71023,0.15,1.368193
36.26239,0.009185057,-12.27078,0,-1.526488
36.27238,0.009580607,-8.822432,-0.12,-1.035584
36.28238,0.01200193,-17.09994,-0.25,2.053319
36.29237,0.009653188,-7.364806,-0.38,0.1725717
36.30237,0.00428491,-17.47575,-0.49,-2.041536
36.31236,0.005340514,-7.575135,-0.62,-1.263569
36.32236,0.006867265,-11.71723,-0.73,2.685172
36.33235,0.009754758,-14.76111,-0.86,0.541867
36.34235,0.007301384,-9.566708,-0.99,-2.906602
36.35234,0.006564616,-14.38456,-1.1,-0.4157296
36.36234,0.008542108,-7.758066,-1.23,1.755586
36.37233,0.01158882,-20.41228,-1.33,2.222485
36.38232,0.009092877,-1.324869,-1.47,-2.627381
36.39232,0.007264609,-23.71812,-1.56,-2.449983
36.40231,0.008805961,-2.380637,-1.72,0.3739704
36.41231,0.009142181,-12.1712,-1.78,4.51615
36.4223,0.00974695,-15.13809,-1.94,-1.680797
36.4323,0.009355599,-6.029659,-2.02,-2.447919
36.44229,0.009321337,-19.89371,-2.16,-2.917845
36.45229,0.006178884,6.878588,-2.25,4.267718
36.46228,0.008889959,-25.42039,-2.35,4.668336
36.47227,0.015042,-0.01789169,-2.5,-1.895133
36.48227,0.0106463,-20.52257,-2.58,-5.725653
36.49226,0.008167839,-10.12178,-2.71,1.046922
36.50226,0.01111383,-3.141632,-2.79,6.086329
36.51225,0.01274794,-18.13668,-2.89,-1.073082
36.52225,0.01197442,-2.496696,-3,-4.656522
36.53224,0.006834229,-16.28503,-3.08,-2.744611
36.54224,0.007806358,-2.857589,-3.17,5.862601
36.55223,0.01262375,-13.24923,-3.25,4.449643
36.56223,0.01351188,-2.076252,-3.36,-2.194369
36.57222,0.01197911,-23.22205,-3.43,-6.139684
36.58221,0.005421347,10.53671,-3.54,0.01391858
36.59221,0.007921387,-22.48531,-3.57,6.902785
36.6022,0.01258226,9.448751,-3.7,-0.2870775
36.6122,0.007334871,-25.63445,-3.72,-4.55724
36.62219,0.001446314,7.773547,-3.84,-4.162861
36.63219,0.004399814,-15.75901,-3.85,5.375994
36.64218,0.01154348,3.726719,-3.95,3.774335
36.65218,0.01517385,-12.65782,-3.98,-2.71464
36.66217,0.009913177,-9.388674,-4.07,-6.181527
36.67216,0.006866501,1.701877,-4.1,1.397709
36.68216,0.008729532,-4.486254,-4.15,5.239627
36.69215,0.01291695,-4.241954,-4.19,0.9475923
36.70215,0.008650289,-8.12152,-4.25,-6.455416
36.71214,0.003387691,-0.4898351,-4.27,-1.536698
36.72214,0.006802764,-2.934683,-4.3,2.969051
36.73213,0.01110882,-1.357076,-4.34,3.81822
36.74213,0.008935518,-0.4771135,-4.36,-3.965435
36.75212,0.009173499,-12.76253,-4.39,-2.692242
36.76212,0.00820532,14.86617,-4.42,1.854932
36.77211,0.01125889,-14.50145,-4.4,2.768348
36.7821,0.01224129,8.629501,-4.46,-1.933109
36.7921,0.007928234,-6.491509,-4.44,-2.475423
36.80209,0.005228782,4.525776,-4.46,0.943588
36.81209,0.00571265,1.107115,-4.44,3.123731
36.82208,0.007179081,0.0398253,-4.45,-1.065314
36.83208,0.005098995,0.9140131,-4.44,-2.330633
36.84207,-0.002741561,3.217449,-4.42,0.3253987
36.85207,0.000469365,2.588788,-4.39,2.739163
36.86206,0.005176989,16.30849,-4.37,-0.0378841
36.87206,0.008147206,-15.80851,-4.34,-3.376908
36.88205,0.003688902,18.96476,-4.33,-1.098882
36.89204,0.004589552,-8.426421,-4.25,4.062924
36.90204,0.01118056,14.84133,-4.25,1.342256
36.91203,0.01254593,-2.826391,-4.19,-2.704067
36.92203,0.006495814,9.781938,-4.17,-1.878847
36.93202,0.003107336,-0.739803,-4.1,3.327852
36.94202,0.003279572,18.91925,-4.06,2.410652
36.95201,0.006331064,-2.069326,-3.99,-0.4407471
36.96201,0.003084442,10.15385,-3.95,-5.338448
36.972,0.001806157,3.215336,-3.86,1.610982
36.98199,0.002706414,11.76148,-3.8,2.963003
36.99199,0.00631774,6.333371,-3.72,1.041433
37.00198,0.007501444,8.196869,-3.66,-4.412196
37.01198,0.005880936,6.60803,-3.58,0.1495318
37.02197,0.003634502,8.324064,-3.5,1.844081
37.03197,0.000762418,11.56439,-3.41,2.258604
37.04196,0.004515004,11.01189,-3.32,-0.875101
37.05196,0.004261858,4.513892,-3.24,-1.894421
37.06195,-0.002435809,15.05302,-3.15,-1.38607
37.07195,-0.002747907,6.726283,-3.04,3.075376
37.08194,0.003828945,17.5362,-2.94,-0.504902
37.09193,0.007860569,6.205711,-2.84,-1.739475
37.10193,0.00229691,10.51186,-2.74,-1.569625
37.11192,-0.002781644,11.84215,-2.63,1.986654
37.12192,-0.002269357,18.40891,-2.5,1.820146
37.13191,0.005138291,1.334729,-2.4,-0.7985793
37.14191,0.002026357,23.682,-2.29,-2.713643
37.1519,-0.003848037,-3.857589,-2.16,0.08323819
37.1619,-0.003050809,28.34172,-2.05,1.50541
37.17189,0.001073863,2.234024,-1.88,2.371829
37.18188,0.005228274,19.19906,-1.81,-2.93657
37.19188,0.000801236,5.187827,-1.66,-1.009959
37.20187,-0.006215778,17.28221,-1.54,0.2355278
37.21187,-0.004432178,14.88132,-1.39,3.703298
37.22186,0.000915328,11.64945,-1.27,-1.291879
37.23186,0.00170517,12.17839,-1.15,-2.610685
37.24185,-0.007232824,12.06542,-1.01,-0.6691259
37.25185,-0.005245045,15.64248,-0.87,3.066726
37.26184,0.002901975,13.9872,-0.73,1.888191
37.27184,0.005425379,15.98624,-0.61,-3.470958
37.28183,-0.002223557,3.728452,-0.47,-0.5269929
37.29182,-0.005013519,26.02087,-0.35,1.826519
37.30182,-0.002391497,7.077976,-0.18,3.267231
37.31181,0.00041336,18.40579,-0.08,-3.913771
37.32181,-0.007334692,13.66848,0.09,-0.4475421
37.3318,-0.007365198,5.902841,0.19,0.6234474
37.3418,-0.002734945,29.04065,0.36,2.672556
37.35179,0.002647033,-10.64739,0.47,0.7673709
37.36179,0.001956433,37.43639,0.59,-4.365606
37.37178,-0.001204954,-10.74014,0.79,1.874162
37.38177,-0.003310489,39.53582,0.86,1.227811
37.39177,0.0000174,-11.23419,1.06,2.903437
37.40176,0.00053407,35.58461,1.11,-6.116078
37.41176,-0.007019437,-9.513237,1.32,0.8247696
37.42175,-0.01043403,34.62108,1.39,1.499152
37.43175,-0.005157439,-1.970293,1.59,4.374941
37.44174,0.0000379,23.2648,1.65,-4.377069
37.45174,-0.006694335,4.813715,1.83,-2.440726
37.46173,-0.009092782,-5.591252,1.92,1.44756
37.47173,-0.000738933,41.82697,2.06,4.545508
37.48172,0.002510366,-18.57687,2.19,-0.3228717
37.49171,0.0000628,31.39265,2.26,-7.073359
37.50171,-0.008855127,-3.357984,2.43,1.468308
37.5117,-0.005976554,21.80424,2.5,4.69312
37.5217,-0.000107445,6.360102,2.65,2.246596
37.53169,-0.000474427,6.367589,2.72,-7.435379
37.54169,-0.009632898,14.61663,2.85,-1.313122
37.55168,-0.006557496,-0.7495564,2.95,3.646883
37.56168,0.000480035,31.36929,3.05,4.593382
37.57167,0.000836061,-12.64307,3.18,-1.068131
37.58167,-0.006729235,25.07818,3.22,-6.429583
37.59166,-0.01454755,-4.628445,3.37,2.490702
37.60165,-0.009225307,24.36909,3.42,4.157157
37.61165,-0.00052751,-5.625127,3.55,1.490255
37.62164,-0.003776508,11.59268,3.57,-7.246067
37.63164,-0.0118381,5.317028,3.71,0.4763576
37.64163,-0.004247632,3.506372,3.74,2.547425
37.65163,0.002955932,26.60616,3.84,2.916126
37.66162,0.004401083,-14.07955,3.91,-2.468559
37.67162,0.000688507,15.82667,3.92,-3.559551
37.68161,-0.00786325,1.484171,4.02,3.663948
37.6916,-0.004363076,4.890063,4.05,1.590167
37.7016,-0.000723921,9.408181,4.1,-0.8432807
37.71159,-0.003928802,-1.470379,4.15,-3.779579
37.72159,-0.007064906,4.28646,4.18,1.220703
37.73158,-0.01153587,7.894892,4.24,2.507385
37.74158,-0.000769683,-1.803282,4.27,1.093358
37.75157,0.003466792,10.41007,4.28,-4.083682
37.76157,-0.002289075,-23.61708,4.31,-1.552982
37.77156,-0.006605535,25.01481,4.31,2.103208
37.78156,0.000193974,-18.10143,4.36,3.916823
37.79155,0.003603544,21.12702,4.32,-2.883086
37.80154,-0.004165744,-27.86098,4.36,-2.5846
37.81154,-0.01170353,23.59712,4.31,0.3630483
37.82153,-0.008414185,-18.24482,4.38,4.344368
37.83153,-0.00037236,16.67765,4.31,-0.3408965
37.84152,-0.00025907,-17.4397,4.35,-3.101453
37.85152,-0.00626123,-11.57693,4.27,-3.362277
37.86151,-0.006355013,10.67668,4.27,3.63478
37.87151,-0.001919216,-17.34749,4.27,4.31831
37.8815,0.004881091,10.33681,4.19,-2.908131
37.89149,-0.000992006,-16.67731,4.19,-6.140478
37.90149,-0.002748866,-2.61954,4.11,0.8362636
37.91148,-0.001909605,0.7292495,4.09,6.702014
37.92148,0.001881797,-12.40788,4.03,1.150376
37.93147,0.003613337,-0.2128856,3.95,-6.448147
37.94147,-0.002571504,-14.76079,3.91,-3.012392
37.95146,-0.003846345,2.687389,3.83,5.494413
37.96146,-0.000937698,-11.30556,3.79,6.17847
37.97145,0.004942889,-5.596898,3.68,-3.225762
37.98145,0.000144687,-12.75773,3.62,-7.239687
37.99144,-0.00370202,-9.791125,3.52,0.4428472
38.00143,-0.000971643,-6.389227,3.46,7.208233
38.01143,0.004776013,-9.204519,3.35,0.408157
38.02142,0.003016573,-11.45821,3.26,-6.035084
38.03142,-0.003174218,-13.90508,3.15,-2.515707
38.04141,-0.004286833,-3.973208,3.07,5.488686
38.05141,0.001465742,-18.66902,2.95,5.802471
38.0614,0.004214064,-3.434555,2.82,-3.876545
38.0714,0.003295165,-21.64424,2.73,-5.598711
38.08139,-0.000453806,-3.513605,2.6,0.3676233
38.09138,0.003751367,-16.5784,2.5,7.83149
38.10138,0.008353022,-7.614876,2.36,-0.9347581
38.11137,0.006461811,-19.00785,2.25,-6.18882
38.12137,-0.002629849,-6.930367,2.11,-1.017233
38.13136,0.0000696,-23.02325,2,4.96065
38.14136,-0.0000408,4.600352,1.85,2.039014
38.15135,0.003314477,-32.66125,1.75,-3.827313
38.16135,-0.001033038,4.157312,1.57,-5.706952
38.17134,-0.001505299,-27.48001,1.49,2.080209
38.18134,0.002749181,-2.28149,1.31,5.36352
38.19133,0.004919189,-23.7573,1.21,0.3265859
38.20132,0.00469726,-11.86394,1.03,-6.854268
38.21132,0.000759953,-15.93264,0.92,-0.2713954
38.22131,-0.000184028,-14.88045,0.76,4.358247
38.23131,0.004035723,-11.63529,0.63,3.184398
38.2413,0.003889536,-12.76534,0.48,-5.177587
38.2513,0.003193806,-18.69269,0.33,-3.157692
38.26129,0.002865405,-9.186153,0.17,2.138337
38.27129,0.004695064,-20.4528,0.04,4.064858
38.28128,0.006919142,-10.33993,-0.12,-2.04845
38.29128,0.007589309,-16.18546,-0.25,-3.903897
38.30127,0.006069428,-10.57967,-0.41,1.17373
38.31126,0.005920817,-18.6008,-0.55,3.628659
38.32126,0.004704909,-11.41578,-0.71,-0.5328599
38.33125,0.006478082,-16.88054,-0.84,-3.240005
38.34125,0.005408456,-7.621379,-1,0.2986023
38.35124,0.005917916,-24.34339,-1.13,2.476931
38.36124,0.005839436,1.686436,-1.32,0.2957396
38.37123,0.005755553,-30.38673,-1.41,-1.445311
38.38123,0.005642453,2.141457,-1.6,-0.9368029
38.39122,0.006072474,-27.87979,-1.69,2.746895
38.40121,0.005367147,2.091528,-1.87,0.1298992
38.41121,0.007748249,-27.01414,-1.96,-2.172379
38.4212,0.008346911,-1.06131,-2.14,-1.735503
38.4312,0.005524758,-17.80222,-2.22,2.996315
38.44119,0.004572568,-10.65969,-2.38,1.794005
38.45119,0.005174331,-9.502543,-2.48,-1.835542
38.46118,0.003484773,-21.32053,-2.6,-4.72308
38.47118,0.004663232,-6.486201,-2.72,1.266085
38.48117,0.007432826,-12.78858,-2.83,3.370685
38.49117,0.01086052,-4.992849,-2.94,1.641497
38.50116,0.008639109,-18.83253,-3.04,-5.096953
38.51115,0.009686105,-4.292656,-3.16,-1.619665
38.52115,0.008437385,-10.42493,-3.24,3.887977
38.53114,0.009776442,-10.84476,-3.35,2.722905
38.54114,0.01200432,-4.335613,-3.43,-4.140353
38.55113,0.01092199,-24.79717,-3.53,-4.80877
38.56113,0.003457074,8.772874,-3.64,1.601885
38.57112,0.0057654,-25.05726,-3.66,4.116867
38.58112,0.009537075,17.06086,-3.79,0.2334052
38.59111,0.01116429,-31.59852,-3.8,-3.305443
38.6011,0.006988475,14.68318,-3.93,-3.024069
38.6111,0.005246507,-20.17669,-3.92,4.904724
38.62109,0.009159886,13.62108,-4.03,2.855252
38.63109,0.01057654,-22.3513,-4.03,-2.619716
38.64108,0.001519617,10.77789,-4.12,-5.973269
38.65108,-0.000619624,-14.45327,-4.09,3.056226
38.66107,0.002377926,9.719749,-4.17,4.620181
38.67107,0.009988811,-11.58308,-4.15,0.0772835
38.68106,0.008238834,3.127026,-4.21,-6.384128
38.69106,0.004760504,-2.137602,-4.19,0.3634795
38.70105,0.008440463,-5.80969,-4.22,4.046442
38.71104,0.009412551,17.18331,-4.22,2.490331
38.72104,0.009494595,-18.63336,-4.19,-4.723682
38.73103,0.01029319,19.72676,-4.24,-1.571888
38.74103,0.003234544,-15.23202,-4.17,3.065232
38.75102,0.005933408,17.5147,-4.21,1.470394
38.76102,0.003408949,6.585162,-4.13,-1.075718
38.77101,0.006898562,-4.318121,-4.14,-2.49104
38.78101,0.004803162,16.67425,-4.08,1.684208
38.791,0.001859487,-15.11065,-4.05,1.056646
38.80099,0.003283323,31.70157,-4,1.321163
38.81099,0.005756123,-14.19627,-3.93,-2.804025
38.82098,0.005076617,23.38149,-3.9,1.539014
38.83098,0.000995863,-11.8068,-3.81,-0.0405564
38.84097,0.000380477,28.74235,-3.76,0.2649754
38.85097,0.003278208,-6.557571,-3.65,-1.516181
38.86096,0.007448427,21.75398,-3.61,0.6375924
38.87096,0.00603003,-0.3399181,-3.48,1.71386
38.88095,0.004234075,10.11695,-3.43,-0.9708813
38.89095,0.002752905,18.05133,-3.32,-0.9336405
38.90094,0.007949235,-3.111501,-3.22,-0.4386984
38.91093,0.006495565,27.59316,-3.15,2.607023
38.92093,0.002268708,-11.46351,-3.01,0.633399
38.93092,0.004344638,36.39274,-2.96,-2.604805
38.94092,0.004962576,-11.99117,-2.78,-0.8513783
38.95091,0.002820466,26.16766,-2.74,2.039401
38.96091,-0.000726871,5.010451,-2.54,3.081285
38.9709,-0.003220925,19.86941,-2.45,-2.498996
38.9809,-0.002605749,9.161865,-2.29,-1.949017
38.99089,0.001523025,14.95911,-2.19,0.03374225
39.00089,0.000139936,16.51437,-2.03,3.813004
39.01088,-0.003206461,6.636259,-1.9,-0.1696527
39.02087,0.001061724,29.66709,-1.76,-1.167954
39.03087,0.003326087,-4.1774,-1.59,-4.067487
39.04086,0.003490564,35.68946,-1.5,3.385673
39.05086,-0.002015017,-7.950819,-1.29,2.014545
39.06085,-0.000961765,34.54612,-1.2,-0.6028764
39.07085,-0.000461545,8.414336,-0.99,-3.246692
39.08084,0.002800846,12.00562,-0.89,-3.166327
39.09084,-0.00110147,24.65798,-0.71,5.209149
39.10083,-0.002960299,1.789317,-0.56,0.3069742
39.11082,-0.003102253,30.55422,-0.41,-0.7035741
39.12082,-0.001979094,-0.5932125,-0.24,-4.60816
39.13081,-0.002782664,34.47342,-0.1,2.754273
39.14081,-0.006865575,-7.871987,0.08,1.832607
39.1508,-0.006422107,36.96141,0.21,0.9175853
39.1608,-0.003096593,1.39483,0.44,-1.574504
39.17079,-0.000463436,36.47058,0.53,-4.210797
39.18079,-0.005426277,-13.36397,0.73,3.717056
39.19078,-0.005318047,49.35954,0.83,0.9551724
39.20078,-0.001140247,-10.43046,1.06,1.998198
39.21077,0.000884624,33.14414,1.12,-5.330818
39.22076,-0.003532251,2.371471,1.35,1.691087
39.23076,-0.006025693,21.9889,1.44,-0.1570521
39.24075,-0.004688566,13.6261,1.64,2.593569
39.25075,-0.003139519,14.2758,1.74,-2.760037
39.26074,-0.004259131,11.41476,1.91,-0.71136
39.27074,-0.01224841,16.14062,2.04,0.385691
39.28073,-0.00896896,10.03369,2.19,2.491441
39.29073,-0.003923199,19.59755,2.32,-0.7585936
39.30072,-0.003751195,7.169588,2.46,-0.7458119
39.31071,-0.007892077,14.33236,2.57,-0.5815089
39.32071,-0.01003436,9.745802,2.72,1.432771
39.3307,-0.008922941,18.9286,2.83,0.6008082
39.3407,-0.006316323,3.0101,2.96,-0.902174
39.35069,-0.008594878,13.93348,3.06,-1.186101
39.36069,-0.008207943,4.876972,3.2,-1.191325
39.37068,-0.008152498,15.86092,3.29,1.217651
39.38068,-0.005468931,5.435321,3.41,0.3473056
39.39067,-0.003302532,10.66988,3.48,0.5045994
39.40067,-0.005125088,7.501858,3.58,-1.76753
39.41066,-0.007698616,1.909963,3.66,0.3354596
39.42065,-0.005943757,18.31779,3.73,1.474866
39.43065,-0.005063986,-1.625567,3.82,0.9959872
39.44064,-0.003226414,8.69585,3.86,-2.194394
39.45064,-0.009192097,5.585434,3.94,-2.335048
39.46063,-0.008796624,-8.434183,3.99,2.374118
39.47063,-0.006241846,25.19369,4.03,2.067108
39.48062,-0.003513214,-23.55992,4.09,1.104972
39.49062,-0.007005121,28.55685,4.09,-6.29808
39.50061,-0.01095196,-23.50298,4.17,0.4052185
39.5106,-0.00866428,27.61936,4.15,2.758914
39.5206,-0.003708738,-25.99548,4.22,2.527116
39.53059,-0.004802143,26.18096,4.16,-5.469708
39.54059,-0.009949159,-26.36137,4.24,-1.899288
39.55058,-0.0059278,4.707686,4.16,2.388282
39.56058,0.000165405,2.943345,4.2,5.032735
39.57057,0.002961225,-17.14585,4.17,-1.995148
39.58057,-0.00389444,10.64283,4.12,-4.726444
39.59056,-0.008932702,-17.87653,4.14,0.9551985
39.60056,-0.002330489,14.46503,4.06,4.855188
39.61055,0.000430458,-19.05812,4.06,-0.855102
39.62054,-0.001056652,-1.261671,3.96,-3.478246
39.63054,-0.005693329,-6.184651,3.93,-0.5480879
39.64053,-0.001149542,-9.54507,3.87,3.248811
39.65053,0.003325988,-1.348004,3.79,0.04446124
39.66052,0.002285352,-22.20918,3.73,-3.097645
39.67052,-0.003582655,1.359904,3.62,-1.438884
39.68051,-0.004249308,-18.21172,3.57,2.027141
39.69051,0.001399475,3.505199,3.45,2.445332
39.7005,0.001541494,-25.21987,3.37,-2.714603
39.71049,-0.004270134,-0.4558445,3.24,-1.781438
39.72049,-0.003638559,-20.1225,3.17,1.760318
39.73048,0.000118404,-2.805428,3.03,1.450326
39.74048,0.002693839,-21.25222,2.94,-1.673447
39.75047,0.000822971,-11.51093,2.79,-1.85164
39.76047,0.00261332,-13.62409,2.66,1.838402
39.77046,0.005112916,-9.16531,2.53,3.528265
39.78046,0.007694151,-25.69121,2.4,-4.061105
39.79045,-0.001108858,0.9169911,2.23,-2.629372
39.80045,0.000591002,-29.39978,2.14,2.913879
39.81044,0.0051951,0.5076123,1.94,2.97195
39.82043,0.004798185,-30.72166,1.84,-1.321866
39.83043,0.001404917,-4.548314,1.64,-5.713398
39.84042,0.00087048,-24.06838,1.53,2.37847
39.85042,0.004483459,-8.630053,1.34,3.191339
39.86041,0.008225081,-17.22639,1.2,2.433804
39.87041,0.001938704,-14.64637,1.02,-7.442314
39.8804,0.00346561,-18.90242,0.88,1.652052
39.8904,0.002647405,-12.86498,0.7,2.226039
39.90039,0.004640501,-19.07461,0.55,3.509227
39.91039,0.006871932,-20.27722,0.36,-5.607791
39.92038,0.005946781,-8.648907,0.21,-1.142071
39.93037,0.004604198,-29.75681,0.05,2.20723
39.94037,0.007112183,4.822329,-0.12,4.293636
39.95036,0.01051317,-29.9608,-0.27,0.560738
39.96036,0.00873829,-9.875737,-0.5,-5.987658
39.97035,0.001417584,-21.46873,-0.62,1.031303
39.98035,0.005205959,-12.39499,-0.81,2.100574
39.99034,0.008924418,-10.41664,-0.95,2.656496
40.00034,0.01159111,-27.15776,-1.13,-4.426285
40.01033,0.007422688,-2.761626,-1.3,-0.1784696
40.02032,0.003378541,-31.22142,-1.43,-0.155904
40.03032,0.005641005,2.830725,-1.61,3.796452
40.04031,0.009771166,-32.83134,-1.73,-1.38266
40.05031,0.0146071,0.6132215,-1.93,-1.867493
40.0603,0.008961815,-48.96996,-2.04,0.2078874
40.0703,0.005727569,22.02948,-2.23,0.3793223
40.08029,0.008517684,-41.33845,-2.3,2.851925
40.09029,0.009392933,10.43583,-2.51,-3.640759
40.10028,0.003498959,-24.75289,-2.57,1.766769
40.11028,0.005826151,-14.81532,-2.76,-2.653788
40.12027,0.002775477,2.63322,-2.82,2.69323
40.13026,0.01038073,-36.76719,-2.97,-1.993644
40.14026,0.01025236,17.61562,-3.08,0.6827925
40.15025,0.01068685,-42.1881,-3.17,0.9470562
40.16025,0.01255243,27.92843,-3.34,0.2993958
40.17024,0.01439967,-49.78894,-3.36,-1.524227
40.18024,0.009417511,30.77642,-3.51,0.1348652
40.19023,0.008728784,-44.65699,-3.53,2.287931
40.20023,0.009176025,33.47943,-3.68,0.009398879
40.21022,0.01106081,-42.63169,-3.68,-0.7490854
40.22021,0.008816923,23.66799,-3.83,-3.706907
40.23021,0.003449664,-25.95079,-3.8,3.820109
40.2402,0.008889932,8.917836,-3.93,1.293737
40.2502,0.01046832,10.70909,-3.91,1.501951
40.26019,0.008896547,-23.09688,-3.96,-5.929172
40.27019,0.004457535,22.36821,-4.01,-0.2409634
40.28018,0.008018245,-26.86025,-4.01,5.369947
40.29018,0.01536044,27.92437,-4.07,2.236259
40.30017,0.01388611,-31.45819,-4.04,-3.864596
40.31017,0.008657196,31.63448,-4.1,-4.241182
40.32016,0.008539262,-27.30639,-4.03,4.719292
40.33015,0.0115912,35.68355,-4.09,1.846094
40.34015,0.009494565,-28.54273,-4.01,-1.104123
40.35014,0.005168069,15.69291,-4.05,-4.320083
40.36014,0.001254395,-17.11785,-3.95,1.991064
40.37013,0.004554742,18.85845,-3.96,1.771315
40.38013,0.006237051,8.317252,-3.85,1.634245
40.39012,0.009631258,-12.78627,-3.84,-2.555067
40.40012,0.005835167,33.58386,-3.77,-0.7506391
40.41011,0.006222117,-16.23147,-3.67,2.670809
40.4201,0.01102073,34.53453,-3.64,0.1074774
40.4301,0.008850089,-15.70536,-3.51,-1.282242
40.44009,0.005087033,33.48306,-3.48,-1.329262
40.45009,0.002795503,2.269402,-3.32,2.631804
40.46008,0.004853126,27.18879,-3.26,-1.479895
40.47008,0.005655918,-4.855527,-3.12,-2.901305
40.48007,0.000183113,28.09413,-3.05,0.3296142
40.49007,0.001295922,1.77314,-2.88,5.110162
40.50006,0.005630027,22.4421,-2.81,-0.6774138
40.51006,0.005487641,11.85916,-2.63,-4.726411
40.52005,-0.000148829,1.196018,-2.53,-0.723383
40.53004,-0.002464429,34.28468,-2.37,4.896325
40.54004,0.002775663,-2.920192,-2.21,3.879043
40.55003,0.00565142,28.20838,-2.09,-4.023939
40.56003,0.001149086,1.027886,-1.89,-5.53851
40.57002,-0.001577871,26.59319,-1.77,2.335273
40.58002,-0.000787196,11.25288,-1.56,5.790482
40.59001,0.004021031,20.75899,-1.44,-0.8105202
40.60001,0.006227368,14.57884,-1.26,-5.416462
40.61,-0.001187736,13.07673,-1.1,-1.436236
40.62,-0.005863163,25.45945,-0.92,6.185452
40.62999,-0.001498482,10.69805,-0.74,1.498366
40.63998,0.000514246,31.52869,-0.58,-3.102763
40.64998,-0.003810359,-1.862371,-0.38,-2.231555
40.65997,-0.008965911,39.27634,-0.24,-1.15463
40.66997,-0.01217209,6.907329,0.01,5.036835
40.67996,-0.007387855,23.1625,0.14,-1.284461
40.68996,-0.003040904,21.38243,0.35,-0.4797624
40.69995,-0.004397175,10.66143,0.52,-2.188656
40.70995,-0.005210361,21.21406,0.69,0.8362409
40.71994,-0.007184805,14.84953,0.88,0.9445677
40.72993,-0.002477597,24.74518,1.05,1.07648
40.73993,0.001011207,5.642683,1.22,-0.7890298
40.74992,-0.00624495,27.19592,1.37,-1.922315
40.75992,-0.01296879,-0.9855565,1.58,-0.7390932
40.76991,-0.009929784,36.53519,1.7,2.978051
40.77991,-0.004875826,2.33604,1.91,1.993663
40.7899,-0.007090191,23.19295,2.01,-2.367269
40.7999,-0.01314136,13.63508,2.22,-3.19279
40.80989,-0.01393445,11.45905,2.34,1.586251
40.81989,-0.00754727,21.50302,2.51,3.237024
40.82988,-0.008995505,13.74993,2.64,0.6154954
40.83987,-0.009164022,0.1579543,2.78,-4.708422
40.84987,-0.009977861,25.68796,2.89,-0.4892636
40.85986,-0.006853184,4.077081,3.06,2.509517
40.86986,-0.006106597,14.33436,3.13,1.769065
40.87985,-0.007910579,8.421762,3.27,-1.22809
40.88985,-0.01006966,11.51262,3.35,-3.696954
40.89984,-0.01204124,11.10223,3.48,1.946711
40.90984,-0.01172338,5.944441,3.54,2.236978
40.91983,-0.01287601,14.13311,3.65,0.5578476
40.92982,-0.01587515,-7.223989,3.72,-3.768619
40.93982,-0.01607653,24.63346,3.8,1.965571
40.94981,-0.01122945,-18.47016,3.87,1.764138
40.95981,-0.008517604,24.70977,3.89,-2.41959
40.9698,-0.01255417,-8.157472,4.01,0.6687405
40.9798,-0.007113226,3.845971,4,-0.5632595
40.98979,-0.00205088,14.47109,4.04,2.641099
40.99979,-0.003350642,-20.47051,4.08,-2.863564
41.00978,-0.007231656,15.00813,4.04,-1.900535
41.01978,-0.01261011,-11.87659,4.1,1.620391
41.02977,-0.007508351,14.53953,4.06,3.915756
41.03976,-0.004412847,-16.23719,4.08,-0.468745
41.04976,-0.01245556,2.555551,4.02,-6.096262
41.05975,-0.01907233,3.610617,4.03,0.467501
41.06975,-0.01275817,-11.49182,3.98,3.827065
41.07974,-0.002897476,12.07468,3.95,2.970675
41.08974,-0.004733009,-32.09639,3.89,-3.937274
41.09973,-0.01302737,16.67004,3.81,-3.86178
41.10973,-0.009056654,-31.65018,3.78,3.231817
41.11972,-0.000315696,14.5234,3.66,1.529672
41.12971,0.002509338,-23.35242,3.61,1.87202
41.13971,-0.003585339,-11.04178,3.47,-6.868574
41.1497,-0.01039464,-12.17279,3.4,-0.1973941
41.1597,-0.01099701,-1.756209,3.28,4.892947
41.16969,-0.00131919,-24.56847,3.18,2.13825
41.17969,0.0000697,-1.958238,3.02,-3.504508
41.18968,-0.006280007,-25.43669,2.93,-4.296451
41.19968,-0.009329503,-5.911227,2.76,3.343037
41.20967,-0.002049799,-14.89352,2.66,3.544829
41.21967,0.003105269,-16.08944,2.49,-0.01458496
41.22966,0.002769873,-20.86345,2.34,-5.648489
41.23965,-0.006189232,-11.0071,2.18,-1.116789
41.24965,-0.003520223,-20.9856,2.04,3.388736
41.25964,0.000623674,-6.831608,1.86,3.386539
41.26964,0.006000732,-23.00183,1.71,-1.397796
41.27963,0.004629875,-19.58324,1.5,-4.884951
41.28963,-0.003324497,-15.60131,1.35,0.5442882
41.29962,-0.002861539,-23.5907,1.16,3.949568
41.30962,0.004024618,-7.700589,0.98,1.061334
41.31961,0.004089532,-25.09976,0.81,-3.755432
41.32961,0.003664593,-24.16764,0.6,-1.935295
41.3396,-0.001675958,-10.25596,0.43,2.075617
41.34959,0.002906841,-26.088,0.25,2.770812
41.35959,0.007736881,-7.189538,0.02,-1.012144
41.36958,0.01301705,-31.77911,-0.14,-2.379125
41.37958,0.01102022,-6.603488,-0.37,0.2934835
41.38957,0.007002019,-37.47038,-0.52,1.535319
41.39957,0.003924982,3.409383,-0.75,-0.3324763
41.40956,0.009497961,-36.43715,-0.88,-0.9686661
41.41956,0.01171128,-4.598944,-1.14,-0.03657017
41.42955,0.008267642,-28.9006,-1.26,2.430568
41.43954,0.004980143,-14.24471,-1.48,-2.143425
41.44954,0.005947941,-12.17463,-1.63,-0.11086
41.45953,0.01366346,-42.83344,-1.81,-0.781857
41.46953,0.01553141,10.56167,-2,2.993265
41.47952,0.01019311,-42.61752,-2.13,-0.2062869
41.48952,0.01274398,4.367557,-2.34,-3.026055
41.49951,0.01386224,-21.57388,-2.44,-0.69541
41.50951,0.01674976,-15.98756,-2.64,2.276015
41.5195,0.01568793,-6.03945,-2.76,3.528033
41.5295,0.01299783,-28.55212,-2.91,-3.387936
41.53949,0.01158328,2.583856,-3.05,-3.150022
41.54948,0.01337792,-26.13457,-3.15,2.063754
41.55948,0.01304872,4.128528,-3.32,4.1828
41.56947,0.01510669,-20.76241,-3.37,0.9433617
41.57947,0.01266485,6.194324,-3.53,-4.514524
41.58946,0.01610849,-24.8259,-3.56,-2.329982
41.59946,0.0147711,2.409934,-3.72,2.794919
41.60945,0.01585241,-11.33394,-3.72,5.084082
41.61945,0.01710881,-8.419601,-3.85,-3.169212
41.62944,0.01843047,9.508303,-3.87,-2.274554
41.63943,0.02039165,-24.02121,-3.95,-2.140451
41.64943,0.01429152,17.6572,-3.99,3.48426
41.65942,0.006604637,-18.5796,-3.98,3.826943
41.66942,0.01161495,10.9565,-4.06,-2.097215
41.67941,0.01422955,-4.706917,-4.03,-3.870841
41.68941,0.0170223,-3.568311,-4.07,-0.3193438
41.6994,0.01304868,10.83372,-4.05,4.367537
41.7094,0.01488768,-9.573792,-4.03,0.8112795
41.71939,0.01660806,22.85762,-4.03,-2.878297
41.72939,0.01995278,-18.43971,-3.96,-1.697951
41.73938,0.01116071,25.79382,-3.98,2.11269
41.74937,0.00567457,-19.87727,-3.86,2.139699
41.75937,0.003883844,40.55448,-3.87,-0.2868253
41.76936,0.009395218,-20.43267,-3.72,-2.207209
41.77936,0.009398716,30.23797,-3.74,0.4051789
41.78935,0.01041177,-1.931075,-3.56,3.670469
41.79935,0.007200456,5.188932,-3.54,-2.719242
41.80934,0.008357872,33.01274,-3.38,-1.156745
41.81934,0.01604354,-14.29547,-3.3,-1.870664
41.82933,0.01657615,41.08907,-3.21,4.724994
41.83932,0.01032723,-19.56787,-3.05,0.3646747
41.84932,0.01225184,22.42996,-2.99,-4.442487
41.85931,0.01232278,11.87688,-2.8,-1.707922
41.86931,0.01292578,7.890798,-2.69,3.249367
41.8793,0.008284284,3.025069,-2.54,4.042541
41.8893,0.008084255,26.45534,-2.43,-3.338623
41.89929,0.005464789,9.826065,-2.23,-3.700864
41.90929,0.003803999,16.50252,-2.11,0.8665109
41.91928,-0.003984453,21.48325,-1.92,4.636854
41.92928,-0.001044431,9.772285,-1.75,0.515129
41.93927,0.005915005,32.97927,-1.58,-4.238477
41.94926,0.004744919,-6.545954,-1.38,-2.568217
41.95926,-0.001377056,54.45779,-1.25,2.10893
41.96925,-0.001769009,-13.5391,-0.99,5.933171
41.97925,0.005295398,46.39429,-0.89,-1.738615
41.98924,0.00665923,5.237716,-0.62,-3.213797
41.99924,0.004738734,14.14352,-0.51,-3.800604
42.00923,-0.001677419,36.17818,-0.28,5.351716
42.01923,-0.0000707,-2.971032,-0.1,4.193448
42.02922,0.007384067,42.39684,0.05,-4.759832
42.03922,0.00172991,-8.167333,0.27,-3.876756
42.04921,-0.003910958,29.48352,0.41,0.2798773
42.0592,-0.005091222,12.38722,0.66,5.723825
42.0692,-0.000903619,26.58909,0.81,-0.1807337
42.07919,0.00037338,12.26974,1.01,-2.690015
42.08919,-0.003503123,16.55638,1.16,-3.207137
42.09918,-0.008711845,20.55682,1.35,3.367644
42.10918,-0.00805991,9.43295,1.52,2.171648
42.11917,-0.005356086,31.00485,1.67,-1.60859
42.12917,-0.004639586,-4.86095,1.86,-2.193196
42.13916,-0.005999784,36.25108,1.97,1.474918
42.14915,-0.008012647,-12.06681,2.18,2.893096
42.15915,-0.00815146,27.84675,2.25,-3.350881
42.16914,-0.007501064,15.17144,2.46,0.1982998
42.17914,0.00079498,0.5708572,2.53,-2.095377
42.18913,-0.001076741,25.21011,2.65,3.870664
42.19913,-0.009335598,-7.132154,2.78,0.4131762
42.20912,-0.007633046,22.83883,2.85,-1.528154
42.21912,-0.005254168,7.939713,2.98,-0.6011366
42.22911,-0.000953621,0.9596157,3.02,1.219865
42.23911,-0.008095296,11.678,3.11,1.584955
42.2491,-0.01547044,-5.134488,3.18,-2.219317
42.25909,-0.01387458,16.81491,3.24,0.1072153
42.26909,-0.004711747,-5.450341,3.31,-0.8713339
42.27908,-0.004060883,11.8506,3.32,2.482305
42.28908,-0.006396085,-14.66908,3.37,-0.5735846
42.29907,-0.00819701,16.39629,3.35,-2.030736
42.30907,-0.003801384,-13.57869,3.4,0.9038892
42.31906,-0.001471009,10.04236,3.35,0.03539552
42.32906,-0.001895206,-15.4179,3.36,1.446492
42.33905,-0.008916992,1.799341,3.3,-2.904428
42.34904,-0.01079192,-5.350873,3.3,0.9717968
42.35904,-0.004931902,2.238223,3.23,0.1366593
42.36903,-0.00211997,-21.95962,3.18,0.04438821
42.37903,-0.009210777,11.5387,3.1,-0.8808241
42.38902,-0.008889614,-27.01465,3.06,0.4035248
42.39902,-0.002501237,1.817036,2.92,-0.9705331
42.40901,0.000118748,-17.54054,2.87,-0.5546325
42.41901,-0.002224522,-14.18301,2.72,-1.017651
42.429,-0.005120127,-9.724296,2.64,1.373673
42.439,-0.001171006,-15.27322,2.49,-0.3872738
42.44899,0.001224427,-4.621437,2.37,-0.7208304
42.45898,0.003994025,-28.65592,2.21,-0.701629
42.46898,-0.000450695,-2.872359,2.03,0.004810483
42.47897,0.00272045,-28.37053,1.91,1.79175
42.48897,0.006393252,-3.203813,1.7,-1.357467
42.49896,0.006843232,-32.7183,1.57,-0.179005
42.50896,0.002554232,-5.290695,1.34,-2.30446
42.51895,0.000785713,-29.03907,1.21,2.747604
42.52895,0.004850643,-15.2994,0.98,-0.2450872
42.53894,0.004670335,-14.6961,0.81,0.3462369
42.54893,0.004054394,-38.2457,0.62,-3.197457
42.55893,0.003049423,7.844147,0.39,-0.1487428
42.56892,0.004879616,-42.35413,0.25,2.959846
42.57892,0.01198423,-3.197865,-0.02,1.669646
42.58891,0.01151439,-30.94364,-0.16,-1.555234
42.59891,0.007931706,-21.80677,-0.43,-4.183077
42.6089,0.007819003,-11.39855,-0.58,3.247788
42.6189,0.01366439,-32.74011,-0.83,1.729653
42.62889,0.01712856,-3.588379,-1.02,1.585785
42.63889,0.01244459,-44.86164,-1.24,-6.186421
42.64888,0.006215263,1.093728,-1.44,-2.73559
42.65887,0.004749057,-41.6335,-1.62,3.807086
42.66887,0.01080059,4.439491,-1.87,2.276259
42.67886,0.01803293,-36.76327,-2.01,1.597335
42.68886,0.01444037,-4.376087,-2.26,-7.243829
42.69885,0.009794514,-30.41301,-2.38,2.33763
42.70885,0.01063239,-7.738753,-2.61,1.471325
42.71884,0.01673042,-11.47397,-2.73,3.592183
42.72884,0.02089015,-29.67548,-2.94,-3.848464
42.73883,0.01793869,2.367165,-3.1,-3.031421
42.74883,0.01191626,-34.82356,-3.23,2.598929
42.75882,0.01734522,8.541848,-3.41,5.124882
42.76881,0.02127943,-21.88301,-3.49,0.8776401
42.77881,0.01921561,-9.636848,-3.68,-6.366522
42.7888,0.01314316,-12.76979,-3.76,-1.000685
42.7988,0.01296404,-13.85902,-3.9,2.727598
42.80879,0.0154749,9.138712,-3.96,5.444587
42.81879,0.02173762,-32.80019,-4.07,-2.297848
42.82878,0.01646424,16.41862,-4.16,-4.835907
42.83878,0.01151236,-28.5161,-4.2,0.5360489
42.84877,0.01732414,13.44844,-4.29,2.450979
42.85876,0.01976877,-9.815768,-4.3,4.94934
42.86876,0.02230087,-1.933263,-4.38,-3.083688
42.87875,0.02028083,-1.495237,-4.39,-0.5022316
42.88875,0.01634301,-1.955843,-4.41,-1.623845
42.89874,0.01915578,4.088329,-4.41,2.880697
42.90874,0.02034118,0.875516,-4.4,0.893293
42.91873,0.01664372,5.948076,-4.39,-2.220416
42.92873,0.01424614,3.68047,-4.34,0.6209722
42.93872,0.0175289,4.252391,-4.32,-0.03433447
42.94872,0.01665487,11.41539,-4.25,1.100055
42.95871,0.01632261,-0.6848876,-4.2,-1.341678
42.9687,0.01484157,20.84686,-4.11,-0.04604559
42.9787,0.01634671,3.129895,-4.02,1.905987
42.98869,0.01681864,20.04476,-3.93,0.2607554
42.99869,0.01438529,-3.167908,-3.82,-1.88604
43.00868,0.007675954,31.99007,-3.7,-1.901981
43.01868,0.007638277,0.2368109,-3.54,4.686571
43.02867,0.01388072,29.66958,-3.43,0.418843
43.03867,0.01121662,11.37263,-3.25,-0.426784
43.04866,0.006728547,6.11528,-3.12,-4.84489
43.05865,0.004271993,35.44284,-2.93,-0.1569172
43.06865,0.005936177,2.785629,-2.72,3.836099
43.07864,0.01033244,33.13593,-2.58,0.7971749
43.08864,0.01154597,7.991081,-2.35,-1.025671
43.09863,0.007627339,24.03774,-2.21,-4.386838
43.10863,0.002022502,22.23295,-1.96,2.33413
43.11862,0.004803538,13.31918,-1.8,1.393726
43.12862,0.006678122,40.56728,-1.56,2.611114
43.13861,0.00455465,-11.17943,-1.37,-4.566354
43.14861,-0.003901582,56.63709,-1.16,-2.404753
43.1586,-0.004755618,-13.79621,-0.91,3.421148
43.16859,-0.001638953,60.08117,-0.74,2.571672
43.17859,0.002049648,-11.18202,-0.46,0.466741
43.18858,-0.002646463,44.49086,-0.32,-6.419668
43.19858,-0.006758588,0.1498591,-0.03,1.784619
43.20857,-0.006177863,40.93093,0.12,2.195604
43.21857,0.002304072,9.282148,0.38,3.087593
43.22856,-0.001177195,26.96399,0.54,-5.421981
43.23856,-0.007337885,13.60028,0.78,-1.029561
43.24855,-0.009024778,18.12297,0.95,0.7306088
43.25854,-0.006444097,32.86503,1.18,4.88535
43.26854,-0.003531856,4.285045,1.37,1.214965
43.27853,-0.01163617,25.90434,1.53,-5.778736
43.28853,-0.01835431,6.36909,1.74,-0.1696401
43.29852,-0.01550977,29.81844,1.89,2.229199
43.30852,-0.005533723,9.732039,2.07,3.795814
43.31851,-0.008299467,15.61143,2.19,-5.739783
43.32851,-0.01913958,13.86516,2.36,-1.618113
43.3385,-0.0153994,10.08551,2.49,1.834746
43.3485,-0.007424464,19.09363,2.61,3.413885
43.35849,-0.002123502,2.458209,2.74,-1.01878
43.36848,-0.006506352,8.028395,2.81,-4.844008
43.37848,-0.01547536,6.187642,2.91,0.4839048
43.38847,-0.01295534,9.064651,2.98,3.111629
43.39847,-0.005436566,1.37372,3.05,2.118205
43.40846,-0.008858719,8.748807,3.09,-5.712097
43.41846,-0.01319614,-8.871973,3.14,0.03549101
43.42845,-0.0136981,13.69983,3.14,2.709039
43.43845,-0.008030686,-10.62591,3.19,3.392123
43.44844,-0.005290292,6.088508,3.15,-2.901008
43.45844,-0.007735738,-0.4235487,3.17,-4.218392
43.46843,-0.008462988,-14.6974,3.12,1.22028
43.47842,-0.007521761,8.326509,3.09,1.93612
43.48842,-0.008095004,-25.89046,3.04,1.216069
43.49841,-0.008614463,13.96467,2.96,-2.880753
43.50841,-0.006755259,-31.55899,2.91,-1.617903
43.5184,-0.008720152,12.13541,2.78,0.9730793
43.5284,-0.01242613,-33.70478,2.74,1.75749
43.53839,-0.01093069,6.077819,2.58,-0.2337679
43.54839,-0.006946269,-9.677676,2.52,-1.494034
43.55838,0.001736403,-22.49114,2.34,-0.5570114
43.56837,0.003402583,-6.217499,2.18,0.1523039
43.57837,-0.002692265,-31.61372,2.06,-0.1205868
43.58836,-0.004791639,1.037802,1.87,0.3664447
43.59836,-0.000271976,-36.52567,1.74,0.9360389
43.60835,0.001892993,-1.003076,1.51,-2.148614
43.61835,-0.003724229,-36.93667,1.38,-0.6282979
43.62834,-0.005660376,-5.409354,1.14,0.7641924
43.63834,-0.000604644,-26.17777,0.99,3.04962
43.64833,0.006601948,-17.66853,0.75,-1.982543
43.65833,0.004797604,-17.6036,0.56,-3.859324
43.66832,-0.002134174,-33.91242,0.34,-0.5986714
43.67831,0.001609248,-5.40564,0.13,4.10871
43.68831,0.008117516,-31.46379,-0.06,3.105605
43.6983,0.01253887,-20.97999,-0.32,-5.675284
43.7083,0.00580841,-24.96079,-0.53,-3.094936
43.71829,0.005158571,-20.97208,-0.75,2.047978
43.72829,0.01377015,-16.83696,-0.97,5.887119
43.73828,0.01434734,-28.42071,-1.2,-3.662719
43.74828,0.0101658,-21.44629,-1.43,-4.141015
43.75827,0.001649803,-22.19672,-1.65,-1.001763
43.76826,0.001552753,-14.06554,-1.86,4.754232
43.77826,0.01276576,-23.46969,-2.06,2.819154
43.78825,0.0128187,-17.04638,-2.28,-5.346483
43.79825,0.006268298,-24.93265,-2.46,-2.153076
43.80824,0.002329013,-12.35333,-2.66,1.866119
43.81824,0.01138927,-15.09586,-2.82,6.437168
43.82823,0.02055804,-16.97807,-3.01,-2.969076
43.83823,0.0167672,-20.92859,-3.18,-4.801854
43.84822,0.01047779,-13.27562,-3.35,0.4740635
43.85822,0.01275469,-7.71969,-3.48,3.281179
43.86821,0.01976106,-13.46924,-3.63,4.152828
43.8782,0.02149963,-16.52931,-3.77,-5.12096
43.8882,0.01411365,-7.73515,-3.9,-0.8827758
43.89819,0.01432327,-7.504074,-3.98,1.497393
43.90819,0.02507233,-9.920897,-4.11,4.18132
43.91818,0.02375858,-4.097804,-4.19,-3.207182
43.92818,0.01607605,-11.56866,-4.29,-1.363518
43.93817,0.01330674,3.728689,-4.32,1.96893
43.94817,0.01819399,-13.38486,-4.39,1.900586
43.95816,0.01627871,9.550841,-4.44,-1.589275
43.96815,0.01250032,-14.50103,-4.43,-2.157945
43.97815,0.01273041,14.23484,-4.47,1.927289
43.98814,0.01590085,-5.96235,-4.43,2.516532
43.99814,0.01859839,8.181062,-4.45,-1.798667
44.00813,0.01879738,1.220485,-4.4,-2.279167
44.01813,0.01592124,7.07723,-4.37,1.642393
44.02812,0.01594971,10.63965,-4.3,3.216989
44.03812,0.01727222,5.190823,-4.24,-1.217285
44.04811,0.0137804,15.0275,-4.17,-2.985668
44.05811,0.006931383,0.3482999,-4.05,-0.9961964
44.0681,0.005961623,28.73135,-3.96,4.67166
44.07809,0.0120023,-0.7246653,-3.81,0.9550156
44.08809,0.009407573,30.75026,-3.71,-4.973176
44.09808,0.004633854,-3.426279,-3.53,-2.027323
44.10808,0.004728709,43.12967,-3.4,5.522105
44.11807,0.009512756,-10.26151,-3.2,1.386814
44.12807,0.006787447,46.03404,-3.08,-5.101328
44.13806,0.004905364,-10.99694,-2.84,-1.524591
44.14806,0.001968585,41.91053,-2.7,2.815175
44.15805,0.002693394,-1.011948,-2.42,2.490057
44.16805,0.002665935,45.50053,-2.29,-3.485812
44.17804,0.001865753,-1.232747,-2.01,-1.845879
44.18803,-0.002204067,44.65172,-1.87,3.005443
44.19803,-0.001861845,0.739422,-1.57,1.90465
44.20802,-0.002995042,44.21647,-1.42,-3.04194
44.21802,-0.005780331,4.091454,-1.13,-0.9693347
44.22801,-0.005467463,36.77963,-0.97,0.9172413
44.23801,-0.006785711,10.90541,-0.69,2.62075
44.248,-0.007383593,29.82639,-0.51,-2.089775
44.258,-0.005212745,24.32904,-0.26,0.2848572
44.26799,-0.00396835,17.2348,-0.07,-4.383204
44.27798,-0.004304693,24.02173,0.14,4.71028
44.28798,-0.006049003,16.29722,0.34,-1.458861
44.29797,-0.006816543,21.87272,0.54,0.2871439
44.30797,-0.006987334,21.37167,0.73,-4.026049
44.31796,-0.00794533,16.14321,0.92,2.647591
44.32796,-0.01459761,21.56185,1.1,0.3724531
44.33795,-0.0151241,12.01326,1.28,1.203367
44.34795,-0.01387415,22.02316,1.44,-2.444746
44.35794,-0.01373153,6.876626,1.6,-1.527301
44.36794,-0.01618586,19.7079,1.74,0.7898745
44.37793,-0.01470525,8.51094,1.88,1.655452
44.38792,-0.01015636,13.40655,2,-0.02262508
44.39792,-0.00973234,7.824986,2.1,-3.58832
44.40791,-0.01418602,8.769983,2.2,-1.281107
44.41791,-0.01802518,8.044229,2.28,2.129394
44.4279,-0.01743341,4.677464,2.37,2.666773
44.4379,-0.01545623,6.654812,2.41,-2.655091
44.44789,-0.015734,-0.1897429,2.46,-3.829706
44.45789,-0.01490947,3.298666,2.48,1.727306
44.46788,-0.01837891,-5.345442,2.52,3.282794
44.47787,-0.01220402,6.469993,2.5,-2.056347
44.48787,-0.008175306,-14.33511,2.51,-1.875208
44.49786,-0.01063762,5.116229,2.44,-0.4529127
44.50786,-0.01650972,-16.60505,2.44,3.44275
44.51785,-0.0117458,6.583599,2.35,-1.158887
44.52785,-0.01045307,-25.24938,2.32,-2.346249
44.53784,-0.01219939,2.661874,2.18,-0.4756993
44.54784,-0.01534009,-16.67173,2.14,3.078142
44.55783,-0.01081163,-15.99271,1.99,0.4693124
44.56783,-0.00629236,-10.57335,1.87,-1.434445
44.57782,-0.003410669,-17.58075,1.73,-2.423074
44.58781,-0.004941456,-14.21221,1.58,2.097892
44.59781,-0.01147803,-18.96596,1.43,1.580216
44.6078,-0.007087092,-17.61357,1.26,-0.7497654
44.6178,-0.005923872,-14.18257,1.08,-3.091494
44.62779,-0.004407133,-30.65824,0.9,1.088509
44.63779,-0.01047423,-13.03915,0.71,2.272687
44.64778,-0.004065839,-33.5028,0.53,0.170909
44.65778,-0.000590512,-7.098556,0.31,-1.670002
44.66777,0.003417464,-42.77114,0.1,-1.71624
44.67776,-0.001385464,-2.706321,-0.13,1.897498
44.68776,0.003585847,-36.75927,-0.33,1.133165
44.69775,0.006538208,-10.8657,-0.57,-0.6754132
44.70775,0.004252857,-39.64252,-0.8,-2.763114
44.71774,0.002265991,-8.823364,-1.04,1.252832
44.72774,0.005427247,-33.89165,-1.26,1.095158
44.73773,0.007253112,-10.22754,-1.49,0.2297311
44.74773,0.007636433,-37.89491,-1.72,-0.2130122
44.75772,0.003754495,-11.77548,-1.98,-0.386968
44.76772,0.004356639,-28.77775,-2.16,2.113495
44.77771,0.007643911,-9.842773,-2.36,0.249937
44.7877,0.01110442,-31.90055,-2.58,-1.489771
44.7977,0.0114628,-12.82934,-2.78,-2.917681
44.80769,0.01425821,-26.26243,-2.98,2.397243
44.81769,0.0201925,-11.71366,-3.16,1.298594
44.82768,0.01758564,-23.54708,-3.36,-1.504676
44.83768,0.01645606,-15.26387,-3.52,-2.809758
44.84767,0.01451617,-16.2292,-3.68,1.192402
44.85767,0.01124555,-14.13159,-3.84,3.797323
44.86766,0.01575345,-5.978446,-3.96,-0.7451152
44.87766,0.01190908,-16.90667,-4.06,-1.332402
44.88765,0.01177473,-2.115555,-4.18,0.2290773
44.89764,0.01199995,-11.29251,-4.24,2.373379
44.90764,0.01523999,-0.3341865,-4.34,-0.4419514
44.91763,0.01703804,-4.44264,-4.38,-1.671283
44.92763,0.01607075,-5.051457,-4.44,-0.4477294
44.93762,0.01412883,4.70626,-4.45,2.669238
44.94762,0.01442452,-8.704859,-4.47,1.157599
44.95761,0.01245251,17.15352,-4.48,-2.149268
44.96761,0.01065485,-14.67906,-4.43,-1.881698
44.9776,0.006801166,24.0867,-4.44,2.711275
44.98759,0.005132248,-10.87752,-4.32,2.444441
44.99759,0.009791982,31.27453,-4.31,-2.173482
45.00758,0.0107035,-12.45163,-4.17,-1.931756
45.01758,0.006075028,29.8171,-4.15,0.3530011
45.02757,0.002803192,-1.657723,-3.96,4.137673
45.03757,0.006542535,32.41791,-3.89,-1.175742
45.04756,0.009999643,10.59471,-3.7,-1.834757
45.05756,0.003364778,19.18441,-3.56,-3.708391
45.06755,0.002015654,19.52986,-3.39,4.710981
45.07755,0.004618534,18.38755,-3.26,0.7650735
45.08754,0.007833242,20.0567,-3.04,-1.183919
45.09753,0.004259719,20.73499,-2.89,-4.216698
45.10753,0.00061913,18.02639,-2.65,2.331584
45.11752,-0.001342454,24.77767,-2.47,2.346677
45.12752,0.000725559,21.62485,-2.22,-0.3812547
45.13751,-0.002647628,26.85523,-2.04,-2.197379
45.14751,-0.004879098,28.32917,-1.78,-0.5985217
45.1575,-0.006711498,17.79705,-1.54,2.016776
45.1675,-0.009208981,31.8144,-1.31,-0.1988934
45.17749,-0.01072936,16.46164,-1.06,-0.1297946
45.18748,-0.008464745,33.53549,-0.84,0.3639706
45.19748,-0.008627798,9.728046,-0.59,-1.104715
45.20747,-0.01657898,36.85539,-0.38,-1.059891
45.21747,-0.01933458,9.173789,-0.1,1.600518
45.22746,-0.01680194,39.44936,0.08,2.305635
45.23746,-0.01744796,1.359806,0.35,-2.690216
45.24745,-0.02225724,40.1208,0.52,-2.156182
45.25745,-0.02113276,-0.7722738,0.79,2.003253
45.26744,-0.01450564,38.78143,0.94,3.774318
45.27744,-0.009841157,0.4393806,1.17,-0.9504468
45.28743,-0.01517742,27.36664,1.3,-4.653907
45.29742,-0.01869284,5.412967,1.52,1.708449
45.30742,-0.01782449,27.50491,1.64,3.876572
45.31741,-0.01307198,-0.6260741,1.8,0.1930404
45.32741,-0.02480668,17.28538,1.9,-7.274549
45.3374,-0.03082457,5.243475,2.06,-0.01915202
45.3474,-0.02651235,10.61927,2.14,4.201903
45.35739,-0.01645561,10.23412,2.25,2.773389
45.36739,-0.0175091,-1.038571,2.32,-4.495807
45.37738,-0.02336952,6.773285,2.37,-3.703464
45.38737,-0.02396781,-2.18113,2.43,3.958924
45.39737,-0.01708372,9.006979,2.44,2.589449
45.40736,-0.0142073,-7.292894,2.46,-1.069373
45.41736,-0.0139809,-2.588719,2.42,-5.27834
45.42735,-0.02081654,-5.199015,2.42,2.4652
45.43735,-0.02011541,-11.48395,2.37,1.976787
45.44734,-0.01929315,5.69314,2.31,-0.2315216
45.45734,-0.016697,-24.86066,2.27,-1.128458
45.46733,-0.01781457,-3.294628,2.13,-2.033646
45.47733,-0.01795002,-10.63831,2.06,3.17477
45.48732,-0.01728296,-19.97643,1.94,-1.503841
45.49731,-0.01591876,-6.553863,1.8,-0.6409515
45.50731,-0.01390156,-22.9418,1.67,-0.4009863
45.5173,-0.01009311,-17.25523,1.5,-0.8165458
45.5273,-0.01532038,-15.25832,1.35,-0.79039
45.53729,-0.0106402,-22.27959,1.17,1.317437
45.54729,-0.003902112,-15.35245,0.97,2.225416
45.55728,-0.001250509,-24.58897,0.78,-1.211809
45.56728,-0.005767937,-22.32811,0.56,-2.88525
45.57727,-0.005740457,-24.11287,0.35,0.5783309
45.58727,-0.00442761,-17.49895,0.13,2.943246
45.59726,0.001185266,-27.58861,-0.09,1.527958
45.60725,-0.0000614,-18.5201,-0.32,-6.628146
45.61725,-0.004378482,-29.70558,-0.54,0.5710158
45.62724,-0.002350337,-10.43722,-0.77,3.612288
45.63724,0.006680005,-33.4462,-0.99,4.079285
45.64723,0.008297855,-22.69197,-1.25,-6.921522
45.65723,-0.001870101,-21.4638,-1.47,-3.049645
45.66722,0.001824577,-23.26499,-1.68,4.077934
45.67722,0.01287544,-11.77888,-1.9,5.101492
45.68721,0.01516788,-31.233,-2.1,-4.051959
45.6972,0.009198019,-8.49641,-2.33,-5.086939
45.7072,0.00861249,-29.93572,-2.49,3.392726
45.71719,0.01161071,-0.355842,-2.7,4.669868
45.72719,0.01613555,-33.14346,-2.83,-0.9635048
45.73718,0.0104381,6.125385,-3.03,-5.090829
45.74718,0.0101955,-36.16657,-3.13,0.8509306
45.75717,0.01031101,25.26888,-3.31,3.942073
45.76717,0.01204511,-40.03988,-3.37,3.271166
45.77716,0.01219688,19.18964,-3.53,-3.082807
45.78716,0.01461764,-32.4319,-3.56,-4.482451
45.79715,0.01314231,23.20509,-3.68,0.984584
45.80714,0.01712984,-28.11202,-3.68,6.203249
45.81714,0.01870843,24.61247,-3.77,-1.889903
45.82713,0.01631961,-21.03909,-3.73,-3.199611
45.83713,0.01167718,20.57603,-3.78,-1.75297
45.84712,0.01003737,-4.297527,-3.71,4.810455
45.85712,0.00300325,14.48441,-3.7,0.5126609
45.86711,0.003939264,5.775774,-3.61,-1.105519
45.87711,0.00591446,6.297475,-3.56,-2.986002
45.8871,0.007929545,17.02373,-3.46,3.498684
45.89709,0.008536536,2.558849,-3.35,0.4095162
45.90709,0.0101316,29.54781,-3.25,-0.8855346
45.91708,0.01347921,-2.540073,-3.08,-1.976485
45.92708,0.01217547,37.8384,-2.98,2.995516
45.93707,0.008696262,-7.197967,-2.76,-0.319179
45.94707,-0.001837329,44.01982,-2.65,-1.700655
45.95706,0.000323617,-3.77131,-2.38,-0.7609702
45.96706,-0.00175104,47.90314,-2.25,1.981979
45.97705,-0.000907108,-9.036733,-1.97,3.080487
45.98705,-0.008789193,59.8606,-1.81,-5.08314
45.99704,-0.006188222,-10.74337,-1.49,0.9031222
46.00703,-0.008930698,62.91808,-1.34,1.401295
46.01703,-0.00176437,-17.23601,-1.01,4.560921
46.02702,-0.009795836,64.30838,-0.87,-6.470395
46.03702,-0.01161874,-9.380759,-0.5,0.9487361
46.04701,-0.01081747,30.80036,-0.36,0.2628377
46.05701,-0.005885378,28.78128,-0.02,4.238351
46.067,-0.01181228,17.2915,0.2,-0.2721476
46.077,-0.01544293,27.52362,0.44,-4.141318
46.08699,-0.02012989,21.7435,0.69,-0.4737696
46.09698,-0.01625273,25.70308,0.93,2.506282
46.10698,-0.0186281,17.10271,1.16,2.213336
46.11697,-0.0222436,24.08351,1.37,-3.415821
46.12697,-0.02266233,20.32335,1.6,-1.513075
46.13696,-0.02098927,19.09324,1.8,1.358253
46.14696,-0.02128876,16.19721,1.98,1.175577
46.15695,-0.02214563,14.86631,2.16,-0.7219128
46.16695,-0.02644134,21.71947,2.32,-2.252974
46.17694,-0.02238058,4.877159,2.49,0.835178
46.18694,-0.02309598,18.06497,2.59,1.120993
46.19693,-0.02586211,8.206506,2.74,-1.286083
46.20692,-0.0275402,-4.07491,2.8,-0.5610269
46.21692,-0.03047834,31.56011,2.92,0.2790899
46.22691,-0.02746804,-27.11616,2.99,2.806268
46.23691,-0.0254806,32.08581,2.99,-4.400927
46.2469,-0.03173866,-11.14816,3.08,-2.029922
46.2569,-0.02254891,-1.755414,3.05,0.7244333
46.26689,-0.01934588,4.530415,3.05,2.813089
46.27689,-0.0206132,-14.39234,3.04,-1.144534
46.28688,-0.01701961,1.983886,2.96,-1.918932
46.29688,-0.01882623,-17.09558,2.92,-0.6357986
46.30687,-0.01805864,-9.559298,2.81,1.488837
46.31686,-0.02183629,-11.323,2.73,-0.5453709
46.32686,-0.01670559,-15.07175,2.61,0.0814315
46.33685,-0.01304898,-9.437695,2.48,0.5077705
46.34685,-0.009513039,-26.13158,2.33,-0.6653274
46.35684,-0.01410135,8.431157,2.15,-2.276187
46.36684,-0.01503251,-46.91755,2.01,1.385713
46.37683,-0.0126431,8.831397,1.78,1.584315
46.38683,-0.006648347,-50.28439,1.63,2.045104
46.39682,-0.005156281,4.764615,1.36,-4.27176
46.40681,-0.006087851,-45.19526,1.21,-1.163218
46.41681,-0.01005474,-7.433693,0.93,1.426581
46.4268,-0.004749174,-29.35806,0.77,6.206924
46.4368,0.003103781,-22.78097,0.48,-2.698859
46.44679,-0.001998405,-22.85126,0.27,-7.299693
46.45679,-0.006674456,-25.38388,0.01,0.3016682
46.46678,0.000572732,-24.64876,-0.21,5.354727
46.47678,0.00350869,-13.30656,-0.45,2.183889
46.48677,0.01151494,-43.16107,-0.67,-4.767677
46.49677,0.007939109,-2.114565,-0.94,-3.233612
46.50676,0.007799892,-46.13821,-1.09,3.691842
46.51675,0.009498969,13.18325,-1.38,2.934001
46.52675,0.01602715,-54.36225,-1.5,-1.10618
46.53674,0.01576024,13.21118,-1.8,-4.581983
46.54674,0.01013189,-28.71006,-1.88,0.7438013
46.55673,0.0051635,-24.04851,-2.13,2.098408
46.56673,0.008802911,4.028886,-2.28,3.311067
46.57672,0.01446381,-28.74604,-2.4,-2.166338
46.58672,0.02023035,3.410537,-2.57,-3.17315
46.59671,0.01504617,-24.022,-2.64,0.2454554
46.6067,0.01146578,7.417336,-2.77,3.415872
46.6167,0.0155427,-14.90095,-2.81,2.757312
46.62669,0.01950001,6.435849,-2.9,-4.481395
46.63669,0.01406116,-12.38666,-2.91,-0.03328599
46.64668,0.008751071,7.812386,-2.96,0.7129032
46.65668,0.006593029,11.18876,-2.93,4.482741
46.66667,0.01429809,-5.734587,-2.93,-1.805257
46.67667,0.01336119,24.84294,-2.88,-3.232651
46.68666,0.01171759,-18.03252,-2.82,1.164916
46.69666,0.007520854,39.28057,-2.76,0.9229808
46.70665,0.008612184,-19.33199,-2.63,1.600037
46.71664,0.01085078,43.48389,-2.57,-4.361591
46.72664,0.01191609,-24.11308,-2.39,1.578255
46.73663,0.00602085,50.88501,-2.32,0.7730135
46.74663,0.006655343,-0.139726,-2.08,2.763084
46.75662,0.00107498,47.43775,-1.96,-3.664752
46.76662,0.005933321,-0.3019958,-1.73,-0.2383521
46.77661,-0.003083244,37.07042,-1.61,1.632176
46.78661,-0.006386778,8.810532,-1.34,3.059238
46.7966,-0.007984282,36.29482,-1.17,-3.092556
46.80659,-0.003063903,11.42827,-0.91,-1.511547
46.81659,-0.01121754,30.04509,-0.72,-0.5721841
46.82658,-0.01457617,17.10079,-0.44,3.575878
46.83658,-0.009558384,35.20862,-0.24,-0.004149506
46.84657,-0.005450507,25.15791,0.02,-1.501409
46.85657,-0.006894341,12.12102,0.25,-3.734484
46.86656,-0.01904962,37.56276,0.48,1.430214
46.87656,-0.01921526,4.579319,0.75,3.600496
46.88655,-0.01251743,44.5189,0.92,-1.20383
46.89655,-0.01268151,-0.8060967,1.19,-1.786201
46.90654,-0.01855899,31.51934,1.33,-3.285039
46.91653,-0.0270799,10.13156,1.6,3.882977
46.92653,-0.02570845,27.18233,1.75,1.804727
46.93652,-0.01658228,13.65416,1.96,-0.252903
46.94652,-0.01812476,7.115312,2.09,-4.267801
46.95651,-0.02773442,26.30698,2.25,-0.9465802
46.96651,-0.0303758,-2.437161,2.4,2.409241
46.9765,-0.02034546,28.39509,2.5,1.657205
46.9865,-0.01767544,-13.41347,2.61,-4.440553
46.99649,-0.02524082,20.08333,2.66,-0.9482197
47.00648,-0.02721458,-10.93722,2.76,1.788119
47.01648,-0.02447277,13.33754,2.77,2.573978
47.02647,-0.01989168,-2.618726,2.83,-1.369702
47.03647,-0.02112902,-7.502797,2.8,-1.469417
47.04646,-0.02159901,3.100838,2.8,-0.7786919
47.05646,-0.01856695,-9.038136,2.77,1.809001
47.06645,-0.01746043,-18.48384,2.7,0.03538054
47.07645,-0.0226907,10.78206,2.62,-0.7785506
47.08644,-0.01928696,-29.54506,2.57,-0.7051004
47.09644,-0.01371533,1.571923,2.4,-1.524323
47.10643,-0.01716327,-22.63745,2.33,1.541917
47.11642,-0.01752215,-19.34188,2.16,-0.05038319
47.12642,-0.01331237,-5.132658,2.02,1.883472
47.13641,-0.007348601,-29.08572,1.86,-2.392156
47.14641,-0.004173295,-14.49996,1.65,-1.323757
47.1564,-0.008276073,-28.19776,1.48,0.5815375
47.1664,-0.006407773,-18.1634,1.26,2.717341
47.17639,0.001091733,-21.78587,1.05,1.107958
47.18639,0.003680685,-20.44256,0.82,-3.365099
47.19638,0.001516215,-29.94502,0.59,-1.552076
47.20638,-0.001771443,-16.72504,0.35,2.369362
47.21637,0.003121812,-29.57183,0.13,2.956527
47.22636,0.01178394,-19.64624,-0.12,-1.871738
47.23636,0.01296125,-26.33045,-0.34,-3.632799
47.24635,0.009403589,-18.67624,-0.58,0.4109274
47.25635,0.01020503,-28.27338,-0.82,4.066189
47.26634,0.01144777,-7.218717,-1.06,-0.1914591
47.27634,0.01227945,-38.75549,-1.25,-2.592358
47.28633,0.01038831,-0.1506177,-1.5,-1.022925
47.29633,0.01198904,-33.45897,-1.63,4.024102
47.30632,0.01349467,0.2107052,-1.87,-1.17567
47.31631,0.01863291,-33.22575,-1.98,-1.265063
47.32631,0.01628371,3.298327,-2.19,-2.152864
47.3363,0.01842648,-27.10111,-2.27,4.086
47.3463,0.01998501,7.244553,-2.44,0.5660828
47.35629,0.02774515,-16.68114,-2.5,-1.6646
47.36629,0.02263439,-0.8081968,-2.64,-2.98035
47.37628,0.02001383,-4.43849,-2.66,2.41476
47.38628,0.02019803,-3.512705,-2.75,3.880181
47.39627,0.01815013,8.822072,-2.74,0.6850071
47.40627,0.01807419,-13.85905,-2.76,-5.64751
47.41626,0.01742975,22.27695,-2.75,-0.6491704
47.42625,0.01345951,-10.88251,-2.69,3.383376
47.43625,0.01410396,26.53704,-2.66,3.466
47.44624,0.01884751,-2.430065,-2.57,-2.204935
47.45624,0.009742932,19.0201,-2.5,-4.281377
47.46623,0.006930528,10.69489,-2.33,0.8150095
47.47623,0.00676866,12.47849,-2.24,3.152253
47.48622,0.01108517,26.50288,-2.06,1.096846
47.49622,0.01295793,5.334807,-1.92,-3.867212
47.50621,0.002745214,30.01924,-1.73,-4.037723
47.5162,-0.000163691,7.607734,-1.55,4.665768
47.5262,0.001588756,41.62093,-1.34,3.400945
47.53619,0.000553505,-4.528082,-1.13,-0.8412689
47.54619,-0.005398152,47.16688,-0.93,-6.048562
47.55618,-0.0140019,-0.5529847,-0.62,0.0653222
47.56618,-0.01276908,41.98391,-0.46,2.935108
47.57617,-0.01014596,15.98245,-0.16,4.087291
47.58617,-0.008307198,18.8,0.02,-3.874986
47.59616,-0.01351201,33.87444,0.26,-2.345731
47.60616,-0.01691366,3.931168,0.52,1.729919
47.61615,-0.01934914,46.76166,0.71,2.712965
47.62614,-0.01577198,1.657454,0.99,0.3262824
47.63614,-0.0157259,34.84592,1.13,-3.776806
47.64613,-0.02533561,5.517152,1.39,-1.014635
47.65613,-0.02668923,20.54842,1.54,2.306865
47.66612,-0.02373324,23.41057,1.77,3.264092
47.67612,-0.023514,2.983568,1.9,-2.351213
47.68611,-0.02668223,25.0437,2.07,-4.368075
47.69611,-0.02957215,-7.096539,2.2,1.373599
47.7061,-0.02708306,31.8461,2.31,3.594095
47.71609,-0.02129081,-11.6867,2.43,1.733551
47.72609,-0.02319455,10.51738,2.47,-5.925226
47.73608,-0.03028957,4.291302,2.56,-0.8648624
47.74608,-0.03065749,-1.771294,2.59,2.154107
47.75607,-0.02026536,-5.88634,2.6,2.676318
47.76607,-0.02036435,17.66255,2.59,-2.111303
47.77606,-0.01865955,-32.9937,2.6,-2.613371
47.78606,-0.0237634,17.37513,2.49,-1.252278
47.79605,-0.02374463,-32.46274,2.5,5.219015
47.80605,-0.01620935,15.09871,2.35,-1.568033
47.81604,-0.01155268,-38.19584,2.31,-1.486337
47.82603,-0.01497342,2.059892,2.11,-3.648893
47.83603,-0.01260365,-28.28999,2.04,3.955545
47.84602,-0.00792139,-13.40672,1.83,0.694361
47.85602,-0.003967083,1.142447,1.68,-0.459251
47.86601,-0.000279689,-38.91072,1.48,-1.456076
47.87601,0.001192726,-16.10089,1.26,-3.719569
47.886,-0.003509505,-20.16675,1.07,3.411217
47.896,-0.000203691,-27.34815,0.85,1.913372
47.90599,0.003883281,-22.11198,0.6,-0.472927
47.91599,0.005353326,-18.29545,0.39,-3.573319
47.92598,0.003640548,-29.24059,0.15,0.1026848
47.93597,0.002784037,-17.10818,-0.07,1.679271
47.94597,0.006541295,-16.94038,-0.29,3.434103
47.95596,0.01467282,-31.86435,-0.55,-1.786253
47.96596,0.01549663,-12.60104,-0.8,-3.024639
47.97595,0.01156119,-32.88903,-0.98,0.5241791
47.98595,0.01580594,-7.979284,-1.22,3.604696
47.99594,0.02466677,-25.15647,-1.39,0.2116921
48.00594,0.02554804,-9.762817,-1.62,-2.876216
48.01593,0.02369295,-30.84167,-1.77,0.1764
48.02592,0.01798832,2.74949,-1.96,1.068649
48.03592,0.0193866,-21.351,-2.05,3.335927
48.04591,0.02302145,-2.874355,-2.23,-2.87288
48.05591,0.01939717,-3.456228,-2.3,0.09373131
48.0659,0.01249703,-12.63422,-2.4,0.9108933
48.0759,0.01557666,2.804423,-2.44,0.6674652
48.08589,0.0198475,-1.062224,-2.5,-0.9316795
48.09589,0.02404517,1.524643,-2.51,-0.5465088
48.10588,0.0213793,-2.004181,-2.53,3.41425
48.11588,0.02402717,14.91753,-2.49,0.03980412
48.12587,0.02093732,-6.875416,-2.46,-2.417991
48.13586,0.01705161,21.13516,-2.41,-1.035447
48.14586,0.01225955,9.451841,-2.3,3.787192
48.15585,0.007744287,8.620354,-2.2,3.201677
48.16585,0.0110793,28.07098,-2.08,-2.456791
48.17584,0.00858278,-7.618234,-1.92,-4.998106
48.18584,-0.0015879,42.91472,-1.81,2.31908
48.19583,-0.001870712,-2.842348,-1.56,5.910088
48.20583,0.005762323,41.37768,-1.45,-0.8239675
48.21582,0.00248544,0.8312744,-1.19,-5.260275
48.22581,-0.008368099,34.46491,-1.05,-1.875163
48.23581,-0.01243723,18.64325,-0.77,5.956531
48.2458,-0.008270307,29.31247,-0.58,3.183406
48.2558,-0.007018109,27.91873,-0.33,-2.286652
48.26579,-0.01510887,10.59231,-0.12,-5.853966
48.27579,-0.01903874,39.93665,0.12,1.427062
48.28578,-0.01564896,6.056892,0.36,4.985544
48.29578,-0.0112554,42.49922,0.55,-1.789411
48.30577,-0.01629101,4.989982,0.81,-5.157993
48.31577,-0.02379584,18.19134,0.97,-0.9304826
48.32576,-0.02420595,38.07866,1.23,6.428077
48.33575,-0.02039079,-8.485249,1.39,2.025503
48.34575,-0.02508705,41.43653,1.56,-5.674177
48.35574,-0.02838305,-13.91016,1.79,-3.349402
48.36574,-0.03451397,39.45914,1.87,1.904107
48.37573,-0.03152391,-7.088709,2.09,6.855829
48.38573,-0.02613563,21.85474,2.12,-3.734416
48.39572,-0.02972739,-3.31614,2.27,-4.950343
48.40572,-0.03176223,6.027542,2.31,-0.3482864
48.41571,-0.0252995,10.7042,2.39,6.293364
48.4257,-0.02148442,-11.17629,2.41,0.2944797
48.4357,-0.01827839,6.866069,2.39,-4.816728
48.44569,-0.02427609,-8.153673,2.4,-2.741815
48.45569,-0.0217527,-20.21667,2.35,3.926057
48.46568,-0.02010228,4.097899,2.28,2.693172
48.47568,-0.01537361,-5.46544,2.23,0.4070392
48.48567,-0.01115374,-31.52722,2.08,-6.504198
48.49567,-0.01823538,5.402837,1.97,-1.265855
48.50566,-0.01965277,-42.08554,1.85,4.455535
48.51566,-0.0120029,14.97095,1.67,3.427158
48.52565,-0.005839489,-48.31637,1.54,-3.503435
48.53564,-0.007266188,6.415121,1.3,-5.683072
48.54564,-0.01059818,-39.4289,1.17,2.044952
48.55563,-0.006736698,-4.003658,0.88,3.639061
48.56563,0.001091348,-31.02522,0.73,4.297804
48.57562,0.01040066,-18.87356,0.46,-5.54178
48.58562,0.009766788,-26.13317,0.26,-4.393655
48.59561,0.00535578,-19.95246,0.01,2.77382
48.60561,0.01252986,-28.65124,-0.19,6.203182
48.6156,0.01893346,-12.11342,-0.44,-1.497025
48.6256,0.01652574,-30.05428,-0.63,-6.608256
48.63559,0.01456354,-22.22198,-0.88,0.1336495
48.64558,0.0136414,-8.979829,-1.06,6.067516
48.65558,0.02166223,-32.24024,-1.25,5.728036
48.66557,0.02651041,-5.500264,-1.46,-5.820252
48.67557,0.02038715,-26.68884,-1.61,-3.86103
48.68556,0.01805247,-3.615065,-1.77,1.92769
48.69556,0.02254511,-10.52675,-1.89,6.705928
48.70555,0.02626755,-8.53935,-2.01,-2.470655
48.71555,0.02421965,-8.085417,-2.11,-3.999877
48.72554,0.01863613,-6.187622,-2.18,-0.08468648
48.73553,0.01822709,-0.01011432,-2.23,3.72766
48.74553,0.02532357,1.905794,-2.25,2.954329
48.75552,0.02308654,3.568697,-2.27,-4.166891
48.76552,0.02032671,-2.971102,-2.25,-1.094168
48.77551,0.01210232,12.1172,-2.23,1.410842
48.78551,0.01364878,5.826246,-2.15,3.620286
48.7955,0.01799531,19.04445,-2.08,-3.109049
48.8055,0.01614594,0.9071802,-1.97,-1.77568
48.81549,0.00714604,21.3369,-1.88,2.572915
48.82549,0.002466958,10.31053,-1.71,1.147385
48.83548,0.00173622,24.91241,-1.57,-2.021765
48.84547,-0.000709445,11.69978,-1.38,-1.751292
48.85547,-0.004012844,21.35853,-1.22,4.460337
48.86546,-0.004053879,21.2858,-0.99,2.267995
48.87546,-0.00581124,16.44408,-0.81,-2.389815
48.88545,-0.006787777,26.44778,-0.58,-3.099981
48.89545,-0.01102832,17.45356,-0.37,2.240821
48.90544,-0.01069736,30.49462,-0.14,4.411641
48.91544,-0.01063506,10.42867,0.07,-1.078217
48.92543,-0.01960127,32.06767,0.28,-6.076467
48.93542,-0.02922601,13.28653,0.53,-0.1467492
48.94542,-0.02440586,13.79025,0.72,4.130036
48.95541,-0.02096702,39.02622,0.95,1.801862
48.96541,-0.02283672,-8.807136,1.18,-3.633719
48.9754,-0.02553442,38.22677,1.29,-3.40024
48.9854,-0.02948738,-0.3711806,1.54,4.250998
48.99539,-0.02769203,23.44103,1.63,2.356554
49.00539,-0.0244746,8.092843,1.81,-0.9347178
49.01538,-0.02548567,6.724546,1.9,-4.035732
49.02538,-0.02580014,12.56212,2,-0.1710616
49.03537,-0.02821418,-6.377407,2.08,2.152707
49.04536,-0.02838857,15.14816,2.12,0.4891776
49.05536,-0.02553031,-20.69222,2.18,-0.4737712
49.06535,-0.02822495,19.66623,2.15,-3.080614
49.07535,-0.03045704,-26.17173,2.18,1.275927
49.08534,-0.02982487,7.840895,2.1,-0.1063637
49.09534,-0.02530334,-10.85043,2.1,1.566684
49.10533,-0.02143087,-12.24723,1.98,-1.260344
49.11533,-0.01824252,-8.828481,1.9,-1.915335
49.12532,-0.0180501,-16.36275,1.78,-0.0013439
49.13531,-0.01307842,-25.07658,1.63,0.9338467
49.14531,-0.008543674,-4.648528,1.48,2.163633
49.1553,0.000586728,-23.39177,1.31,-0.7429258
49.1653,0.004182204,-29.37023,1.09,-4.043207
49.17529,-0.000340221,-7.810417,0.89,1.001106
49.18529,0.001890678,-34.41142,0.71,3.693778
49.19528,0.008339457,-8.097528,0.45,-0.1856765
49.20528,0.008394726,-33.27004,0.27,-3.301721
49.21527,0.006487868,-15.69526,0.01,-1.694106
49.22527,0.008682478,-24.94909,-0.17,4.446039
49.23526,0.01445711,-10.17829,-0.4,0.8926538
49.24525,0.02204721,-29.92114,-0.6,-2.318331
49.25525,0.01892831,-3.582844,-0.86,-3.850492
49.26524,0.01905298,-22.69374,-0.99,2.09362
49.27524,0.01853968,-4.719927,-1.23,2.336721
49.28523,0.02507456,-22.31163,-1.35,-1.857246
49.29523,0.02143067,-12.42442,-1.55,-3.115439
49.30522,0.0213033,-5.279012,-1.65,2.467639
49.31522,0.02265734,-12.85303,-1.78,4.104317
49.32521,0.02584754,-2.900518,-1.88,-1.661029
49.33521,0.0232216,-8.397982,-1.96,-3.793657
49.3452,0.02015206,1.849594,-2.01,-0.2069775
49.35519,0.01576781,-4.130412,-2.04,4.159393
49.36519,0.02007318,9.992126,-2.06,1.675699
49.37518,0.02132734,-3.097656,-2.03,-2.558219
49.38518,0.01608034,8.699777,-2.01,-4.126611
49.39517,0.007972966,11.03682,-1.94,4.061954
49.40517,0.00914538,4.112218,-1.85,1.898667
49.41516,0.006661589,28.6086,-1.76,-0.5440356
49.42516,0.003511514,-6.904356,-1.6,-2.472629
49.43515,-0.002777492,40.03907,-1.51,1.253211
49.44514,-0.006786568,2.222713,-1.28,2.357029
49.45514,-0.01238895,35.16358,-1.14,-0.5920998
49.46513,-0.005324721,12.32212,-0.9,0.2665933
49.47513,-0.01012715,18.28408,-0.74,-4.181131
49.48512,-0.01538153,28.07267,-0.51,3.12107
49.49512,-0.01370986,15.65108,-0.29,1.261781
49.50511,-0.01057845,26.75222,-0.09,0.1276223
49.51511,-0.01478582,16.68316,0.12,-3.540654
49.5251,-0.01933668,22.66352,0.33,-0.374369
49.5351,-0.02211005,17.409,0.54,2.759728
49.54509,-0.02556606,27.96429,0.75,1.668428
49.55508,-0.02508675,0.1230015,0.95,0.01064539
49.56508,-0.03116215,35.29611,1.12,-5.707042
49.57507,-0.03551854,-5.587877,1.32,2.644113
49.58507,-0.03374916,35.94834,1.45,1.250235
49.59506,-0.0304112,-9.244103,1.63,1.521646
49.60506,-0.03188463,25.09627,1.7,-7.194246
49.61505,-0.03694396,-8.865748,1.86,0.6650246
49.62505,-0.0360802,23.07495,1.9,3.988188
49.63504,-0.02679868,-6.412463,2.01,4.40969
49.64503,-0.02882034,-13.75341,1.98,-4.271661
49.65503,-0.03040295,14.75302,2.01,-5.780916
49.66502,-0.03259512,-22.12949,2.05,4.057996
49.67502,-0.02192923,14.44707,1.96,3.475405
49.68501,-0.02032124,-14.92144,1.96,-0.296725
49.69501,-0.01704094,-21.29123,1.84,-5.309413
49.705,-0.02016616,-3.805946,1.74,-0.2155345
49.715,-0.02447346,-11.49506,1.66,5.914568
49.72499,-0.009076808,-27.75614,1.5,1.162583
49.73499,-0.008902914,2.584519,1.33,-5.539123
49.74498,-0.00747731,-44.87838,1.21,-3.236028
49.75497,-0.01204628,12.36967,0.97,2.073559
49.76497,-0.000676473,-44.45803,0.85,7.500455
49.77496,0.0000273,2.302916,0.57,-6.588094
49.78496,0.002713514,-37.68194,0.45,-2.836148
49.79495,-0.00178776,-18.18076,0.16,0.5746054
49.80495,0.004474433,-8.75521,0.03,7.188481
49.81494,0.008669391,-49.13006,-0.21,-2.969494
49.82494,0.01333749,18.71925,-0.41,-3.459266
49.83493,0.01682183,-56.93445,-0.57,-0.7581174
49.84492,0.01411649,-6.128597,-0.83,0.2642387
49.85492,0.01853807,-12.71268,-0.96,5.353873
49.86491,0.01919493,-19.15364,-1.14,-1.569345
49.87491,0.02678388,-9.225622,-1.3,-3.024835
49.8849,0.02376181,-15.16176,-1.43,-1.348463
49.8949,0.02095117,1.11199,-1.55,2.16726
49.90489,0.02042266,-20.66992,-1.62,3.510651
49.91489,0.01707809,11.01349,-1.72,-1.974978
49.92488,0.01797799,-9.054543,-1.73,-1.674185
49.93488,0.01440102,1.101159,-1.78,-1.23867
49.94487,0.01007478,8.044213,-1.76,2.90343
49.95486,0.008428426,-3.350832,-1.73,2.457732
49.96486,0.01038636,12.99676,-1.69,-0.1576
49.97485,0.009044838,14.48667,-1.6,-1.975127
49.98485,0.01110807,-1.450364,-1.53,-0.06507786
49.99484,0.00951523,22.94768,-1.42,1.159728
50.00484,0.004196393,4.85877,-1.27,0.3567109
50.01483,0.001409571,27.34153,-1.14,0.0993344
50.02483,0.001701905,5.064191,-0.97,-1.54928
50.03482,-0.002028577,36.95917,-0.82,2.024204
50.04482,-0.008272882,10.93572,-0.6,0.6610268
50.05481,-0.01564055,16.0782,-0.42,-1.059673
50.0648,-0.02108023,40.38454,-0.21,0.1894273
50.0748,-0.02055182,-8.939788,0.02,-0.6127124
50.08479,-0.02248766,52.60216,0.15,1.859254
50.09479,-0.02605479,-9.274052,0.45,0.03787103
50.10478,-0.03115184,40.59792,0.56,-1.983338
50.11478,-0.02644275,7.690883,0.83,0.1970073
50.12477,-0.02799268,15.13628,0.95,-1.491422
50.13477,-0.03319099,28.2448,1.15,3.000688
50.14476,-0.03387861,-10.27978,1.32,-0.2273235
50.15475,-0.0327673,41.56051,1.4,-2.48425
50.16475,-0.03402586,-7.263195,1.62,-1.051423
50.17474,-0.03218786,6.750753,1.65,-0.7984433
50.18474,-0.02999171,22.11563,1.76,4.114365
50.19473,-0.02969187,-30.01667,1.83,-0.7876877
50.20473,-0.02750447,30.78948,1.79,-3.098224
50.21472,-0.03131365,-15.66107,1.89,-1.179189
50.22472,-0.02797866,-6.627871,1.81,0.5492802
50.23471,-0.0239881,0.2570167,1.79,3.972773
50.24471,-0.02299193,-11.15999,1.74,-1.403741
50.2547,-0.02424152,-24.61564,1.66,-4.631534
50.26469,-0.02026246,1.284588,1.55,1.405877
50.27469,-0.01269815,-20.6331,1.44,1.152982
50.28468,-0.009567311,-16.78606,1.27,1.591041
50.29468,-0.01171545,-19.4785,1.13,-3.859933
50.30467,-0.01007034,-19.39977,0.95,-1.005271
50.31467,-0.002081444,-14.93576,0.78,1.611208
50.32466,0.005845659,-25.99897,0.57,1.268123
50.33466,0.008430698,-17.1879,0.36,-0.7143728
50.34465,0.008899773,-24.83257,0.17,-3.033472
50.35464,0.01079491,-18.36133,-0.06,1.70742
50.36464,0.01709717,-15.12221,-0.26,3.204024
50.37463,0.01966737,-26.21495,-0.46,-1.055486
50.38463,0.0140933,-14.66997,-0.67,-2.397186
50.39462,0.01118483,-16.6076,-0.83,0.06886347
50.40462,0.01942367,-13.95254,-1,2.92334
50.41461,0.0235658,-11.11084,-1.16,0.2407143
50.42461,0.02407408,-16.86265,-1.3,-0.9156097
50.4346,0.02043337,-4.727541,-1.42,-1.581239
50.4446,0.02037245,-9.035109,-1.5,1.836727
50.45459,0.02370793,3.23315,-1.59,1.388206
50.46458,0.02452425,-10.31275,-1.64,0.8586397
50.47458,0.01926512,8.755154,-1.68,-0.6133341
50.48457,0.01902919,-2.852933,-1.67,0.1915794
50.49457,0.01962739,13.40651,-1.66,-1.852269
50.50456,0.01682548,-2.709797,-1.62,0.3593181
50.51456,0.0110195,17.76455,-1.57,1.898847
50.52455,0.007226426,8.32267,-1.45,1.291134
50.53455,0.00865657,13.77615,-1.37,-1.511989
50.54454,0.00342153,13.03687,-1.23,-3.277225
50.55453,-0.008870001,17.65583,-1.08,2.140787
50.56453,-0.01239488,18.98613,-0.91,3.148642
50.57452,-0.008654291,18.61578,-0.73,0.6640064
50.58452,-0.007215374,21.9318,-0.56,-4.428448
50.59451,-0.01398985,13.9126,-0.36,-1.189271
50.60451,-0.02130076,24.19543,-0.17,3.095851
50.6145,-0.02129592,19.46055,0.03,2.080734
50.6245,-0.01848029,17.08793,0.22,-3.510867
50.63449,-0.02335779,22.97292,0.4,-1.979101
50.64449,-0.03029316,7.011866,0.6,2.04329
50.65448,-0.03505968,36.23627,0.76,1.614713
50.66447,-0.03556694,0.8554699,0.97,-0.04787169
50.67447,-0.0361388,22.95351,1.08,-3.422463
50.68446,-0.04021456,5.456997,1.26,0.9234645
50.69446,-0.04378515,6.102888,1.36,0.8711624
50.70445,-0.03948653,14.7424,1.48,0.2496281
50.71445,-0.0339423,6.007732,1.56,-0.8618162
50.72444,-0.03057124,-16.01225,1.6,-2.816401
50.73444,-0.03380675,24.01845,1.62,-0.5385093
50.74443,-0.03122132,-10.53407,1.67,2.938206
50.75443,-0.01635131,-6.06121,1.6,0.6385253
50.76442,-0.01107942,-0.7485867,1.56,-0.9720989
50.77441,-0.01558214,-22.8495,1.5,-4.358597
50.78441,-0.02173857,-0.2684213,1.39,-0.08203892
50.7944,-0.01802675,-19.26008,1.31,5.429439
50.8044,-0.008713074,-5.394312,1.16,1.614355
50.81439,-0.008545573,-31.8534,1.03,-4.950813
50.82439,-0.01482751,-3.524334,0.85,-3.473769
50.83438,-0.007325262,-30.62047,0.72,6.357505
50.84438,0.0000975,-3.570941,0.5,1.884995
50.85437,0.0104435,-29.47497,0.35,-0.7121593
50.86436,0.008752032,-18.81098,0.12,-7.681437
50.87436,0.01025534,-18.5029,-0.04,4.201316
50.88435,0.01636242,-11.33354,-0.24,4.055008
50.89435,0.02521663,-35.39374,-0.43,0.2021665
50.90434,0.0239612,2.12109,-0.64,-7.710067
50.91434,0.02006553,-36.02281,-0.77,1.390915
50.92433,0.02112528,3.58742,-0.98,5.156769
50.93433,0.02664564,-17.76905,-1.07,4.378716
50.94432,0.02873388,-13.34242,-1.25,-3.434704
50.95432,0.01970045,-7.750284,-1.35,-4.462171
50.96431,0.01619581,-8.039526,-1.43,1.287542
50.9743,0.01614685,4.757926,-1.48,4.766788
50.9843,0.01927323,-4.629538,-1.51,1.109091
50.99429,0.02028865,1.453097,-1.54,-4.595995
51.00429,0.01168677,2.922056,-1.52,-0.2121618
51.01428,0.007048941,8.706174,-1.48,2.959436
51.02428,0.008986983,12.39423,-1.42,2.742926
51.03427,0.00695497,8.191183,-1.34,-3.312718
51.04427,-0.000722494,12.29699,-1.24,-0.4934215
51.05426,-0.007640884,18.69232,-1.11,-0.4205731
51.06425,-0.006553157,13.53606,-0.96,2.559915
51.07425,-0.005633364,17.6899,-0.81,-1.811293
51.08424,-0.01337502,21.24723,-0.64,0.01052751
51.09424,-0.01882658,12.27058,-0.45,0.5536309
51.10423,-0.01899005,31.37943,-0.27,1.450024
51.11423,-0.0173126,2.899875,-0.07,-2.110204
51.12422,-0.02628954,36.17118,0.09,-1.550151
51.13422,-0.03425772,-0.5327209,0.32,2.645924
51.14421,-0.03283999,30.94281,0.47,1.801218
51.15421,-0.03191616,8.084046,0.71,0.07412136
51.1642,-0.03558366,15.56986,0.84,-4.450991
51.17419,-0.04257245,16.34505,1.03,1.100949
51.18419,-0.03924413,6.162771,1.16,2.76767
51.19418,-0.0316837,23.2362,1.28,0.8544211
51.20418,-0.0286425,-13.89724,1.39,-3.427494
51.21417,-0.03585049,23.4538,1.43,-3.468338
51.22417,-0.03747336,-18.29405,1.54,2.699323
51.23416,-0.03323829,25.25784,1.52,2.606791
51.24416,-0.02539182,-25.2606,1.58,1.364356
51.25415,-0.02527341,11.26459,1.5,-6.572789
51.26414,-0.03027045,-21.1643,1.52,-0.5621846
51.27414,-0.02721466,-0.1389761,1.41,1.158819
51.28413,-0.01765403,-10.7384,1.36,2.877613
51.29413,-0.01185067,-13.64789,1.22,-2.261679
51.30412,-0.007450398,-15.39082,1.1,-2.768796
51.31412,-0.01016888,-15.01572,0.95,1.177713
51.32411,-0.00900925,-31.40112,0.8,2.616765
51.33411,-0.004962883,-0.2119893,0.61,-0.7551411
51.3441,0.002107654,-16.21469,0.47,-1.164444
51.3541,0.01112433,-28.95602,0.24,-1.12474
51.36409,0.01230792,-7.135758,0.04,2.197262
51.37408,0.008988818,-30.75698,-0.11,0.9493229
51.38408,0.01608222,-4.313076,-0.32,-0.9046838
51.39407,0.02284091,-24.64215,-0.47,-1.304348
51.40407,0.0256263,-11.58226,-0.68,0.8567865
51.41406,0.01912111,-16.29106,-0.81,2.042286
51.42406,0.01714371,-11.79921,-0.96,-0.3759758
51.43405,0.02174936,-7.341808,-1.07,-1.897633
51.44405,0.02236176,-7.451217,-1.18,0.7622944
51.45404,0.02142003,-10.40869,-1.26,3.276712
51.46404,0.02156319,7.423602,-1.33,-0.4590763
51.47403,0.02088367,-9.495496,-1.35,-2.003326
51.48402,0.02141103,10.70844,-1.39,0.1040017
51.49402,0.01943516,-2.580315,-1.35,3.041047
51.50401,0.01343136,12.47485,-1.34,0.3818545
51.51401,0.01129412,5.102454,-1.25,-1.550357
51.524,0.01012453,12.33899,-1.21,-2.206841
51.534,0.001860801,13.88682,-1.07,2.972221
51.54399,-0.00326939,4.037987,-0.97,2.595825
51.55399,-0.01003193,38.03123,-0.82,-1.021868
51.56398,-0.009030098,-3.491497,-0.63,-3.518007
51.57397,-0.01243331,32.09285,-0.51,0.5043008
51.58397,-0.01803738,4.040743,-0.3,4.163148
51.59396,-0.02013773,29.66436,-0.15,-0.136179
51.60396,-0.01925787,12.49183,0.05,-2.44287
51.61395,-0.02435704,19.86946,0.2,-3.105045
51.62395,-0.0298002,13.63814,0.39,3.818972
51.63394,-0.03632756,20.27617,0.55,1.243187
51.64394,-0.03444667,10.46191,0.72,-0.4025469
51.65393,-0.03051353,20.31693,0.87,-3.681259
51.66393,-0.03219194,-0.1173382,1.01,-1.039406
51.67392,-0.03715936,14.98882,1.1,2.867316
51.68391,-0.03574359,1.563495,1.22,1.776756
51.69391,-0.02922938,9.263742,1.27,-2.957687
51.7039,-0.02910301,-0.1790057,1.33,-1.43108
51.7139,-0.02982109,-7.167756,1.33,0.6013933
51.72389,-0.02889873,5.725783,1.33,2.732229
51.73389,-0.02303622,-16.60856,1.32,-1.322529
51.74388,-0.018849,8.77895,1.24,-1.661254
51.75388,-0.01185861,-42.34801,1.2,0.1085671
51.76387,-0.01510459,18.00187,1.06,-0.662564
51.77386,-0.01400435,-44.26186,1.01,3.779588
51.78386,-0.009584395,13.55354,0.81,-2.753932
51.79385,-0.004836487,-37.25417,0.73,0.9403706
51.80385,-0.002447451,-5.372608,0.5,-3.697705
51.81384,0.000165797,-21.91216,0.4,3.252416
51.82384,0.005963599,-17.52135,0.18,1.137458
51.83383,0.01489602,-18.69879,0.03,-0.2217851
51.84383,0.01496452,-13.78723,-0.16,-3.102945
51.85382,0.01930603,-24.69764,-0.32,-0.3916911
51.86382,0.01884714,-1.90058,-0.5,3.656924
51.87381,0.02478166,-26.06004,-0.64,2.063276
51.8838,0.02772234,-1.218783,-0.83,-3.764052
51.8938,0.02645196,-22.56384,-0.92,-2.073303
51.90379,0.02466861,-0.4158865,-1.08,3.889696
51.91379,0.02848174,-12.207,-1.14,2.714153
51.92378,0.02744408,0.04471294,-1.25,-3.094457
51.93378,0.02633631,-5.262468,-1.27,-0.5801075
51.94377,0.02012109,-3.830192,-1.33,1.862257
51.95377,0.006742547,9.462601,-1.32,2.018528
51.96376,0.007912193,2.762761,-1.28,-0.354154
51.97375,0.006790079,11.18453,-1.24,-2.591518
51.98375,0.000580838,3.003077,-1.16,0.2947617
51.99374,-0.007114613,22.15287,-1.07,3.293212
52.00374,-0.00615093,5.44898,-0.94,0.9770642
52.01373,-0.003839555,25.96527,-0.83,-2.676464
52.02373,-0.008707413,0.2059866,-0.67,-2.007939
52.03372,-0.02021434,31.20838,-0.54,3.153948
52.04372,-0.02122612,10.18907,-0.33,2.143535
52.05371,-0.02369123,33.28623,-0.18,-2.007767
52.06371,-0.02427703,-1.616445,0,-2.667521
52.0737,-0.03611577,32.50895,0.12,0.1644377
52.08369,-0.0389239,4.538449,0.35,4.56815
52.09369,-0.03440242,25.04673,0.46,-2.879179
52.10368,-0.03656363,10.50465,0.65,-1.975453
52.11368,-0.04179972,4.885123,0.75,-1.596523
52.12367,-0.04215566,20.54538,0.9,5.684774
52.13367,-0.03886259,-8.742509,0.98,-0.363201
52.14366,-0.03470452,19.06817,1.06,-3.941801
52.15366,-0.02989306,-10.11231,1.14,-3.619339
52.16365,-0.02734756,6.264313,1.13,3.154899
52.17365,-0.01974756,-8.398892,1.15,4.074626
52.18364,-0.01952282,-1.223064,1.11,-3.187743
52.19363,-0.01920859,-11.44491,1.07,-3.244941
52.20363,-0.01973353,-6.264743,0.99,0.2425968
52.21362,-0.01874621,-16.77385,0.91,3.482793
52.22362,-0.01782527,-5.504125,0.79,-1.20221
52.23361,-0.01395588,-21.59121,0.69,-2.058016
52.24361,-0.007440461,-7.932375,0.53,-0.2619534
52.2536,0.003712437,-29.26674,0.4,1.370893
52.2636,0.005764926,-5.015712,0.21,-0.9513574
52.27359,0.009858025,-33.36749,0.07,0.01073564
52.28358,0.01832928,-0.6294795,-0.14,0.2457912
52.29358,0.02500566,-29.2553,-0.28,1.235799
52.30357,0.02140326,-10.61267,-0.49,-2.676483
52.31357,0.0203787,-20.63338,-0.62,1.004123
52.32356,0.02346407,-5.597211,-0.8,1.384376
52.33356,0.02729288,-12.53102,-0.91,1.949451
52.34355,0.02568214,-17.46576,-1.06,-3.108103
52.35355,0.01598193,0.7812672,-1.16,-1.61411
52.36354,0.01480775,-9.790008,-1.21,2.441349
52.37354,0.02056022,5.620768,-1.29,3.68718
52.38353,0.02113693,-9.058343,-1.3,-2.547046
52.39352,0.0131976,6.1699,-1.33,-4.186679
52.40352,0.00518049,2.907596,-1.29,2.609211
52.41351,0.007134701,11.22921,-1.26,4.698996
52.42351,0.007701673,10.91002,-1.18,0.2534706
52.4335,-0.00078602,1.421298,-1.1,-6.289228
52.4435,-0.0110767,23.11274,-1,0.4990146
52.45349,-0.01148028,3.639019,-0.84,4.190187
52.46349,-0.008003913,30.82051,-0.73,5.366502
52.47348,-0.01009016,0.4014422,-0.56,-5.08254
52.48347,-0.02245578,25.68712,-0.44,-5.304995
52.49347,-0.03060619,9.351795,-0.23,2.685965
52.50346,-0.02863505,27.00773,-0.09,6.722126
52.51346,-0.02678712,5.437916,0.09,-0.9763278
52.52345,-0.04092918,18.48236,0.22,-7.656128
52.53345,-0.04668605,10.44394,0.41,1.288538
52.54344,-0.04260925,15.82957,0.53,4.148991
52.55344,-0.0261459,10.99133,0.67,3.640254
52.56343,-0.02948363,1.342095,0.76,-6.213816
52.57343,-0.03763673,8.38229,0.84,0.1852333
52.58342,-0.03736659,0.709093,0.91,3.217766
52.59341,-0.02963418,5.731782,0.94,1.543545
52.60341,-0.02616855,-3.419105,0.95,-3.131938
52.6134,-0.02426123,-11.10892,0.93,-2.643644
52.6234,-0.02620561,-1.192938,0.88,2.438334
52.63339,-0.02073398,-20.12509,0.84,1.350864
52.64339,-0.01091442,1.324161,0.72,-2.463578
52.65338,-0.008723972,-14.22296,0.64,-1.093603
52.66338,-0.005057301,-22.4128,0.49,0.4471327
52.67337,-0.003133397,-3.994483,0.35,2.703381
52.68336,-0.001841665,-26.00845,0.2,-1.267533
52.69336,0.002567272,-14.08347,0.02,-1.377663
52.70335,0.007779617,-12.65263,-0.12,2.816198
52.71335,0.01733864,-26.47324,-0.31,0.01376949
52.72334,0.01723392,-4.987103,-0.49,-0.1268051
52.73334,0.0178431,-34.57521,-0.64,-1.770922
52.74333,0.02197452,1.805583,-0.83,2.048894
52.75333,0.02446319,-25.18456,-0.95,1.705244
52.76332,0.02475861,-1.58458,-1.14,-1.423114
52.77332,0.02255564,-19.61456,-1.22,-0.09839404
52.78331,0.02055797,4.762421,-1.35,-0.3086514
52.7933,0.02406637,-11.87683,-1.4,2.755787
52.8033,0.02239612,0.1322521,-1.49,-3.604881
52.81329,0.01628697,-1.727901,-1.49,1.582777
52.82329,0.009995006,6.497914,-1.51,1.09617
52.83328,0.01098861,5.026156,-1.48,1.096368
52.84328,0.008108782,4.186194,-1.44,-4.053442
52.85327,-0.001966711,18.72373,-1.37,2.125054
52.86327,-0.007017395,1.10795,-1.27,1.844794
52.87326,-0.004393618,27.30516,-1.17,0.07382863
52.88326,-0.007166307,2.863676,-1.03,-5.248685
52.89325,-0.01896618,20.46017,-0.91,1.217607
52.90324,-0.02366215,11.82643,-0.73,3.773583
52.91324,-0.02315689,26.9068,-0.58,2.039271
52.92323,-0.02471209,6.710927,-0.41,-4.309836
52.93323,-0.03355792,20.79627,-0.27,-2.445473
52.94322,-0.04265416,7.716509,-0.09,3.440371
52.95322,-0.04328804,16.52925,0.05,2.934539
52.96321,-0.03817566,17.69039,0.21,2.65101
52.97321,-0.0339309,-5.027182,0.3,-7.244106
52.9832,-0.04101028,23.26585,0.41,-1.07653
52.99319,-0.04430844,-14.98731,0.51,4.163483
53.00319,-0.03654576,23.78573,0.54,2.834445
53.01318,-0.02924509,-11.60287,0.61,-2.111061
53.02318,-0.02487662,-0.8445873,0.57,-4.383081
53.03317,-0.03010701,-3.212463,0.59,1.624175
53.04317,-0.02602195,-14.15821,0.54,2.254525
53.05316,-0.01807203,-2.260777,0.47,0.04304552
53.06316,-0.01061136,-19.3924,0.4,-2.186354
53.07315,-0.007150826,-5.202197,0.27,-1.550928
53.08315,-0.004358646,-21.74162,0.17,1.097537
53.09314,0.005290281,-14.67407,0,0.8932487
53.10313,0.008729029,-14.27503,-0.12,-1.299746
53.11313,0.01622925,-18.9257,-0.28,1.464037
53.12312,0.02328046,-14.09457,-0.46,-0.2951461
53.13312,0.02375095,-20.72353,-0.63,-1.775964
53.14311,0.02083139,-11.02295,-0.79,-0.924291
53.15311,0.02195097,-22.55743,-0.93,2.958799
53.1631,0.02363232,1.078205,-1.08,2.595557
53.1731,0.02587114,-27.18795,-1.2,-2.323526
53.18309,0.02268608,10.5808,-1.33,-2.917011
53.19308,0.02134149,-26.5533,-1.39,1.221152
53.20308,0.02312925,19.07558,-1.49,3.620198
53.21307,0.02584535,-25.06901,-1.5,0.06280496
53.22307,0.02097858,25.47415,-1.57,-3.160008
53.23306,0.01449139,-25.87892,-1.51,-0.7244632
53.24306,0.01031231,20.31363,-1.54,1.486892
53.25305,0.003658924,2.050991,-1.43,4.124899
53.26305,0.002246548,10.91993,-1.4,-1.899201
53.27304,-0.007565701,10.67136,-1.28,-2.527466
53.28304,-0.01752345,11.12248,-1.17,-0.2692534
53.29303,-0.01823824,22.55079,-1.04,4.085334
53.30302,-0.0176616,3.425568,-0.9,-0.4511558
53.31302,-0.02658319,26.68881,-0.77,-2.161232
53.32301,-0.03608111,1.241551,-0.59,-1.610267
53.33301,-0.03826011,29.98477,-0.47,2.575268
53.343,-0.03499482,-0.6343851,-0.28,1.075352
53.353,-0.03610588,19.22178,-0.19,-4.290978
53.36299,-0.04315663,5.492529,-0.03,-0.9581436
53.37299,-0.04073074,11.00925,0.05,1.498495
53.38298,-0.03139386,9.207889,0.15,5.215585
53.39297,-0.03053391,1.30226,0.21,-6.150014
53.40297,-0.03602163,-6.717673,0.24,-2.007447
53.41296,-0.03606354,10.04905,0.27,0.920283
53.42296,-0.02623061,-12.95635,0.27,5.630233
53.43295,-0.01668318,8.513184,0.22,-1.773193
53.44295,-0.01932134,-27.60705,0.17,-4.275728
53.45294,-0.01440173,2.092567,0.05,-1.159589
53.46294,-0.01153641,-23.05877,0,4.460807
53.47293,-0.004068176,-2.743754,-0.15,1.401415
53.48293,0.002739929,-24.89748,-0.26,-2.980464
53.49292,0.006926246,-12.87654,-0.44,-3.675033
53.50291,0.01432804,-20.13435,-0.58,2.579411
53.51291,0.02068897,-14.88596,-0.76,2.725396
53.5229,0.0257053,-17.2478,-0.92,-0.6554282
53.5329,0.02835947,-17.83186,-1.1,-2.95431
53.54289,0.02794619,-11.28363,-1.26,-0.2728919
53.55289,0.02514397,-23.45909,-1.4,2.999336
53.56288,0.02474907,5.351927,-1.54,2.988018
53.57288,0.02724531,-20.09751,-1.64,-1.391913
53.58287,0.02570385,7.478997,-1.75,-3.533614
53.59286,0.02172817,-20.95511,-1.79,1.473682
53.60286,0.0179212,21.9013,-1.86,3.359072
53.61285,0.01902796,-18.33114,-1.84,0.6297539
53.62285,0.01665526,27.56128,-1.88,-4.323759
53.63284,0.01397621,-19.33884,-1.8,1.708326
53.64284,0.002138783,18.85245,-1.8,0.4347417
53.65283,-0.009437759,4.42929,-1.66,3.922055
53.66283,-0.006035579,16.62475,-1.59,-3.676211
53.67282,-0.01008185,11.52141,-1.46,-0.4845518
53.68282,-0.01964836,9.287971,-1.34,0.6198851
53.69281,-0.02398336,23.60277,-1.2,3.380464
53.7028,-0.02267986,7.849203,-1.04,-1.368246
53.7128,-0.02353265,23.63744,-0.91,-2.800958
53.72279,-0.03177538,1.164083,-0.75,0.1993038
53.73279,-0.0377706,22.93644,-0.62,2.271968
53.74278,-0.0354941,9.0113,-0.46,1.771764
53.75278,-0.0321024,12.24041,-0.35,-2.753618
53.76277,-0.03683072,4.78998,-0.25,-3.568172
53.77277,-0.04108627,5.96719,-0.15,1.002025
53.78276,-0.04026357,6.28146,-0.08,3.473779
53.79276,-0.03399475,4.193548,-0.01,0.5296111
53.80275,-0.0299556,-11.81852,-0.02,-5.109681
53.81274,-0.03287954,7.4419,0,-4.02813
53.82274,-0.02991068,-15.87376,-0.02,6.429588
53.83273,-0.01582577,9.267622,-0.07,2.229049
53.84273,-0.008205629,-16.38283,-0.14,-2.064698
53.85272,0.006569097,-13.09504,-0.27,-4.915958
53.86272,0.005464727,-10.27648,-0.37,0.2463566
53.87271,0.007242838,-19.25263,-0.49,4.354127
53.88271,0.0162701,-5.396126,-0.64,-0.02156045
53.8927,0.02053527,-24.45286,-0.76,-3.260878
53.90269,0.02102613,-4.873809,-0.93,-1.850943
53.91269,0.01865052,-18.51641,-1.03,4.826518
53.92268,0.02220633,-7.381361,-1.19,0.290378
53.93268,0.02840188,-11.16665,-1.29,-2.003093
53.94267,0.02770177,-8.612909,-1.4,-3.021957
53.95267,0.02639431,-4.396377,-1.48,2.500446
53.96266,0.02829178,-1.444037,-1.55,4.629533
53.97266,0.03066457,-0.4731954,-1.59,-2.184831
53.98265,0.02337912,2.956975,-1.62,-5.058868
53.99265,0.01750672,2.249447,-1.6,0.6506848
54.00264,0.01557358,13.20423,-1.58,6.650385
54.01263,0.01076838,3.688435,-1.51,-0.5182151
54.02263,-0.003054918,13.66401,-1.44,-4.283208
54.03262,-0.00901196,10.98053,-1.31,0.4524201
54.04262,-0.01218507,13.97676,-1.2,2.614725
54.05261,-0.0247479,21.16423,-1.04,2.110781
54.06261,-0.02610552,7.743599,-0.88,-0.4122628
54.0726,-0.02575768,29.93826,-0.73,-2.482924
54.0826,-0.0281481,-1.566771,-0.56,-0.5395913
54.09259,-0.03606437,29.35944,-0.42,0.01797753
54.10258,-0.0411008,-1.818536,-0.23,2.019381
54.11258,-0.0424413,34.84118,-0.12,-2.150366
54.12257,-0.03973339,-11.38041,0.05,0.6169792
54.13257,-0.04412962,27.8083,0.1,-3.032654
54.14256,-0.043919,0.9686202,0.26,2.157343
54.15256,-0.03522833,3.827148,0.3,-1.117913
54.16255,-0.03048612,10.74757,0.36,0.6176994
54.17255,-0.02465078,-16.92547,0.38,-0.878053
54.18254,-0.02214186,11.22416,0.34,-1.123213
54.19254,-0.02114205,-24.22889,0.35,0.07520019
54.20253,-0.01606963,10.66851,0.26,0.119594
54.21252,-0.005886372,-25.12368,0.22,2.439107
54.22252,0.001387734,-0.0653174,0.08,-2.312138
54.23251,0.008157684,-23.30903,0,-0.9379746
54.24251,0.006530139,-7.653624,-0.15,-1.190738
54.2525,0.008831936,-21.76878,-0.26,2.65481
54.2625,0.01786197,-6.604871,-0.41,1.140973
54.27249,0.02559307,-18.73525,-0.55,-1.101183
54.28249,0.02756051,-4.979645,-0.69,-2.828527
54.29248,0.02524492,-25.40628,-0.82,-0.03849769
54.30247,0.02650649,4.671707,-0.94,2.485192
54.31247,0.03209593,-15.84845,-1.02,1.708304
54.32246,0.03447702,0.8948785,-1.14,-2.08483
54.33246,0.02779676,-12.69861,-1.18,-3.579852
54.34245,0.02161398,4.338209,-1.24,1.717692
54.35245,0.01386029,-0.9584644,-1.23,3.238214
54.36244,0.01505409,9.391017,-1.24,1.102514
54.37244,0.009927416,1.52288,-1.19,-2.67213
54.38243,-0.002303164,12.11035,-1.14,-1.81969
54.39243,-0.007950621,8.027205,-1.05,3.291091
54.40242,-0.008304224,16.8899,-0.96,0.7249728
54.41241,-0.01392599,11.18077,-0.83,-0.9667309
54.42241,-0.0246086,13.28362,-0.71,-2.627948
54.4324,-0.03549216,15.07519,-0.56,0.7071976
54.4424,-0.03799067,17.054,-0.42,2.867243
54.45239,-0.03614966,16.11235,-0.27,-0.3652085
54.46239,-0.04077522,3.911671,-0.14,-1.801552
54.47238,-0.04704223,17.26904,-0.01,-1.740797
54.48238,-0.04506139,3.576496,0.11,3.33948
54.49237,-0.0383529,17.06132,0.2,0.7391852
54.50237,-0.03579651,-5.301672,0.28,-2.907655
54.51236,-0.03837259,4.929177,0.31,-2.504323
54.52235,-0.03890125,3.433522,0.37,4.014916
54.53235,-0.02620819,-9.323812,0.36,3.885539
54.54234,-0.01952342,7.723613,0.33,-1.645139
54.55234,-0.01201065,-27.31173,0.3,-5.502505
54.56233,-0.01268043,7.656126,0.18,0.5326025
54.57233,-0.008868701,-25.69444,0.15,4.181642
54.58232,0.000122294,2.943752,0,1.282686
54.59232,0.009009162,-27.48139,-0.08,-3.512001
54.60231,0.01090601,-5.219398,-0.26,-2.047309
54.6123,0.01479872,-21.63847,-0.36,3.333764
54.6223,0.01575942,-6.266345,-0.53,1.327771
54.63229,0.02507163,-15.00366,-0.64,0.00961432
54.64229,0.02900264,-15.3623,-0.8,-4.543189
54.65228,0.02796472,9.756621,-0.92,1.017001
54.66228,0.02948866,-32.95141,-1.02,2.677936
54.67227,0.02757183,18.86997,-1.13,1.289261
54.68227,0.02868159,-26.98769,-1.17,-2.022195
54.69226,0.02543722,20.64069,-1.25,-2.315354
54.70226,0.01807094,-21.42499,-1.23,4.032718
54.71225,0.01162615,25.87827,-1.27,1.453984
54.72224,0.01271342,-12.04292,-1.2,0.007773361
54.73224,0.003679532,21.6849,-1.2,-6.065707
54.74223,-0.006590181,-0.4274385,-1.08,2.284905
54.75223,-0.02111314,25.60488,-1.01,2.601813
54.76222,-0.01947739,-0.05196929,-0.87,2.964519
54.77222,-0.02467237,25.01845,-0.79,-5.550169
54.78221,-0.03276004,-2.77395,-0.62,-0.3380774
54.79221,-0.04029491,27.74115,-0.54,1.761144
54.8022,-0.03874049,0.7224239,-0.36,3.406083
54.81219,-0.03890703,19.3699,-0.28,-2.32872
54.82219,-0.03975014,0.6886368,-0.14,-4.097382
54.83218,-0.04613496,8.603432,-0.07,0.03048574
54.84218,-0.04326753,7.432039,0.02,3.040542
54.85217,-0.03627111,5.748697,0.07,3.76028
54.86217,-0.0303144,-9.036273,0.1,-4.144552
54.87216,-0.03250117,10.56068,0.09,-4.266907
54.88216,-0.02944303,-27.20901,0.1,1.186267
54.89215,-0.02300157,19.79538,0.02,5.823675
54.90215,-0.007889273,-29.61578,0.01,-0.08887182
54.91214,-0.000846962,1.903049,-0.15,-5.074994
54.92213,0.001378715,-19.32202,-0.19,-1.096699
54.93213,0.009583016,-16.47388,-0.37,4.548544
54.94212,0.01725287,-6.549175,-0.48,3.590952
54.95212,0.02050157,-20.57411,-0.63,-3.13423
54.96211,0.02311395,-5.911036,-0.79,-2.761643
54.97211,0.02828757,-20.9347,-0.92,0.4482021
54.9821,0.02919672,-5.280723,-1.07,4.428376
54.9921,0.02780901,-16.00583,-1.17,-1.808648
55.00209,0.02844379,-0.4225062,-1.29,-2.395315
55.01208,0.03214239,-12.47671,-1.36,0.2598142
55.02208,0.02851489,0.3860179,-1.44,3.786862
55.03207,0.02052823,-7.410092,-1.46,-0.06442981
55.04207,0.009802924,4.84981,-1.49,-3.027593
55.05206,-0.002278639,8.484379,-1.45,-2.05519
55.06206,-0.002844633,5.376615,-1.4,2.484519
55.07205,-0.008839285,10.48621,-1.34,3.749686
55.08205,-0.0159908,13.18336,-1.24,-2.729146
55.09204,-0.02034487,11.26152,-1.13,-2.754062
55.10204,-0.02376543,13.55747,-1.02,1.747727
55.11203,-0.02736193,12.25886,-0.89,3.548437
55.12202,-0.03256581,12.34371,-0.76,-3.318118
55.13202,-0.03984874,13.18154,-0.63,-3.168158
55.14201,-0.0417886,8.788176,-0.5,1.517923
55.15201,-0.0407034,16.76983,-0.38,3.507633
55.162,-0.0453962,2.018964,-0.27,0.4084281
55.172,-0.04712063,7.196787,-0.2,-4.226703
55.18199,-0.04401207,7.217441,-0.12,0.657863
55.19199,-0.03648187,-5.568319,-0.09,1.408022
55.20198,-0.03376121,10.41457,-0.07,1.710468
55.21198,-0.03191352,-22.57097,-0.07,-2.781085
55.22197,-0.02327153,9.938243,-0.12,-0.8660105
55.23196,-0.01045473,-17.75558,-0.15,2.288231
55.24196,0.001601653,-12.3674,-0.28,-1.26085
55.25195,0.0135788,-11.90137,-0.38,-1.679381
55.26195,0.01174407,-14.75097,-0.5,-1.94538
55.27194,0.01929512,-13.79001,-0.64,5.058542
55.28194,0.02587017,-7.630673,-0.78,-0.2475583
55.29193,0.02659068,-24.8431,-0.91,-2.957298
55.30193,0.02246685,-0.03865028,-1.06,-3.151829
55.31192,0.02534331,-19.10053,-1.15,6.169887
55.32191,0.0312104,2.774356,-1.29,0.625592
55.33191,0.02896987,-20.52029,-1.36,-2.297099
55.3419,0.02457728,8.179427,-1.46,-3.672041
55.3519,0.02278449,-12.7204,-1.47,2.731335
55.36189,0.02208244,11.69106,-1.54,3.594215
55.37189,0.0193,-4.949093,-1.5,-1.385224
55.38188,0.008171384,13.35315,-1.51,-3.467923
55.39188,-0.00176754,0.7860112,-1.42,2.722347
55.40187,-0.009766231,18.22741,-1.37,3.000421
55.41187,-0.0154777,11.61168,-1.24,-1.199724
55.42186,-0.02283519,11.18878,-1.16,-2.797759
55.43185,-0.02867238,14.56836,-1.02,0.3051757
55.44185,-0.03444864,7.003384,-0.9,2.137832
55.45184,-0.04079586,20.15897,-0.76,1.108856
55.46184,-0.03995522,0.5677657,-0.61,-2.812416
55.47183,-0.04176575,22.95781,-0.52,-0.6116728
55.48183,-0.04335583,-4.850829,-0.38,1.645161
55.49182,-0.03980936,19.463,-0.33,2.554157
55.50182,-0.03640451,-6.436476,-0.23,-1.184077
55.51181,-0.03210057,3.967872,-0.23,-4.01572
55.5218,-0.0317362,3.618109,-0.18,1.388327
55.5318,-0.02898078,-16.37115,-0.19,1.236062
55.54179,-0.02173738,4.801534,-0.24,2.249924
55.55179,-0.004009606,-7.900228,-0.27,-0.5677387
55.56178,0.002027338,-20.58564,-0.38,-5.475854
55.57178,0.003445989,-5.088686,-0.49,1.471579
55.58177,0.003821355,-19.04251,-0.58,3.96659
55.59177,0.01465661,-2.792526,-0.73,1.034475
55.60176,0.02451566,-21.83853,-0.84,-4.597988
55.61176,0.02427186,-9.643812,-1,-1.661191
55.62175,0.02142476,-12.19413,-1.11,4.539044
55.63174,0.02725542,-7.074893,-1.24,2.662415
55.64174,0.03420347,-9.149041,-1.34,-2.102905
55.65173,0.02901327,-13.54263,-1.44,-5.987302
55.66173,0.02157703,2.932279,-1.5,2.717183
55.67172,0.02075527,-7.52519,-1.54,3.557045
55.68172,0.01975851,13.4467,-1.56,1.923459
55.69171,0.01504431,-9.461188,-1.55,-5.828844
55.70171,0.004226851,16.26303,-1.54,-0.1838086
55.7117,-0.004280298,-1.010451,-1.46,3.353381
55.72169,-0.009391202,23.34375,-1.41,2.958311
55.73169,-0.01400399,3.582013,-1.29,-3.0078
55.74168,-0.02483248,4.892916,-1.22,-3.815838
55.75168,-0.04145111,22.10223,-1.08,1.264896
55.76167,-0.04737746,0.692392,-0.93,2.747874
55.77167,-0.04506487,26.79845,-0.83,0.8315946
55.78166,-0.04495943,-7.941242,-0.68,-3.807723
55.79166,-0.04869788,23.71438,-0.63,-1.09243
55.80165,-0.04855279,-8.452338,-0.48,2.702828
55.81165,-0.04124008,18.43828,-0.46,2.131307
55.82164,-0.03118346,-11.62776,-0.38,-3.038998
55.83163,-0.02973355,4.539161,-0.4,-3.834148
55.84163,-0.02844365,-11.32458,-0.38,3.282854
55.85162,-0.0220997,-4.758652,-0.43,4.679947
55.86162,-0.01077127,-0.175861,-0.46,0.01298479
55.87161,-0.005092019,-6.957959,-0.56,-7.514798
55.88161,-0.01171258,-13.91822,-0.62,-0.3218513
55.8916,0.002515242,-14.28569,-0.75,5.957957
55.9016,0.01774918,-8.59804,-0.86,0.6212548
55.91159,0.02749579,-10.43148,-0.99,-3.600574
55.92159,0.0300472,-24.81072,-1.12,-2.557772
55.93158,0.02980461,5.076054,-1.26,6.411147
55.94157,0.03563806,-9.325378,-1.34,2.046857
55.95157,0.03822071,-11.25216,-1.48,-1.52334
55.96156,0.03402255,-0.4809187,-1.57,-4.747324
55.97156,0.02348935,-21.84884,-1.61,2.925091
55.98155,0.01652905,13.54889,-1.65,4.07246
55.99155,0.01310453,-8.094055,-1.64,0.783026
56.00154,0.007209197,17.42097,-1.65,-5.52401
56.01154,-0.008384911,-6.074127,-1.56,-0.2825352
56.02153,-0.02286051,24.86447,-1.52,4.107029
56.03152,-0.02666909,5.432433,-1.38,3.310226
56.04152,-0.0287827,18.99049,-1.3,-3.922323
56.05151,-0.03760932,8.851865,-1.15,-2.168993
56.06151,-0.04802905,12.78369,-1.03,-0.1639058
56.0715,-0.04876817,21.86875,-0.87,4.567826
56.0815,-0.04360189,-7.605189,-0.76,-1.680501
56.09149,-0.04727045,32.47054,-0.66,-4.437859
56.10149,-0.05071017,-19.62325,-0.52,1.397535
56.11148,-0.04876415,29.72347,-0.49,3.575555
56.12148,-0.03928466,-8.273271,-0.36,2.143508
56.13147,-0.03362061,-3.75801,-0.4,-6.243783
56.14146,-0.03251454,10.99517,-0.35,-1.972028
56.15146,-0.01927441,-21.72868,-0.37,2.057358
56.16145,-0.01342975,11.10507,-0.44,2.839635
56.17145,-0.002728172,-26.51715,-0.5,-2.355361
56.18144,0.004622638,0.8153611,-0.61,-4.026656
56.19144,0.01125928,-24.09358,-0.7,0.7025856
56.20143,0.02093787,-1.604807,-0.84,3.959684
56.21143,0.02791157,-14.97756,-0.95,1.424612
56.22142,0.03304166,-17.07236,-1.09,-3.595679
56.23141,0.03139129,-0.5968183,-1.23,-3.561449
56.24141,0.03023812,-7.550004,-1.3,2.801244
56.2514,0.02677529,-11.92318,-1.42,4.506274
56.2614,0.02707999,8.021481,-1.5,-1.592454
56.27139,0.02255294,-15.28886,-1.52,-3.406099
56.28139,0.01138363,12.45238,-1.57,-1.722913
56.29138,0.007936141,-6.562743,-1.53,6.248589
56.30138,0.004125044,22.01469,-1.53,-0.6445482
56.31137,-0.00416574,-9.636147,-1.44,-0.8826922
56.32137,-0.01742211,27.49713,-1.4,-3.464283
56.33136,-0.02393554,-2.621988,-1.25,4.45413
56.34135,-0.0299402,27.87576,-1.19,-0.2497004
56.35135,-0.03883833,3.583634,-1.02,-0.2160595
56.36134,-0.04866882,14.16113,-0.93,-3.074669
56.37134,-0.05689717,21.48568,-0.76,-0.0398199
56.38133,-0.05553072,-10.14138,-0.65,1.938213
56.39133,-0.05465365,38.82627,-0.55,-1.218014
56.40132,-0.05281403,-27.10389,-0.42,-0.7356259
56.41132,-0.04723767,29.23215,-0.41,-2.032523
56.42131,-0.0394306,-10.04009,-0.29,2.59745
56.4313,-0.03153601,-4.116371,-0.34,-1.035747
56.4413,-0.02543647,-0.9022853,-0.31,-2.545179
56.45129,-0.01439417,-8.564149,-0.36,0.04067004
56.46129,-0.008243132,-3.86848,-0.42,0.5138347
56.47128,0.003721265,-12.06965,-0.5,3.574856
56.48128,0.01250767,-10.65574,-0.61,-3.800327
56.49127,0.01555874,-12.42296,-0.72,-1.601501
56.50127,0.01958913,-11.01018,-0.83,1.130548
56.51126,0.02766587,-4.985081,-0.95,3.30072
56.52126,0.03179977,-13.52753,-1.06,-2.297628
56.53125,0.03127319,-8.476562,-1.17,-2.781852
56.54124,0.02676786,7.339087,-1.23,3.725548
56.55124,0.02078803,-20.51428,-1.29,1.922538
56.56123,0.0195209,18.23892,-1.37,-0.8759538
56.57123,0.01719915,-16.66545,-1.33,-3.714648
56.58122,0.007987799,19.24581,-1.38,2.425325
56.59122,0.002622164,-7.212937,-1.29,3.115041
56.60121,-0.008015813,19.95643,-1.28,-2.026596
56.61121,-0.0189235,3.432868,-1.14,-1.715554
56.6212,-0.03226344,15.09856,-1.07,1.211731
56.6312,-0.04140572,15.88886,-0.93,2.385853
56.64119,-0.04631792,6.509681,-0.81,-0.06084854
56.65118,-0.05204777,25.20939,-0.68,-2.649511
56.66118,-0.0558009,-3.79487,-0.51,-1.28616
56.67117,-0.05623204,21.95202,-0.43,2.444228
56.68117,-0.04979092,0.6639336,-0.29,2.718546
56.69116,-0.04167113,2.148122,-0.25,-3.779294
56.70116,-0.03856439,11.92294,-0.18,-2.202605
56.71115,-0.03650603,-18.72365,-0.13,1.377081
56.72115,-0.02491371,14.54544,-0.17,1.89065
56.73114,-0.01620297,-13.46178,-0.15,-2.300246
56.74113,-0.004071206,-10.34571,-0.24,-1.275507
56.75113,0.004386757,1.33539,-0.3,-0.152208
56.76112,0.00642159,-21.42613,-0.38,1.56959
56.77112,0.01080299,-7.392196,-0.5,1.191077
56.78111,0.01696102,-10.20472,-0.59,-2.361207
56.79111,0.02640827,-10.69784,-0.72,-1.41952
56.8011,0.02954257,-8.160005,-0.82,0.6060086
56.8111,0.02745693,-13.2425,-0.92,4.817873
56.82109,0.03114517,5.237671,-1.01,-2.623019
56.83109,0.03292001,-14.74507,-1.06,-1.556294
56.84108,0.02770744,5.328265,-1.13,-0.05854279
56.85107,0.01343668,6.79182,-1.13,4.922132
56.86107,0.0062348,-7.932833,-1.14,-0.7544289
56.87106,0.00127082,20.86261,-1.09,-3.795659
56.88106,-0.003957806,-8.69712,-1.04,-0.8714675
56.89105,-0.01806737,29.45008,-0.96,3.66034
56.90105,-0.02983565,-13.29046,-0.85,3.310772
56.91104,-0.03309198,41.47404,-0.76,-4.569166
56.92104,-0.0404756,-17.75598,-0.61,-1.961375
56.93103,-0.05320635,37.69583,-0.53,3.025412
56.94102,-0.05595021,-2.928012,-0.36,4.662377
56.95102,-0.05596855,21.08106,-0.29,-2.318282
56.96101,-0.05270369,-1.102234,-0.15,-4.169489
56.97101,-0.04908942,3.966707,-0.12,-0.6097414
56.981,-0.04700589,7.195959,-0.05,5.411356
56.991,-0.03866115,-12.82649,-0.02,-0.5005646
57.00099,-0.02725632,8.606256,-0.05,-4.977139
57.01099,-0.01502249,-17.93238,-0.05,-0.4428581
57.02098,-0.000475625,-3.555439,-0.14,2.534537
57.03098,0.00871413,-6.471345,-0.21,3.848103
57.04097,0.02097606,-23.60657,-0.31,-2.879503
57.05096,0.029403,-16.91334,-0.45,-2.75113
57.06096,0.02918131,2.673065,-0.54,2.943002
57.07095,0.03897074,-33.91245,-0.68,1.89495
57.08095,0.03811952,14.11715,-0.81,-1.850352
57.09094,0.03282087,-28.08725,-0.87,-1.307275
57.10094,0.03001297,12.60835,-0.99,1.716318
57.11093,0.02380064,-11.74928,-1.01,2.142353
57.12093,0.01533314,9.43348,-1.07,0.1329046
57.13092,0.00580856,-6.970678,-1.04,-1.892829
57.14091,-0.003400211,12.20498,-1.04,-2.442776
57.15091,-0.0190024,4.44819,-0.96,1.999352
57.1609,-0.02449708,12.91006,-0.89,2.847535
57.1709,-0.03052938,13.14738,-0.78,0.7705975
57.18089,-0.03807,3.956789,-0.68,-5.060047
57.19089,-0.04792491,21.96359,-0.58,-0.01527158
57.20088,-0.05206536,-4.174285,-0.43,3.574842
57.21088,-0.05485785,33.91792,-0.36,0.9867134
57.22087,-0.05394485,-15.32271,-0.2,-2.423789
57.23087,-0.04969585,20.4662,-0.19,-2.959798
57.24086,-0.05032995,-5.029449,-0.06,1.706064
57.25085,-0.04328603,-11.71203,-0.06,2.24241
57.26085,-0.03303185,12.07065,-0.03,0.1111226
57.27084,-0.02406258,-17.5157,-0.05,-0.1350495
57.28084,-0.01390112,3.818146,-0.1,-3.658658
57.29083,-0.008090556,-19.24814,-0.15,0.466787
57.30083,0.000595609,-2.397401,-0.25,1.873265
57.31082,0.01653419,-14.77376,-0.35,2.62158
57.32082,0.02574001,-8.377078,-0.48,-2.609554
57.33081,0.02795193,-15.00421,-0.59,-2.001714
57.34081,0.03214186,-12.2436,-0.71,0.6882175
57.3508,0.03372096,-4.165899,-0.83,2.439403
57.36079,0.03614321,-7.713703,-0.92,0.7153792
57.37079,0.0343033,-8.589128,-1.01,-2.56287
57.38078,0.02158393,7.494578,-1.06,0.6223873
57.39078,0.01248961,-12.2716,-1.06,1.974372
57.40077,0.003806149,20.41337,-1.1,-0.6592867
57.41077,-0.007395042,-9.450412,-1.02,-1.426484
57.42076,-0.02293565,21.62403,-1.01,0.564936
57.43076,-0.03428498,-0.8595012,-0.88,2.961507
57.44075,-0.03865172,22.83683,-0.82,-1.74313
57.45074,-0.04170972,13.29585,-0.68,-2.072082
57.46074,-0.04941486,-2.723341,-0.6,-1.064702
57.47073,-0.0568958,27.03254,-0.47,3.249737
57.48073,-0.0555675,-9.322414,-0.37,1.133886
57.49072,-0.04982599,24.58583,-0.3,-2.263067
57.50072,-0.0465773,-17.17653,-0.22,-1.89438
57.51071,-0.04661554,17.79466,-0.2,0.3325831
57.52071,-0.04148598,-19.83314,-0.15,2.921382
57.5307,-0.0265157,13.86581,-0.19,-0.7752503
57.5407,-0.0121151,-13.93971,-0.19,-0.6987965
57.55069,0.003359588,-13.93192,-0.29,-3.485827
57.56068,0.004543336,-8.436872,-0.35,-2.357638
57.57068,0.009498916,-11.48337,-0.45,4.622303
57.58067,0.02362904,-12.55564,-0.54,1.1317
57.59067,0.02973454,1.337021,-0.66,-0.9400682
57.60066,0.03281587,-26.51033,-0.75,-4.513453
57.61066,0.03076537,6.780805,-0.88,3.325942
57.62065,0.02714445,-9.556109,-0.9,3.518147
57.63065,0.02976957,-7.087279,-1.01,-0.4865798
57.64064,0.02700637,15.97783,-1.01,-4.830732
57.65063,0.01013574,-17.00603,-1.02,-0.01919543
57.66063,-0.003148059,26.10239,-1.04,4.694931
57.67062,-0.01085744,-12.76503,-0.95,1.220086
57.68062,-0.02107638,28.92544,-0.94,-4.728626
57.69061,-0.03475958,-9.330096,-0.79,-1.253107
57.70061,-0.04719616,28.04823,-0.75,5.128518
57.7106,-0.05185892,-1.008842,-0.58,2.170395
57.7206,-0.05420503,20.53517,-0.52,-4.672481
57.73059,-0.05850181,-1.846253,-0.38,-2.068758
57.74059,-0.05832021,11.70491,-0.32,3.394281
57.75058,-0.05851131,12.13803,-0.21,2.847906
57.76057,-0.04949234,-11.23163,-0.18,-1.821875
57.77057,-0.03966366,15.02218,-0.15,-3.847504
57.78056,-0.03296635,-26.01427,-0.14,0.8069546
57.79056,-0.02140887,15.98242,-0.2,3.70405
57.80055,-0.008121774,-25.31335,-0.21,1.761471
57.81055,0.007164275,-5.17422,-0.35,-4.531934
57.82054,0.01625608,-7.469383,-0.41,-0.5440705
57.83054,0.02470026,-27.51367,-0.54,2.442641
57.84053,0.03255543,-2.138463,-0.68,2.084041
57.85052,0.03859536,-11.89217,-0.78,-1.450804
57.86052,0.04038613,-9.517719,-0.92,-0.4972634
57.87051,0.03749523,-7.157604,-1.01,0.2674398
57.88051,0.02915996,-3.928148,-1.09,2.077329
57.8905,0.01941597,-0.2291903,-1.13,-1.045871
57.9005,0.01047222,1.13274,-1.16,-0.07544421
57.91049,0.001973432,6.264774,-1.15,0.3996179
57.92049,-0.009996953,5.72009,-1.11,2.341316
57.93048,-0.02395447,11.4326,-1.05,-0.7811265
57.94048,-0.0329213,7.171892,-0.97,-1.387695
57.95047,-0.04253056,23.11147,-0.87,-1.046175
57.96046,-0.05252254,-3.582909,-0.74,2.215222
57.97046,-0.05799486,26.4985,-0.64,2.09437
57.98045,-0.05861311,-4.371711,-0.51,-1.905248
57.99045,-0.0595394,23.99767,-0.43,-1.813847
58.00044,-0.05878081,-8.630281,-0.31,1.089342
58.01044,-0.05289835,9.301699,-0.29,1.079312
58.02043,-0.04768112,4.622283,-0.21,-0.3969201
58.03043,-0.03201871,-10.81608,-0.22,0.6986912
58.04042,-0.01589796,6.887193,-0.24,0.4320121
58.05042,0.00149519,-16.67979,-0.27,-2.263013
58.06041,0.006523337,-12.37336,-0.37,-2.322217
58.0704,0.01331585,3.571824,-0.44,4.108474
58.0804,0.03055033,-21.72441,-0.51,3.300627
58.09039,0.0419227,-4.493401,-0.66,-5.562624
58.10039,0.03363247,-11.49864,-0.73,-4.058033
58.11038,0.03167212,-6.682535,-0.83,4.849078
58.12038,0.03678004,2.286758,-0.9,5.68428
58.13037,0.03363128,-7.28795,-0.95,-3.301536
58.14037,0.0200728,2.644012,-0.99,-5.985859
58.15036,0.004194239,0.9654011,-0.98,0.6637452
58.16035,-0.00146215,11.15437,-0.95,6.694801
58.17035,-0.008869781,12.09799,-0.88,1.351525
58.18034,-0.02153895,-0.7379704,-0.81,-5.508696
58.19034,-0.04106362,21.93353,-0.72,-2.041042
58.20033,-0.05297799,5.74846,-0.57,4.775666
58.21033,-0.05693078,17.40624,-0.47,2.169356
58.22032,-0.06212723,5.514046,-0.33,-4.853173
58.23032,-0.07039187,8.705573,-0.23,-1.502723
58.24031,-0.06873177,9.323907,-0.1,4.38312
58.25031,-0.05347392,7.839836,-0.02,2.585069
58.2603,-0.03847627,-8.069351,0.02,-3.895404
58.27029,-0.03189839,9.911001,0.03,-4.335277
58.28029,-0.02021001,-20.53125,0.06,3.756574
58.29028,-0.002270967,9.829876,-0.02,5.344521
58.30028,0.01691582,-14.86732,-0.03,-2.136836
58.31027,0.02814443,-13.75975,-0.16,-6.562403
58.32027,0.03072837,-4.484208,-0.25,0.5963342
58.33026,0.03280161,-18.88372,-0.34,5.257459
58.34026,0.03795202,-1.687189,-0.46,0.7861743
58.35025,0.04381866,-6.135997,-0.54,-2.300401
58.36024,0.0378749,-7.464446,-0.63,-5.913018
58.37024,0.0280089,-1.394009,-0.68,4.444165
58.38023,0.0195189,3.215401,-0.71,4.660661
58.39023,0.01709243,2.082061,-0.71,-1.092209
58.40022,0.004832593,8.015836,-0.7,-6.950269
58.41022,-0.01375579,3.15605,-0.63,1.240609
58.42021,-0.02732605,18.92596,-0.56,6.968983
58.43021,-0.03241469,4.458275,-0.45,0.1460668
58.4402,-0.04525612,13.45097,-0.37,-4.487494
58.4502,-0.06065651,10.03508,-0.22,-3.469779
58.46019,-0.06823739,9.006502,-0.11,4.150746
58.47018,-0.06653293,15.96429,0,3.10009
58.48018,-0.05722834,1.573214,0.09,-2.900612
58.49017,-0.05050311,3.254198,0.14,-5.886432
58.50017,-0.04443183,-0.08066324,0.19,2.524735
58.51016,-0.03168983,-5.529339,0.21,4.011722
58.52016,-0.01181997,2.214267,0.18,-0.4407203
58.53015,0.009169083,-9.905085,0.14,-5.084332
58.54015,0.02304602,-22.60442,0.04,-0.911998
58.55014,0.02659934,11.43816,-0.05,4.769677
58.56013,0.03096312,-23.71143,-0.11,3.019963
58.57013,0.04453923,-8.375772,-0.28,-4.601017
58.58012,0.04238167,-0.9975204,-0.34,-3.758332
58.59012,0.03606069,-20.22715,-0.45,2.102869
58.60011,0.03648797,9.881626,-0.52,5.337833
58.61011,0.03043091,-12.5788,-0.56,-1.759277
58.6201,0.02177205,6.740928,-0.6,-3.968157
58.6301,0.004907643,-2.334943,-0.58,-0.07550516
58.64009,-0.00862188,15.48231,-0.55,4.625188
58.65009,-0.02853223,-2.534751,-0.46,2.981553
58.66008,-0.03513712,29.43521,-0.4,-3.451104
58.67007,-0.04340239,-12.31369,-0.28,-1.740145
58.68007,-0.05706475,32.45184,-0.21,1.238652
58.69006,-0.06040807,-9.665623,-0.05,4.280149
58.70006,-0.06052353,37.56204,-0.01,-5.008466
58.71005,-0.06025976,-17.954,0.11,-0.7291051
58.72005,-0.06187592,19.16688,0.13,-2.212462
58.73004,-0.05162342,-6.146381,0.23,5.667571
58.74004,-0.03528626,-3.599021,0.2,1.080801
58.75003,-0.01080574,-10.27535,0.19,-3.471394
58.76003,0.003000859,1.117465,0.14,-1.208147
58.77002,0.02096737,-19.76949,0.08,-0.1212794
58.78001,0.03492526,-6.54566,-0.04,1.88036
58.79001,0.04298798,-8.961387,-0.12,-0.7249427
58.8,0.04705127,-15.39673,-0.24,-0.3283091
58.81,0.04850687,-3.703315,-0.35,-1.299456
58.81999,0.04392255,-10.58731,-0.43,1.561732
58.82999,0.03557995,0.9930678,-0.51,0.4151282
58.83998,0.02631302,-4.139132,-0.54,0.8020101
58.84998,0.01103535,17.27082,-0.57,-0.7310606
58.85997,0.000870602,-13.5333,-0.53,-0.4373458
58.86996,-0.01497968,29.58971,-0.52,0.7284368
58.87996,-0.02696394,-9.487967,-0.4,1.492835
58.88995,-0.03826136,25.51374,-0.36,-0.8167742
58.89995,-0.04888426,9.143957,-0.2,-2.151286
58.90994,-0.05966992,1.171196,-0.13,0.8592978
58.91994,-0.06499739,27.7185,0,0.7691733
58.92993,-0.06503826,-12.63571,0.1,1.429243
58.93993,-0.06115447,17.37396,0.16,-2.574551
58.94992,-0.0495154,-4.962519,0.26,-2.403063
58.95992,-0.04226142,-1.603983,0.27,1.050448
58.96991,-0.0245558,5.535851,0.29,2.698653
58.9799,-0.007123617,-9.564015,0.27,1.133454
58.9899,0.007540673,-16.07671,0.2,-5.18807
58.99989,0.01362697,4.787236,0.12,-0.1050956
59.00989,0.02724538,-26.48479,0.07,2.331365
59.01988,0.04226087,7.370665,-0.07,1.768225
59.02988,0.04867239,-21.9111,-0.12,-1.973668
59.03987,0.04699071,-1.5316,-0.26,-1.613183
59.04987,0.04115102,3.60856,-0.31,1.049169
59.05986,0.03469086,-13.83062,-0.38,2.052989
59.06985,0.02685937,15.4779,-0.41,0.7445208
59.07985,0.01268763,-13.9826,-0.4,-2.799455
59.08984,-0.005994035,21.1071,-0.39,0.3330455
59.09984,-0.02268667,-3.414652,-0.31,2.079947
59.10983,-0.0341906,23.62781,-0.26,1.015619
59.11983,-0.0455736,-0.9375149,-0.13,-1.085524
59.12982,-0.05765735,13.64498,-0.07,-1.860469
59.13982,-0.06547125,16.70869,0.06,1.873607
59.14981,-0.06520157,-4.946332,0.17,0.5165516
59.15981,-0.0588782,22.45767,0.22,0.8407131
59.1698,-0.0508006,-13.89269,0.32,-2.328264
59.17979,-0.04099072,4.642547,0.3,-1.217971
59.18979,-0.02812529,0.8911763,0.33,0.8877633
59.19978,-0.009799318,-15.98382,0.3,1.465203
59.20978,0.01196243,0.8138923,0.22,-1.57766
59.21977,0.02838343,-14.19084,0.16,-1.183577
59.22977,0.04049737,-17.53348,0.04,-1.81823
59.23976,0.04473799,-2.460096,-0.06,2.626045
59.24976,0.0525213,-18.45887,-0.15,1.694057
59.25975,0.05391724,-1.437076,-0.27,-0.4960005
59.26974,0.04768966,-12.46636,-0.34,-2.598523
59.27974,0.03711192,3.707905,-0.42,-0.3574608
59.28973,0.02463925,-0.6958925,-0.43,4.334757
59.29973,0.01187555,9.925306,-0.44,0.8178117
59.30972,-0.004621588,0.01859848,-0.41,-1.994094
59.31972,-0.02984155,14.43146,-0.36,-3.533412
59.32971,-0.04701415,6.13715,-0.25,3.448182
59.33971,-0.05522896,15.90409,-0.17,3.285931
59.3497,-0.06249287,6.607716,-0.04,-1.558537
59.3597,-0.06982361,6.060606,0.04,-4.792143
59.36969,-0.07205383,8.751644,0.14,2.174452
59.37968,-0.06219968,11.78322,0.23,5.024282
59.38968,-0.04440261,-15.11849,0.28,-1.651026
59.39967,-0.03475949,19.52131,0.28,-6.135353
59.40967,-0.02131128,-29.37268,0.31,0.3064117
59.41966,-0.002125191,7.291313,0.22,6.209386
59.42966,0.01862236,-9.567938,0.21,-0.09810236
59.43965,0.03137206,-25.50737,0.07,-2.564284
59.44965,0.04591671,3.210399,-0.04,-3.468915
59.45964,0.05233936,-22.21451,-0.1,3.543591
59.46964,0.05382365,3.706178,-0.25,2.453796
59.47963,0.0512588,-16.84116,-0.3,-0.7907613
59.48962,0.04176417,7.227346,-0.4,-2.623643
59.49962,0.02924704,-9.275294,-0.41,-0.3525969
59.50961,0.01250646,13.63599,-0.46,4.821534
59.51961,-0.001747165,-4.00028,-0.4,0.9629384
59.5296,-0.01973157,14.16623,-0.39,-4.128527
59.5396,-0.03960758,4.691068,-0.29,-2.704777
59.54959,-0.05452651,0.0222288,-0.21,4.069699
59.55959,-0.06049063,28.83133,-0.1,4.650227
59.56958,-0.06294562,-8.417018,0.01,-1.213382
59.57957,-0.0660941,20.49871,0.07,-5.841687
59.58957,-0.0664644,-1.757448,0.19,1.668242
59.59956,-0.05806737,0.1255158,0.22,3.647393
59.60956,-0.04163837,7.714761,0.27,-0.4423057
59.61955,-0.02572934,-8.096828,0.27,-2.664635
59.62955,-0.00679514,-12.42994,0.22,-2.57539
59.63954,0.0102201,1.453853,0.17,2.218124
59.64954,0.03324363,-21.60793,0.1,1.927772
59.65953,0.04608462,-1.63233,-0.03,-0.5323941
59.66953,0.05552486,-15.79029,-0.11,-1.062461
59.67952,0.05760993,-7.986686,-0.24,-1.640755
59.68951,0.05403955,-4.667888,-0.32,2.879172
59.69951,0.04486428,-4.916517,-0.39,1.618993
59.7095,0.0355368,3.330911,-0.44,-0.2672049
59.7195,0.01807775,-1.864258,-0.46,-3.742858
59.72949,-0.007199991,9.132821,-0.44,2.395727
59.73949,-0.02787673,7.98085,-0.38,3.104305
59.74948,-0.04363846,16.04957,-0.31,0.5242531
59.75948,-0.05775486,3.604593,-0.21,-4.36405
59.76947,-0.07231413,15.65857,-0.11,-0.6605672
59.77946,-0.07825793,10.07988,0.01,4.914496
59.78946,-0.06930378,3.057783,0.09,0.7425792
59.79945,-0.06107537,15.40717,0.17,-5.021218
59.80945,-0.05506797,-16.44531,0.24,-3.407218
59.81944,-0.0385563,8.545377,0.23,4.778777
59.82944,-0.0151289,-1.050463,0.26,3.025394
59.83943,0.009308903,-26.78289,0.18,-1.906625
59.84943,0.03625903,8.427779,0.08,-4.824818
59.85942,0.03853136,-33.72582,0.03,2.517701
59.86942,0.05220121,8.949585,-0.1,1.992755
59.87941,0.06145568,-23.99061,-0.16,1.22893
59.8894,0.062819,4.10002,-0.32,-2.964261
59.8994,0.05568159,-12.228,-0.36,-0.05795524
59.90939,0.04142702,4.608649,-0.45,2.64782
59.91939,0.02863853,-2.067945,-0.46,2.447093
59.92938,0.00999724,8.863787,-0.48,-3.031138
59.93938,-0.01492276,6.17549,-0.42,-2.751437
59.94937,-0.04519983,10.1418,-0.36,2.573233
59.95937,-0.05715225,19.57878,-0.26,4.260032
59.96936,-0.06200168,-0.7509678,-0.15,-1.950423
59.97935,-0.07213391,19.08205,-0.07,-5.564384
59.98935,-0.07795107,-1.286885,0.07,3.419014
59.99934,-0.06988328,15.93639,0.13,2.731595
60.00934,-0.05426636,1.366227,0.22,-0.4021365
60.01933,-0.03575053,-4.580603,0.24,-4.813675
60.02933,-0.0208091,1.27217,0.24,1.451108
60.03932,-0.002165895,-7.138183,0.22,2.232517
60.04932,0.0281778,-12.84747,0.15,1.288274
60.05931,0.04520866,-1.979065,0.05,-1.873979
60.06931,0.05662141,-18.60572,-0.03,-0.3515303
60.0793,0.05901529,-7.478969,-0.16,-0.2853897
60.08929,0.05535117,-8.264717,-0.24,1.901251
60.09929,0.04969919,-3.048594,-0.34,0.3101463
60.10928,0.04242767,-2.782547,-0.39,-0.08937225
60.11928,0.02689128,1.927879,-0.43,-0.8829327
60.12927,0.005138732,2.237303,-0.43,1.989145
60.13927,-0.01297732,10.27333,-0.4,0.9778535
60.14926,-0.02794613,10.50819,-0.34,-2.118392
60.15926,-0.04648323,3.202959,-0.27,-2.28085
60.16925,-0.06575552,18.26727,-0.17,2.38404
60.17924,-0.07376245,4.286541,-0.05,2.877856
60.18924,-0.07292849,12.17547,0.02,-2.83983
60.19923,-0.07134736,0.4339181,0.11,-4.624223
60.20923,-0.06500541,-4.116455,0.15,1.677779
60.21922,-0.04844575,14.23716,0.21,4.41614
60.22922,-0.02138421,-28.93912,0.2,0.6585249
60.23921,0.002578218,14.74969,0.13,-5.485006
60.24921,0.02132022,-29.83606,0.11,-0.7693709
60.2592,0.04187712,0.6854097,-0.04,3.019359
60.2692,0.06217409,-15.08766,-0.09,2.674259
60.27919,0.07247584,-15.56643,-0.27,-3.873835
60.28918,0.07125974,-1.175571,-0.35,-2.697666
60.29918,0.06041104,-17.32331,-0.47,1.96112
60.30917,0.04747089,8.097609,-0.53,4.822179
60.31917,0.0301817,-9.116076,-0.58,-2.644788
60.32916,0.005327275,13.46797,-0.58,-3.807471
60.33916,-0.02220703,-7.964602,-0.55,0.9487116
60.34915,-0.05564349,36.52015,-0.49,4.524526
60.35915,-0.06120013,-10.97851,-0.36,4.496103
60.36914,-0.07295088,26.39058,-0.32,-8.843584
60.37914,-0.0817859,-4.156991,-0.16,-1.326605
60.38913,-0.08117868,10.74689,-0.11,3.589411
60.39912,-0.06438434,11.9443,0,5.018705
60.40912,-0.04423246,-9.246135,0.01,-4.276213
60.41911,-0.02517883,-5.061681,0.01,-4.443439
60.42911,-0.008865232,-0.02308378,0,0.854129
60.4391,0.01469337,-16.88924,-0.04,3.903887
60.4491,0.04288061,-12.14784,-0.15,1.230015
60.45909,0.05687718,-1.080599,-0.25,-4.118598
60.46909,0.06595342,-23.52813,-0.34,0.08714323
60.47908,0.06506526,4.701114,-0.49,1.209419
60.48907,0.05866989,-19.40261,-0.54,3.769084
60.49907,0.04552037,11.34916,-0.65,-3.533042
60.50906,0.02936982,-10.50521,-0.64,-0.7257336
60.51906,0.008278828,10.06407,-0.69,0.8985281
60.52905,-0.01497337,1.94528,-0.63,3.369381
60.53905,-0.03716725,13.31587,-0.59,0.1990947
60.54904,-0.05032299,14.94552,-0.49,-3.414716
60.55904,-0.06426096,1.878565,-0.4,-1.408343
60.56903,-0.07484683,18.36052,-0.3,2.457522
60.57903,-0.07412978,-6.693832,-0.2,2.923993
60.58902,-0.06427924,26.63564,-0.13,-4.218389
60.59901,-0.04981355,-22.171,-0.05,-1.652858
60.60901,-0.03453371,10.55743,-0.07,-1.969669
60.619,-0.01417832,-0.6456427,-0.03,5.860687
60.629,0.01325013,-29.01322,-0.11,-0.4578875
60.63899,0.03320035,11.0771,-0.17,-4.50833
60.64899,0.05409747,-19.25047,-0.23,-1.019493
60.65898,0.06602392,-10.46413,-0.37,0.06576031
60.66898,0.06697986,-2.847033,-0.45,4.764664
60.67897,0.06270179,-9.20781,-0.53,-1.575411
60.68896,0.05016484,4.430941,-0.6,-3.187163
60.69896,0.03366368,-10.02836,-0.62,0.8685938
60.70895,0.0111726,19.79807,-0.64,5.236236
60.71895,-0.01397065,-8.187407,-0.57,0.6352961
60.72894,-0.04241305,26.50024,-0.54,-5.176286
60.73894,-0.06159249,-8.383142,-0.4,-1.400173
60.74893,-0.0849115,44.6543,-0.33,4.032684
60.75893,-0.08601597,-22.89557,-0.15,5.496446
60.76892,-0.08447188,39.70327,-0.12,-5.405029
60.77892,-0.07650109,-19.06147,0.05,-2.784441
60.78891,-0.06406555,11.7178,0.04,-0.09271654
60.7989,-0.03365301,0.7106855,0.13,5.551169
60.8089,-0.00312065,-7.114323,0.08,-1.862913
60.81889,0.02531056,-18.94723,0.05,-3.537571
60.82889,0.04617482,7.846592,-0.04,0.4852424
60.83888,0.0675069,-7.773335,-0.1,3.498928
60.84888,0.08150896,-27.22814,-0.24,0.8549095
60.85887,0.07668446,16.4978,-0.37,-4.102328
60.86887,0.06398588,-27.80289,-0.4,-0.3343495
60.87886,0.04586074,15.606,-0.53,2.135774
60.88885,0.02272575,-9.380672,-0.49,3.702683
60.89885,-0.006142534,16.70742,-0.52,-1.700786
60.90884,-0.03055496,-1.301457,-0.44,-1.558774
60.91884,-0.05562037,16.52517,-0.39,-1.894707
60.92883,-0.0741569,10.51822,-0.26,3.694472
60.93883,-0.08180356,12.49526,-0.16,0.5777628
60.94882,-0.0801729,13.98967,-0.05,-0.8633639
60.95882,-0.07623559,-0.8822166,0.03,-3.192865
60.96881,-0.06649885,8.005907,0.1,0.7026916
60.97881,-0.04686649,-9.288285,0.15,2.895415
60.9888,-0.01997882,10.67936,0.14,-1.437918
60.99879,0.008055015,-17.47759,0.14,0.3520532
61.00879,0.03737734,-14.4061,0.03,-2.665399
61.01878,0.05522547,11.88575,-0.01,1.500406
61.02878,0.07041323,-41.28685,-0.11,1.185021
61.03877,0.0775933,-0.9848028,-0.26,-0.5312204
61.04877,0.06969056,-9.895608,-0.31,-0.848735
61.05876,0.05973671,-7.708004,-0.4,-0.09742153
61.06876,0.03945303,4.599673,-0.41,2.806554
61.07875,0.01383896,1.950825,-0.43,0.1630805
61.08875,-0.01441816,13.60856,-0.38,-2.224419
61.09874,-0.04232486,0.6093338,-0.33,-1.264048
61.10873,-0.06549048,20.65932,-0.23,4.226407
61.11873,-0.08113044,2.578553,-0.12,0.3495862
61.12872,-0.08522292,18.25628,-0.01,-0.5137897
61.13872,-0.08048703,-8.826342,0.07,-4.510867
61.14871,-0.06699739,19.32386,0.13,1.04456
61.15871,-0.04526758,-17.77142,0.22,2.680883
61.1687,-0.01833473,11.6537,0.18,-0.4482786
61.1787,0.01121354,-13.98145,0.2,-1.410033
61.18869,0.0375888,-10.71783,0.1,-2.788299
61.19868,0.05884132,-3.245789,0.03,3.321475
61.20868,0.0701183,-17.38688,-0.05,-0.2054399
61.21867,0.07558622,-9.072435,-0.17,-1.283492
61.22867,0.06754722,3.437173,-0.25,0.1509295
61.23866,0.05787866,-6.500209,-0.3,0.9663624
61.24866,0.02967704,-2.216975,-0.35,1.591026
61.25865,0.005204547,9.639145,-0.35,0.2007346
61.26865,-0.02032938,3.028863,-0.3,-2.279512
61.27864,-0.04777466,18.00118,-0.25,-1.464239
61.28864,-0.06893906,-1.099389,-0.14,3.674973
61.29863,-0.08370683,24.60402,-0.06,0.4818173
61.30862,-0.08964866,-4.907857,0.07,-1.988335
61.31862,-0.08632658,20.1476,0.13,-3.269804
61.32861,-0.06980794,-10.64316,0.24,1.489531
61.33861,-0.05012571,5.522772,0.24,1.28133
61.3486,-0.02257143,-1.545734,0.28,1.148787
61.3586,0.008719344,-11.70614,0.23,-1.48674
61.36859,0.04431017,-3.660732,0.17,-3.251306
61.37859,0.06575579,-23.7292,0.07,-0.4648276
61.38858,0.07833003,2.354907,-0.03,1.44031
61.39857,0.08506025,-9.044065,-0.11,4.333647
61.40857,0.0834028,-12.34182,-0.23,-3.343849
61.41856,0.06274157,7.704102,-0.3,-2.358479
61.42856,0.02983734,-5.088088,-0.31,2.131748
61.43855,0.00084359,9.772427,-0.33,3.925262
61.44855,-0.03269684,6.422735,-0.26,0.9260812
61.45854,-0.05951087,13.64198,-0.21,-6.094407
61.46854,-0.0864074,1.910622,-0.1,0.5745806
61.47853,-0.09875775,19.37457,0,4.531398
61.48853,-0.08956779,3.25656,0.11,3.056066
61.49852,-0.07420395,4.647994,0.17,-7.294919
61.50851,-0.05858999,-0.5879108,0.23,-2.991422
61.51851,-0.03569149,-5.877033,0.25,4.421302
61.5285,0.000534672,4.846941,0.23,5.207625
61.5385,0.03802077,-18.08348,0.19,-2.642446
61.54849,0.06312121,-3.218335,0.08,-8.193042
61.55849,0.07135494,-17.19478,0.01,0.3886262
61.56848,0.07829212,-2.827963,-0.1,3.548225
61.57848,0.0798143,-4.151122,-0.18,3.509957
61.58847,0.07204839,-4.830672,-0.26,-4.06063
61.59846,0.04681307,-6.068891,-0.31,-2.905464
61.60846,0.0117357,18.20665,-0.31,3.310668
61.61845,-0.01635844,-13.44411,-0.27,3.492272
61.62845,-0.04327597,33.93043,-0.24,-1.758739
61.63844,-0.07170144,-5.767674,-0.11,-5.068745
61.64844,-0.09900693,7.429156,-0.05,-1.180558
61.65843,-0.1025252,19.18054,0.1,5.258073
61.66843,-0.08603695,-8.547262,0.16,1.217888
61.67842,-0.06417439,22.22116,0.23,-4.20578
61.68842,-0.03819156,-32.45462,0.26,-4.533994
61.69841,-0.008418137,21.62318,0.22,1.824431
61.7084,0.02830567,-34.41399,0.22,5.132837
61.7184,0.06305688,13.03447,0.07,-1.336929
61.72839,0.0895116,-30.39326,0.02,-2.103635
61.73839,0.09471249,-10.40202,-0.15,-2.379713
61.74838,0.09060349,-4.691165,-0.23,1.616548
61.75838,0.07190461,-11.83706,-0.32,2.871567
61.76837,0.04684494,15.22034,-0.38,0.377791
61.77837,0.01303913,-15.55562,-0.36,-2.513678
61.78836,-0.02740886,24.51277,-0.38,-1.287935
61.79836,-0.06573119,-4.624321,-0.25,3.963872
61.80835,-0.09114037,28.96914,-0.2,2.045903
61.81834,-0.1006428,-0.7192708,-0.04,-1.7588
61.82834,-0.1069918,12.18612,0.01,-5.641359
61.83833,-0.09970154,9.093527,0.14,3.403708
61.84833,-0.07102965,-9.808303,0.21,4.27071
61.85832,-0.03329068,8.566604,0.23,-0.05701029
61.86832,-0.000423193,-13.16375,0.23,-7.083378
61.87831,0.03174543,-15.97169,0.17,-1.831178
61.88831,0.06281599,4.400923,0.1,5.988201
61.8983,0.09008433,-22.20897,0.01,3.047482
61.90829,0.09696317,-0.03290922,-0.12,-3.91234
61.91829,0.0881929,-16.58583,-0.19,-4.969882
61.92828,0.06619776,6.882175,-0.29,3.200601
61.93828,0.04151163,0.7047148,-0.3,5.678918
61.94827,-0.002691984,9.834251,-0.31,2.148034
61.95827,-0.03537001,4.429018,-0.26,-5.93435
61.96826,-0.07234939,12.49839,-0.19,-3.517023
61.97826,-0.09663083,9.785495,-0.08,5.191565
61.98825,-0.101627,9.910245,0.01,5.240457
61.99825,-0.09354711,5.933371,0.12,-4.562228
62.00824,-0.08256222,4.689805,0.19,-3.762854
62.01823,-0.04854087,-6.108786,0.24,3.243982
62.02823,-0.01832408,7.169062,0.24,2.388886
62.03822,0.02307242,-21.43455,0.23,0.3275894
62.04822,0.05894322,-10.70371,0.12,-5.106289
62.05821,0.07647732,-3.200952,0.05,-2.425301
62.06821,0.09305082,-22.13879,-0.06,4.663403
62.0782,0.09687991,1.712735,-0.17,0.3817396
62.0882,0.08598397,-13.30665,-0.25,0.243005
62.09819,0.06362825,5.408924,-0.33,-5.271801
62.10818,0.02724147,-1.218248,-0.34,2.848787
62.11818,-0.0156295,18.28099,-0.33,3.916451
62.12817,-0.05215791,-1.49666,-0.26,2.255261
62.13817,-0.08611743,20.61854,-0.18,-4.74903
62.14816,-0.115561,4.678469,-0.03,-2.114269
62.15816,-0.1251159,10.15808,0.06,1.603148
62.16815,-0.1111351,16.40181,0.18,3.400682
62.17815,-0.07532422,-10.51119,0.27,0.2960295
62.18814,-0.03430299,7.854873,0.27,-7.616718
62.19814,0.004343122,-15.98045,0.3,0.009428394
62.20813,0.05006143,-10.40088,0.21,3.740494
62.21812,0.09107511,3.800619,0.13,2.673877
62.22812,0.1185448,-34.04239,0.03,-3.597129
62.23811,0.1213772,1.710398,-0.15,-3.448956
62.24811,0.1011804,-1.053573,-0.2,3.46548
62.2581,0.07542513,-5.108566,-0.31,3.795315
62.2681,0.04360872,2.486439,-0.34,1.815333
62.27809,-0.003861688,0.6035271,-0.36,-6.099604
62.28809,-0.05760648,11.44238,-0.29,-0.839017
62.29808,-0.09610701,16.36597,-0.21,5.856671
62.30807,-0.1065795,6.268838,-0.08,2.693914
62.31807,-0.1163848,9.089956,0,-7.152555
62.32806,-0.1143778,6.858338,0.14,-2.316764
62.33806,-0.08914499,-14.38878,0.19,4.178695
62.34805,-0.03897321,26.98141,0.23,2.756646
62.35805,0.01324483,-36.02433,0.28,-1.121793
62.36804,0.05138684,8.772163,0.14,-6.701961
62.37804,0.08096232,-23.28056,0.13,2.814595
62.38803,0.1014604,-5.27821,-0.01,2.790803
62.39803,0.1175809,-10.8266,-0.1,1.84797
62.40802,0.1054954,-0.4423906,-0.23,-5.270227
62.41801,0.07204302,-16.07779,-0.29,-0.890802
62.42801,0.02485693,17.54104,-0.35,6.063996
62.438,-0.008252058,2.924224,-0.29,2.961373
62.448,-0.04866407,9.899796,-0.28,-3.444186
62.45799,-0.08448685,4.920253,-0.18,-6.718971
62.46799,-0.1140586,10.41109,-0.09,2.32187
62.47798,-0.1117276,21.49724,0.04,4.921121
62.48798,-0.09320544,-8.834165,0.11,0.3788464
62.49797,-0.0727881,11.18826,0.16,-7.297207
62.50797,-0.04385436,-18.43167,0.21,-0.003262148
62.51796,-0.002366371,8.288251,0.18,4.945497
62.52795,0.04808929,-18.8803,0.16,3.188489
62.53795,0.08390119,-7.641572,0.03,-3.643197
62.54794,0.1075538,-15.82024,-0.06,-4.340008
62.55794,0.105746,-9.50832,-0.18,2.850816
62.56793,0.08568124,5.031494,-0.25,4.392751
62.57793,0.06491366,-11.44733,-0.31,1.067237
62.58792,0.02522728,10.05678,-0.36,-6.716772
62.59792,-0.03365699,0.8841613,-0.31,-0.3597205
62.60791,-0.07667044,19.50651,-0.26,5.400483
62.6179,-0.1009135,1.561011,-0.15,2.515969
62.6279,-0.118715,22.46486,-0.07,-4.504292
62.63789,-0.1268095,-3.417156,0.07,-2.372091
62.64789,-0.1092642,0.7235526,0.12,1.873543
62.65788,-0.07003368,17.22515,0.21,2.744304
62.66788,-0.0219428,-27.3956,0.21,-0.9024617
62.67787,0.02856609,4.35736,0.14,-6.803367
62.68787,0.06651726,-29.39297,0.09,-0.2329027
62.69786,0.1041261,3.75327,-0.05,4.587395
62.70786,0.1285815,-22.28157,-0.14,2.779219
62.71785,0.126032,-3.062723,-0.32,-5.148232
62.72784,0.09752099,-13.10071,-0.4,-3.259652
62.73784,0.05511107,0.7004108,-0.49,4.856226
62.74783,0.000939068,6.116057,-0.5,5.904288
62.75783,-0.04592219,8.603344,-0.49,-2.570678
62.76782,-0.09494984,6.691514,-0.42,-5.481579
62.77782,-0.1264585,11.20881,-0.33,1.540125
62.78781,-0.1325159,15.99061,-0.22,5.169353
62.79781,-0.1102841,-4.503992,-0.13,-0.9866684
62.8078,-0.0849973,7.447795,-0.08,-6.618874
62.81779,-0.04510276,-10.75121,-0.03,1.790172
62.82779,0.01388204,-3.332211,-0.08,2.664172
62.83778,0.07020643,-5.176965,-0.13,1.220175
62.84778,0.1127428,-23.04933,-0.25,-3.596363
62.85777,0.1274728,-12.10948,-0.4,-3.164565
62.86777,0.1229392,-5.050182,-0.5,3.439313
62.87776,0.1085848,-9.865572,-0.63,4.651059
62.88776,0.07567648,4.338228,-0.71,-3.206026
62.89775,0.02064862,-4.462726,-0.74,-4.534339
62.90775,-0.04068186,15.46995,-0.72,2.518856
62.91774,-0.08398403,11.66656,-0.65,5.513721
62.92773,-0.1112592,7.892458,-0.55,-1.055268
62.93773,-0.1320881,10.98203,-0.46,-5.212765
62.94772,-0.126276,3.478923,-0.33,-0.3654549
62.95772,-0.09471793,2.107254,-0.26,1.962664
62.96771,-0.04534389,2.593036,-0.22,1.646626
62.97771,0.009276591,-16.49625,-0.25,-3.839147
62.9877,0.05805223,-7.199755,-0.31,-2.944726
62.9977,0.09941456,-17.58484,-0.4,2.881079
63.00769,0.126419,-7.349943,-0.54,2.902515
63.01768,0.1366764,-16.12882,-0.67,0.3738042
63.02768,0.1208941,0.8435465,-0.79,-4.575202
63.03767,0.08275031,-11.34807,-0.88,-0.5706458
63.04767,0.0170592,8.862679,-0.93,2.947262
63.05766,-0.03612293,4.857159,-0.89,4.326134
63.06766,-0.08949725,17.7519,-0.84,-3.561896
63.07765,-0.1240743,-1.333166,-0.73,-1.951181
63.08765,-0.1482842,26.97645,-0.64,0.03923322
63.09764,-0.1375828,-10.20701,-0.48,3.689388
63.10764,-0.1026245,23.59004,-0.44,-2.182778
63.11763,-0.05473317,-22.7624,-0.34,-1.404116
63.12762,0.004794143,9.364544,-0.4,-0.9274795
63.13762,0.06622775,-20.3029,-0.39,2.923579
63.14761,0.1119501,-7.062399,-0.53,2.24673
63.15761,0.1393671,-14.64795,-0.62,-3.089164
63.1676,0.1393077,-12.91976,-0.77,-3.894305
63.1776,0.1148063,-2.422328,-0.86,2.435181
63.18759,0.07770833,-0.1949065,-0.94,6.39943
63.19759,0.0271561,3.202617,-0.97,-1.550614
63.20758,-0.04001295,5.163388,-0.95,-5.981028
63.21758,-0.09890335,16.64749,-0.87,1.785357
63.22757,-0.1283064,6.154103,-0.77,6.481522
63.23756,-0.1375954,13.39821,-0.66,-0.05653673
63.24756,-0.128712,4.251278,-0.54,-6.342502
63.25755,-0.09222841,-1.313005,-0.47,-0.5100126
63.26755,-0.03614254,3.273382,-0.43,3.170367
63.27754,0.02812133,-9.950009,-0.44,2.603764
63.28754,0.08843924,-19.7909,-0.53,-5.342168
63.29753,0.117128,-0.3856387,-0.63,-2.631457
63.30753,0.131033,-24.49381,-0.71,3.99144
63.31752,0.1264638,8.750519,-0.86,3.840065
63.32751,0.09988303,-16.15046,-0.91,-2.693305
63.33751,0.04560012,8.874679,-0.99,-4.710392
63.3475,-0.02123775,4.194864,-0.96,3.406887
63.3575,-0.07319153,13.8428,-0.92,5.67654
63.36749,-0.1079888,11.10904,-0.82,-1.298652
63.37749,-0.1355793,1.880518,-0.72,-7.178861
63.38748,-0.1368289,12.56432,-0.62,1.574832
63.39748,-0.1079964,9.227905,-0.51,3.677138
63.40747,-0.0574237,-9.270597,-0.48,-0.5161353
63.41747,-0.005604118,-6.761009,-0.48,-6.709673
63.42746,0.04710254,-9.72498,-0.52,1.395685
63.43745,0.09245404,-12.99108,-0.6,3.532195
63.44745,0.1290987,-13.62234,-0.73,2.412957
63.45744,0.1306716,4.748765,-0.84,-3.352401
63.46744,0.1089924,-21.14663,-0.92,-2.02697
63.47743,0.06177181,14.05185,-1.02,3.691303
63.48743,0.005135287,-9.153603,-0.98,3.656353
63.49742,-0.05378683,30.6364,-0.99,-2.329801
63.50742,-0.1038236,-13.27353,-0.86,-2.476884
63.51741,-0.1442741,35.41622,-0.82,2.456223
63.5274,-0.1506913,-9.119114,-0.62,3.212675
63.5374,-0.1295299,22.4593,-0.59,-3.490761
63.54739,-0.08889177,-5.37049,-0.45,-4.729553
63.55739,-0.035246,-4.101412,-0.47,2.730626
63.56738,0.03101883,-1.858345,-0.44,3.308055
63.57738,0.09188697,-20.42181,-0.54,0.3822047
63.58737,0.1362463,3.684492,-0.64,-3.5992
63.59737,0.1496814,-24.04778,-0.76,-0.7225636
63.60736,0.1367316,4.70397,-0.89,2.165269
63.61736,0.09482265,-12.6055,-0.96,3.142047
63.62735,0.04378657,12.08211,-1.02,-1.580712
63.63734,-0.02247706,-1.065124,-1.01,-3.304056
63.64734,-0.1027139,19.22191,-0.96,0.8790534
63.65733,-0.1455454,9.146762,-0.83,4.646311
63.66733,-0.1532445,7.358135,-0.74,-1.082654
63.67732,-0.1390541,14.43534,-0.63,-4.99311
63.68732,-0.09909756,-10.14251,-0.54,0.3643765
63.69731,-0.03695464,10.6327,-0.52,4.40683
63.70731,0.03350026,-14.30968,-0.5,-0.5045214
63.7173,0.0948517,-7.186672,-0.6,-4.793643
63.72729,0.1312327,-14.6289,-0.68,-1.782824
63.73729,0.1459969,-8.132369,-0.8,5.03267
63.74728,0.1316291,-14.16972,-0.9,2.320998
63.75728,0.09394445,10.28149,-0.98,-1.678314
63.76727,0.04011667,-5.1148,-1,-3.517176
63.77727,-0.03023079,12.83285,-1.02,1.933445
63.78726,-0.09427724,9.012496,-0.92,4.054922
63.79726,-0.129627,14.25622,-0.84,-0.1058982
63.80725,-0.1445313,8.24023,-0.72,-4.668752
63.81725,-0.1363329,2.638649,-0.63,0.6719733
63.82724,-0.09814815,4.481464,-0.53,2.140913
63.83723,-0.03506852,-2.42692,-0.5,-0.392729
63.84723,0.04353606,-3.903992,-0.51,-2.33468
63.85722,0.09878712,-20.05102,-0.57,-2.001247
63.86722,0.1284062,8.863343,-0.67,3.602271
63.87721,0.1379774,-30.04716,-0.72,1.150088
63.88721,0.1175667,16.4216,-0.86,-2.170884
63.8972,0.07284874,-15.15812,-0.85,-1.533895
63.9072,0.009006262,19.28682,-0.92,2.826334
63.91719,-0.05722909,-3.192486,-0.82,3.228673
63.92719,-0.1082694,23.2541,-0.78,-2.077188
63.93718,-0.1383614,-0.3322647,-0.64,-2.028292
63.94717,-0.1469383,14.77266,-0.56,0.9723929
63.95717,-0.1197399,2.139254,-0.43,2.374394
63.96716,-0.06920923,-0.8524498,-0.39,-2.714528
63.97716,-0.007034503,-1.602956,-0.36,-3.0151
63.98715,0.05530861,-21.1762,-0.4,1.340602
63.99715,0.1106392,1.079513,-0.49,3.123545
64.00715,0.142287,-18.19419,-0.57,-0.634577
64.01716,0.1494011,-8.125693,-0.7,-1.214215
64.02717,0.1258903,1.144853,-0.79,0.1130863
64.03718,0.07120302,-1.955637,-0.85,2.145794
64.04719,-0.01463803,10.67594,-0.86,1.828973
64.0572,-0.07430828,-0.265424,-0.81,-1.171021
64.06721,-0.1257353,27.81412,-0.73,-2.749217
64.07722,-0.1582187,-4.024521,-0.59,0.5240291
64.08723,-0.1539484,26.41759,-0.5,2.263572
64.09724,-0.1149451,-8.740645,-0.36,-0.6095394
64.10725,-0.05761599,3.669476,-0.35,-2.818368
64.11726,0.007484041,-3.740453,-0.28,1.901527
64.12727,0.07466061,-8.372229,-0.35,1.471585
64.13728,0.1233572,4.871195,-0.41,0.1924393
64.14729,0.1508473,-17.63881,-0.49,-0.478393
64.1573,0.1348276,2.363428,-0.61,-1.750724
64.1673,0.08885027,-4.385882,-0.66,1.791169
64.17731,0.01837445,6.795679,-0.69,2.498873
64.18732,-0.05059293,2.119496,-0.65,0.4370902
64.19733,-0.1093713,22.25238,-0.59,-4.445772
64.20734,-0.1480394,-5.593089,-0.46,-0.1050095
64.21735,-0.1577542,26.81223,-0.38,3.433016
64.22736,-0.1224812,-10.10116,-0.24,2.53107
64.23737,-0.06407394,15.01785,-0.23,-5.0306
64.24738,-0.001034487,-15.09768,-0.17,-2.045413
64.25739,0.05939854,-9.238061,-0.25,2.231409
64.2674,0.1084719,3.654152,-0.27,3.874845
64.27741,0.1358851,-26.76516,-0.38,-4.677457
64.28742,0.1278976,15.67564,-0.47,-1.394315
64.29743,0.09161393,-20.67485,-0.52,2.61811
64.30744,0.03166593,22.42131,-0.57,4.842251
64.31745,-0.03503411,-12.17863,-0.52,-1.178282
64.32746,-0.09258247,30.94282,-0.49,-4.711413
64.33747,-0.1354812,-1.718577,-0.36,-1.099591
64.34748,-0.1569426,14.05325,-0.28,3.119197
64.35749,-0.1248361,12.56238,-0.16,3.746912
64.3675,-0.06914454,-18.50008,-0.1,-5.523232
64.37751,-0.002058834,12.83296,-0.12,-2.470051
64.38752,0.06296641,-19.76078,-0.1,2.696541
64.39753,0.1215935,-13.81636,-0.22,2.18076
64.40754,0.151023,0.152695,-0.31,-1.249525
64.41755,0.1426118,-10.57135,-0.4,-1.475755
64.42756,0.1097549,-4.275086,-0.5,-0.9076461
64.43757,0.04176791,2.213508,-0.54,2.035074
64.44758,-0.03614995,12.85321,-0.53,4.398328
64.45759,-0.09965409,3.199076,-0.46,-1.351196
64.4676,-0.1498946,18.62244,-0.38,-4.416209
64.47761,-0.1714323,-0.02128122,-0.24,0.7965947
64.48762,-0.1530105,24.11443,-0.15,2.954073
64.49763,-0.09464093,-12.34569,-0.02,1.109217
64.50764,-0.02685298,8.499088,-0.03,-4.40206
64.51765,0.04284293,-11.5561,0,-1.470096
64.52766,0.108211,-13.31219,-0.07,2.237372
64.53767,0.1479018,-6.0156,-0.14,3.036953
64.54768,0.1490479,-1.56305,-0.23,0.1072793
64.55769,0.1156841,-3.171365,-0.3,-4.140437
64.5677,0.05111603,-10.7132,-0.37,-0.4293531
64.57771,-0.02463502,26.83256,-0.35,5.622156
64.58772,-0.08722841,-3.926047,-0.29,2.928289
64.59772,-0.1374487,22.95619,-0.22,-6.034092
64.60773,-0.1608861,-11.10016,-0.11,-1.210143
64.61774,-0.1445569,32.6386,-0.02,2.258726
64.62775,-0.08705392,-22.79237,0.08,3.685431
64.63776,-0.01717115,5.952901,0.05,-3.731422
64.64777,0.05875624,-12.0834,0.08,-3.258929
64.65778,0.1099912,-12.0391,0,1.245962
64.66779,0.1400397,1.97342,-0.06,4.232619
64.6778,0.1340782,-17.53782,-0.13,0.643249
64.68781,0.08935253,10.2673,-0.22,-4.721881
64.69782,0.01974202,-4.241847,-0.21,0.6687949
64.70783,-0.05127312,16.39979,-0.22,3.563888
64.71784,-0.1068302,3.847338,-0.14,1.902462
64.72785,-0.1483638,12.6198,-0.07,-4.859196
64.73786,-0.1572201,1.464882,0.04,-0.8490629
64.74787,-0.1231423,7.118623,0.11,1.871094
64.75788,-0.05403341,1.602061,0.18,2.126682
64.76789,0.01624799,-3.933477,0.16,-1.197832
64.7779,0.0825132,-19.56449,0.12,-5.187614
64.78791,0.1300207,-5.54568,0.03,1.581963
64.79792,0.1475789,-7.618553,-0.03,3.601125
64.80793,0.1292627,-7.433956,-0.15,1.992462
64.81794,0.07806367,2.97727,-0.2,-3.369219
64.82795,0.002424177,0.2870827,-0.24,-0.7144772
64.83796,-0.06979667,17.24046,-0.2,2.323417
64.84797,-0.1423503,3.13052,-0.12,2.395455
64.85798,-0.1707348,21.06167,-0.04,-2.57797
64.86799,-0.1631487,-8.257496,0.09,-2.165893
64.878,-0.1162486,14.46858,0.14,0.4868073
64.88801,-0.0434333,1.835774,0.23,4.092636
64.89802,0.04029179,-18.49118,0.22,-1.488871
64.90803,0.1070094,5.700844,0.15,-5.503618
64.91804,0.1474987,-20.36641,0.11,0.2436518
64.92805,0.1490118,-8.453115,-0.01,3.642777
64.93806,0.1070655,7.841233,-0.07,3.800262
64.94807,0.04595861,-9.259329,-0.11,-2.142051
64.95808,-0.03113645,7.217481,-0.14,-5.47848
64.96809,-0.1068648,8.110929,-0.08,3.541256
64.9781,-0.1505855,17.04746,0,5.34375
64.98811,-0.1588251,-2.929317,0.08,-2.75074
64.99812,-0.1337664,14.81903,0.17,-5.113565
65.00813,-0.07648862,-11.85825,0.24,1.920862
65.01814,0.001713719,12.45564,0.25,3.333722
65.02814,0.07525299,-14.98715,0.25,0.7393929
65.03815,0.1276165,-12.14,0.15,-2.669537
65.04816,0.1471479,-6.653808,0.06,-3.350568
65.05817,0.1085458,0.2322843,0,3.07631
65.06818,0.05114629,-8.244656,-0.03,3.546598
65.07819,-0.01685381,13.78923,-0.07,-2.134768
65.0882,-0.09101314,-0.5569767,-0.01,-3.928285
65.09821,-0.143858,11.36723,0.02,2.312919
65.10822,-0.1538973,12.0169,0.13,3.823486
65.11823,-0.1209924,-8.187461,0.19,-1.385207
65.12824,-0.06439018,15.52562,0.22,-5.282665
65.13825,0.00046324,-18.73245,0.27,-0.8068788
65.14826,0.08036039,-1.239639,0.18,3.550585
65.15827,0.1275376,-8.418904,0.15,2.260472
65.16828,0.137334,-6.93158,0.05,-1.932163
65.17829,0.1084923,-1.272156,-0.01,-2.966967
65.1883,0.05002257,-5.088738,-0.06,1.407431
65.19831,-0.02284495,12.92918,-0.08,4.305498
65.20832,-0.09096774,-0.7605662,-0.03,0.02939573
65.21833,-0.1444171,16.13778,0.01,-4.128105
65.22834,-0.162739,0.9171264,0.12,-0.1660775
65.23835,-0.137755,11.49327,0.19,2.875404
65.24836,-0.07710347,0.5212486,0.27,2.610594
65.25837,-0.006723586,-0.6597946,0.28,-2.357708
65.26838,0.0644221,-22.14433,0.25,-5.139091
65.27839,0.1191402,10.76727,0.18,1.268047
65.2884,0.1414613,-28.09491,0.13,4.001126
65.29841,0.1198986,10.53351,0,-1.589846
65.30842,0.06829652,-11.7059,-0.01,-2.206509
65.31843,-0.002928369,10.37671,-0.09,0.5624027
65.32844,-0.07756311,2.051517,-0.03,3.379561
65.33845,-0.1382047,6.717458,0,1.356758
65.34846,-0.1579508,11.93633,0.09,-2.370414
65.35847,-0.1302974,-5.552958,0.17,-1.091497
65.36848,-0.07792336,13.69104,0.21,2.493486
65.37849,-0.003366627,-15.86594,0.26,1.132711
65.3885,0.06935188,3.237495,0.19,-3.534369
65.39851,0.1235749,-11.43292,0.17,-1.938756
65.40852,0.1338004,-12.13788,0.07,1.950753
65.41853,0.106516,3.338264,0,3.988147
65.42854,0.04809085,-0.8965566,-0.03,-1.298456
65.43855,-0.01695091,-3.891465,-0.06,-2.60966
65.44855,-0.08880632,12.1282,-0.04,-1.876292
65.45856,-0.1380128,6.403673,0.02,4.004127
65.46857,-0.1393925,11.78852,0.09,2.506243
65.47858,-0.1040208,-4.79285,0.14,-3.569507
65.48859,-0.05233791,2.831361,0.18,-3.54991
65.4986,0.01349153,-7.26043,0.19,3.380205
65.50861,0.08212734,-2.370691,0.15,2.158061
65.51862,0.1233582,-8.670524,0.09,-1.24988
65.52863,0.1202514,-8.624884,0,-2.825451
65.53864,0.07879691,6.217174,-0.04,0.4013204
65.54865,0.009017153,-4.811658,-0.06,2.450233
65.55866,-0.05656923,10.96979,-0.07,1.254676
65.56867,-0.1111453,6.855027,-0.01,-1.648765
65.57868,-0.1397265,-2.623978,0.03,-2.384596
65.58869,-0.128731,15.59428,0.09,1.451745
65.5987,-0.07528137,-9.812756,0.17,2.064488
65.60871,-0.003650952,5.9433,0.15,-1.377094
65.61872,0.05618558,-11.1011,0.15,-3.8392
65.62873,0.1074491,-9.476387,0.08,1.83555
65.63874,0.1245999,2.552902,0.02,3.255913
65.64875,0.09867602,-11.82235,-0.03,-0.3103814
65.65876,0.04291319,7.346645,-0.09,-3.972436
65.66877,-0.02701042,-2.512271,-0.07,1.423539
65.67878,-0.09692934,17.68015,-0.05,3.078547
65.68879,-0.1419809,-3.856784,0.03,1.293666
65.6988,-0.1487297,22.40074,0.08,-4.781656
65.70881,-0.120119,-12.59799,0.2,-1.172498
65.71882,-0.06465588,10.79719,0.21,2.589523
65.72883,0.01105192,-0.1542122,0.27,3.445952
65.73884,0.08536508,-16.78385,0.22,-2.609523
65.74885,0.1303484,-12.28314,0.14,-5.811901
65.75886,0.12581,11.98739,0.08,3.548528
65.76887,0.09634525,-28.01813,0.02,3.342625
65.77888,0.03764111,19.33816,-0.06,-0.7659638
65.78889,-0.03468189,-3.853901,-0.02,-4.612732
65.7989,-0.1081262,8.672053,-0.04,-0.7870815
65.80891,-0.1431492,7.610551,0.04,3.725374
65.81892,-0.1307316,5.384461,0.1,1.328062
65.82893,-0.08369623,-6.029697,0.15,-4.17634
65.83894,-0.03550174,4.97018,0.19,-4.262881
65.84895,0.04350635,-4.074418,0.2,3.842739
65.85896,0.1029118,-7.917181,0.14,3.223244
65.86897,0.1200751,-1.279059,0.07,-0.9557005
65.87897,0.0926089,-8.091529,0.02,-4.671561
65.88898,0.04039898,-6.390254,-0.03,0.6026044
65.89899,-0.02751392,16.57934,-0.03,4.504753
65.909,-0.08666942,-2.086993,0,1.506224
65.91901,-0.12005,5.403036,0.01,-4.544346
65.92902,-0.1250451,11.72335,0.11,-1.656788
65.93903,-0.08776207,-19.40255,0.14,2.422604
65.94904,-0.02211838,23.13429,0.14,1.947722
65.95905,0.04798372,-26.00453,0.19,0.05325135
65.96906,0.09637813,4.392221,0.08,-6.22233
65.97907,0.1053044,-10.80363,0.08,2.089494
65.98908,0.08359338,2.960174,0,4.773958
65.99909,0.03899051,1.232874,-0.01,1.081453
66.0091,-0.02583517,-2.444765,-0.03,-5.339025
66.01911,-0.09269688,12.05401,-0.01,-1.661713
66.02912,-0.1284417,-6.807034,0.05,3.324794
66.03913,-0.1209782,24.28155,0.09,1.969884
66.04914,-0.07470332,-16.66836,0.17,0.4694058
66.05915,-0.01808064,-0.5059807,0.13,-5.870533
66.06916,0.03597971,2.989421,0.16,1.535716
66.07917,0.0917927,-11.53421,0.11,3.978051
66.08918,0.1142603,-7.174412,0.04,-0.6253299
66.09919,0.08648375,-2.016899,-0.01,-5.991287
66.1092,0.03298798,-0.188155,-0.04,0.5271556
66.11921,-0.02735282,1.386821,-0.05,4.946134
66.12922,-0.08759435,13.37856,-0.02,1.207417
66.13923,-0.1179787,0.3052526,0.02,-1.820901
66.14924,-0.1164284,9.769347,0.07,-2.330377
66.15925,-0.07909742,-4.113449,0.13,0.04182143
66.16926,-0.01908294,0.9117407,0.13,2.023465
66.17927,0.05182679,-7.334154,0.13,-0.8351441
66.18928,0.1016816,-6.601502,0.07,-2.739283
66.19929,0.1128196,-10.00075,0.01,0.02254166
66.2093,0.08936355,-2.876558,-0.05,3.188038
66.21931,0.04101084,16.84425,-0.08,2.346938
66.22932,-0.01885252,-22.4918,-0.09,-1.686085
66.23933,-0.08964741,24.21307,-0.12,-3.926487
66.24934,-0.1310228,-14.84978,0,-0.4990143
66.25935,-0.1205461,31.46685,0,2.91599
66.26936,-0.07788216,-17.77311,0.1,1.535701
66.27937,-0.02518702,6.720434,0.05,-2.000761
66.28938,0.03505253,-2.946498,0.12,-1.283422
66.29939,0.08532058,-9.455449,0.05,2.617474
66.30939,0.1023483,10.16335,0.03,1.593029
66.3194,0.07746042,-21.75516,-0.03,-2.371581
66.32941,0.02493094,13.29004,-0.07,-3.794526
66.33942,-0.03615663,-5.377153,-0.05,2.366673
66.34943,-0.09804133,13.7266,-0.04,2.420571
66.35944,-0.1100945,-0.8782033,0.02,0.2668931
66.36945,-0.09630916,4.715022,0.04,-2.035026
66.37946,-0.05905899,-2.685659,0.09,-0.4878144
66.38947,0.001323422,5.064503,0.1,1.750902
66.39948,0.06717906,-15.60114,0.09,-1.383325
66.40949,0.09616808,3.886789,0.02,-2.762099
66.4195,0.08363247,-12.04589,0.01,1.17406
66.42951,0.04977221,6.236749,-0.05,2.907777
66.43952,-0.001343057,1.760602,-0.04,0.9748999
66.44953,-0.06098111,-6.170546,-0.05,-1.790352
66.45954,-0.1073757,15.39959,0,-2.120064
66.46955,-0.1127138,-5.545353,0.05,0.7860656
66.47956,-0.07952997,8.81428,0.08,0.3920048
66.48957,-0.02848545,-5.633204,0.12,-0.6887122
66.49958,0.02766483,0.2244135,0.1,-0.1707467
66.50959,0.07643157,-10.56822,0.09,0.9807441
66.5196,0.09301175,2.160039,0.02,0.7528583
66.52961,0.0725688,2.514854,0,1.44864
66.53962,0.03068609,-13.50718,-0.04,-0.7964148
66.54963,-0.03135413,16.22791,-0.06,-1.365612
66.55964,-0.09115767,-4.741852,0,-1.171195
66.56965,-0.110181,11.56478,0,1.945707
66.57966,-0.0928045,1.966705,0.07,2.111886
66.58967,-0.05450931,-6.714153,0.09,-0.9261979
66.59968,-0.002646169,9.320029,0.1,-3.420551
66.60969,0.05722248,-17.55794,0.11,1.16689
66.6197,0.09364685,6.445101,0.03,1.294771
66.62971,0.08906791,-15.4374,0.01,0.2734264
66.63972,0.05380305,6.658745,-0.05,-3.117916
66.64973,0.002237447,-3.459087,-0.04,0.1260503
66.65974,-0.0546776,8.879067,-0.06,2.860157
66.66975,-0.09650917,2.503716,-0.01,1.530917
66.67976,-0.1060048,2.183484,0,-2.488625
66.68977,-0.08155369,5.693163,0.06,-3.194051
66.69978,-0.03436192,-10.59889,0.08,0.5665036
66.70979,0.02393413,6.518129,0.09,1.172086
66.7198,0.0696496,-6.525227,0.07,1.580171
66.7298,0.08145486,-9.368182,0.03,-2.542825
66.73981,0.0650387,-8.234591,-0.01,-0.5011202
66.74982,0.01991904,11.09594,-0.04,0.8589172
66.75983,-0.03562745,-5.38924,-0.02,2.396812
66.76984,-0.08477898,11.51029,-0.02,-1.232799
66.77985,-0.09940368,-5.600728,0.03,-2.31915
66.78986,-0.08444975,2.899724,0.05,-2.14754
66.79987,-0.04444999,1.767528,0.1,3.794242
66.80988,0.01227372,-4.282215,0.1,1.505895
66.81989,0.0656003,-1.90779,0.08,-1.652246
66.8299,0.08001425,-7.24482,0.04,-3.800641
66.83991,0.06061729,3.04716,0.01,2.925095
66.84992,0.02353599,-12.33065,0,1.960143
66.85993,-0.02577828,20.1977,-0.02,0.007965526
66.86994,-0.07626563,-10.07857,0.02,-4.514003
66.87995,-0.09797365,6.2854,0.01,2.980299
66.88996,-0.08443618,7.286568,0.09,4.864956
66.89997,-0.04078325,-11.77884,0.09,-1.18949
66.90998,0.01165338,14.51356,0.1,-5.219538
66.91999,0.05694038,-28.74474,0.09,-0.9193739
66.93,0.07579801,18.48676,0.02,4.633389
66.94001,0.06628244,-7.280636,0.04,2.489818
66.95002,0.03041704,-3.293141,-0.03,-2.221546
66.96003,-0.02455015,6.173391,-0.02,-4.349183
66.97004,-0.0800176,-1.752311,-0.01,3.022727
66.98005,-0.09527972,12.46143,0.03,4.530456
66.99006,-0.07349095,-10.69226,0.04,-2.09439
67.00007,-0.03850131,14.1383,0.07,-5.113886
67.01008,0.006932825,-25.65212,0.08,1.010185
67.02009,0.05560343,20.24735,0.04,3.832929
67.0301,0.0756099,-14.88838,0.04,1.865436
67.04011,0.06064207,5.784262,-0.02,-3.04759
67.05012,0.01900339,-12.38795,-0.02,-1.545102
67.06013,-0.04053789,21.78142,-0.04,2.317887
67.07014,-0.08655433,-11.42028,0.02,3.474335
67.08015,-0.09454633,18.10455,0.01,-2.485524
67.09016,-0.07820103,-14.20144,0.09,-3.513825
67.10017,-0.04485821,10.33805,0.07,0.232292
67.11018,0.01211341,-7.88378,0.13,4.898271
67.12019,0.06700082,-3.708209,0.07,-1.200533
67.1302,0.08323162,-1.831338,0.04,-2.069399
67.14021,0.06320719,-9.910465,0,-1.543352
67.15022,0.02065501,17.17551,-0.02,5.037534
67.16022,-0.02578149,-11.35574,-0.01,3.100671
67.17023,-0.0699679,19.46782,-0.02,-3.512344
67.18024,-0.0945445,-17.42426,0.03,-5.668556
67.19025,-0.0859576,15.99246,0.03,3.009536
67.20026,-0.04047841,-0.05390491,0.11,5.71589
67.21027,0.01645124,-12.10603,0.07,-4.819837
67.22028,0.05775478,8.118947,0.06,-4.241964
67.23029,0.06615603,-8.705093,0.05,1.638419
67.2403,0.05570256,-5.280587,0,5.73677
67.25031,0.02019563,5.989891,-0.02,0.3975496
67.26032,-0.03042179,-3.102486,-0.02,-4.525373
67.27033,-0.08182052,4.540725,-0.01,-1.176142
67.28034,-0.09167975,5.413033,0.03,4.764148
67.29035,-0.06456223,2.978558,0.05,1.840919
67.30036,-0.0177395,-5.331594,0.06,-4.607057
67.31037,0.02668156,1.805601,0.05,-2.566061
67.32038,0.05969506,-10.54381,0.05,3.142905
67.33039,0.06213306,4.830201,0.01,2.92897
67.3404,0.04160592,-4.306761,0,-0.502039
67.35041,0.000434492,-8.925774,-0.03,-4.854892
67.36042,-0.05328512,11.90849,-0.03,-1.018291
67.37043,-0.08001663,2.074304,0.01,4.559691
67.38044,-0.07153122,-8.030371,0.01,1.366442
67.39045,-0.04765479,15.54814,0.04,-4.032057
67.40046,-0.005576679,-21.08663,0.05,-1.323443
67.41047,0.04182621,17.30325,0.02,0.9217218
67.42048,0.06508318,-19.57199,0.03,3.81656
67.43049,0.05912875,14.32868,-0.03,-2.04371
67.4405,0.02613371,-8.341464,-0.02,-2.151595
67.45051,-0.02736387,8.059995,-0.06,-1.982303
67.46052,-0.0752705,2.90437,-0.01,3.803473
67.47053,-0.08561365,0.7143882,0,0.8521958
67.48054,-0.07138389,9.671859,0.02,-2.546585
67.49055,-0.03874247,-12.74824,0.07,-1.328632
67.50056,0.009840574,11.93869,0.05,1.191684
67.51057,0.05686052,-7.916538,0.07,3.660312
67.52058,0.07205857,-9.740466,0.01,-3.900668
67.53059,0.05294199,5.849686,-0.01,-1.832636
67.5406,0.01022973,-1.32817,-0.01,1.701576
67.55061,-0.03408926,-4.185084,-0.04,4.356609
67.56062,-0.06360895,4.869587,-0.03,-0.9090082
67.57063,-0.07714389,-0.5513269,0,-3.94454
67.58064,-0.06238553,3.189335,0.02,0.3933491
67.59064,-0.02201418,4.050558,0.05,2.933893
67.60065,0.02672069,-2.561512,0.05,0.06561174
67.61066,0.04772714,-9.036552,0.03,-4.502346
67.62067,0.04415766,7.46546,0.01,0.8647928
67.63068,0.02646859,-3.550165,0.01,4.548924
67.64069,-0.007306719,-3.53667,-0.01,0.59261
67.6507,-0.05281675,9.094803,-0.01,-3.803784
67.66071,-0.07181485,-2.979548,0.02,1.370954
67.67072,-0.05274143,-0.8602244,0.01,1.857926
67.68073,-0.02800824,11.05435,0.04,-0.9556142
67.69074,0.01656869,-21.0655,0.05,-1.85644
67.70075,0.04196465,19.48535,0,-0.792695
67.71076,0.04508682,-20.16776,0.04,2.873201
67.72077,0.02848916,16.54628,-0.02,-1.292773
67.73078,-0.005496122,-14.26434,0.01,0.08106568
67.74079,-0.0499681,16.28732,-0.02,-1.569116
67.7508,-0.07055457,-6.205153,0.03,1.969136
67.76081,-0.06177559,5.244996,0.01,0.4173495
67.77082,-0.03103469,8.406131,0.07,0.3366607
67.78083,0.008990927,-23.13749,0.04,-2.153631
67.79084,0.04396205,18.56035,0.02,-1.070869
67.80085,0.05180406,-15.15125,0.03,1.904731
67.81086,0.03993602,-1.002937,-0.02,0.7374353
67.82087,0.007083252,4.061979,-0.02,-0.5995758
67.83088,-0.04177156,0.8072165,-0.02,-2.176649
67.84089,-0.07276154,4.93441,0,0.0924056
67.8509,-0.07249228,-1.720557,0.02,1.728141
67.86091,-0.04142923,8.309929,0.03,0.3306399
67.87092,0.000773277,-14.74013,0.05,-2.648919
67.88093,0.0374271,8.468744,0.01,-1.082756
67.89094,0.05154449,-8.538147,0.03,2.04389
67.90095,0.04561444,1.877366,-0.01,2.372079
67.91096,0.01534701,-2.930856,-0.02,-3.251042
67.92097,-0.03758335,5.49784,-0.03,-0.7386765
67.93098,-0.06990523,-5.337214,0,1.429456
67.94099,-0.06845216,7.076567,0,2.577992
67.951,-0.04423324,11.94594,0.03,-0.785422
67.96101,-0.004079191,-23.89762,0.05,-3.024341
67.97102,0.03276359,21.03009,0,0.5697774
67.98103,0.05437001,-22.34566,0.05,2.698172
67.99104,0.04907698,16.78659,-0.04,-0.8010004
68.00105,0.02024,-15.68318,0,-2.603725
68.01105,-0.03058921,8.030221,-0.06,0.6522436
68.02106,-0.06334286,1.811154,-0.01,2.953855
68.03107,-0.0677641,-3.33129,0,-0.1925008
68.04108,-0.04827435,11.39164,0,-3.086122
68.05109,-0.01583904,-17.27029,0.04,0.5286516
68.0611,0.02783775,9.458278,0,1.738742
68.07111,0.04589399,4.736642,0.03,1.870678
68.08112,0.04020194,-24.08014,-0.01,-1.816705
68.09113,0.0124667,26.6608,-0.02,-2.55137
68.10114,-0.02811856,-20.92664,0,2.229161
68.11115,-0.05753848,22.0003,-0.03,1.214349
68.12116,-0.05968482,-16.33626,0.03,0.1156879
68.13117,-0.04427776,14.31528,0,-3.565826
68.14118,-0.007718642,5.921245,0.06,1.324943
68.15119,0.03472831,-14.80072,0.03,1.186879
68.1612,0.04799353,17.04893,0,0.6709774
68.17121,0.03659834,-20.15708,0.02,-1.495107
68.18122,0.007371486,13.65481,-0.04,-1.175719
68.19123,-0.03670849,-6.277535,0,1.444835
68.20124,-0.06677645,9.669256,0,0.7075305
68.21125,-0.05964871,-10.69519,0.03,-0.5494949
68.22126,-0.04155289,14.50082,0.01,-2.921469
68.23127,-0.001138544,-16.67461,0.07,2.459198
68.24128,0.0389513,11.24472,0.01,-0.1839005
68.25129,0.05205205,-1.348596,0.03,1.877587
68.2613,0.03616005,-4.230591,-0.01,-3.512368
68.27131,0.00326332,3.653432,0,0.9905025
68.28132,-0.03977105,-4.001806,-0.02,1.596706
68.29133,-0.05953452,10.09152,0,0.2617365
68.30134,-0.05479567,-14.67086,0,-2.978248
68.31135,-0.0322397,15.00314,0,-2.03767
68.32136,0.004823452,-7.161633,0.04,5.668609
68.33137,0.04025357,-14.66278,0,-1.008272
68.34138,0.0401983,24.16799,0,-3.788855
68.35139,0.02475563,-20.13816,0.01,-1.651521
68.3614,-0.006796329,8.678031,-0.06,2.990406
68.37141,-0.04872994,-1.29235,-0.01,4.383863
68.38142,-0.05969134,-0.6558089,-0.02,-3.134133
68.39143,-0.05108666,2.135952,0,-3.991875
68.40144,-0.02417258,-8.528262,0.01,2.373968
68.41145,0.0192115,15.67635,0,3.91415
68.42146,0.04634887,-19.7018,0.01,0.9717827
68.43147,0.03987408,13.66063,-0.05,-5.9055
68.44147,0.007832507,-8.320577,-0.01,-0.2290431
68.45148,-0.03025078,-6.711214,-0.04,2.592205
68.46149,-0.05363937,17.91664,-0.02,3.353037
68.4715,-0.05438277,-4.804287,0,-2.162734
68.48151,-0.03511192,-8.290372,-0.01,-4.287595
68.49152,-0.006427325,4.573203,0,1.799471
68.50153,0.03070244,-4.388291,0,0.9153319
68.51154,0.04683117,4.850531,-0.01,2.051208
68.52155,0.03482129,-12.99656,-0.03,-5.254111
68.53156,-0.000271817,9.16503,-0.06,-0.4532914
68.54157,-0.03878163,-6.781052,-0.03,2.371528
68.55158,-0.06207575,14.98236,-0.04,3.111541
68.56159,-0.04889843,-5.70583,0,1.060671
68.5716,-0.02934759,5.692549,-0.02,-6.902058
68.58161,0.00429588,-14.10864,0.01,1.064895
68.59162,0.03241244,21.83082,-0.01,4.431428
68.60163,0.04501471,-13.48168,0.01,3.263722
68.61164,0.02522621,-4.924659,-0.07,-6.686951
68.62165,-0.01368378,12.6259,-0.02,-2.348793
68.63166,-0.04781909,-15.03869,-0.04,4.901244
68.64167,-0.0521839,22.48681,-0.02,3.654198
68.65168,-0.03896575,-19.56607,0.01,-0.2670962
68.66169,-0.01190441,17.60991,-0.03,-6.69065
68.6717,0.02166842,-19.01268,0.02,1.425898
68.68171,0.03082773,14.69969,-0.03,4.172651
68.69172,0.02698694,-0.8221294,0,3.792835
68.70173,0.001766707,-12.35582,-0.03,-5.523567
68.71174,-0.03773457,16.19703,-0.03,-4.359097
68.72175,-0.05872015,-10.34593,0.01,3.409273
68.73176,-0.04241739,5.06862,-0.01,4.276558
68.74177,-0.01167334,-0.5202978,0.01,-1.658777
68.75178,0.02368452,-10.13773,0,-5.301301
68.76179,0.03390833,3.844987,0,-1.658186
68.7718,0.03162906,-1.778086,-0.01,7.049607
68.78181,0.01157843,10.04957,-0.03,1.279922
68.79182,-0.02580749,-14.83091,-0.03,-3.587775
68.80183,-0.05851425,18.13399,-0.03,-3.950693
68.81184,-0.05725399,-11.63914,0.01,2.52363
68.82185,-0.03372242,4.172978,0,1.562441
68.83186,0.004089229,0.5885375,0.02,-1.90494
68.84187,0.03218793,-3.872578,0,-0.2396641
68.85188,0.03965086,-7.302663,0,-1.358954
68.86189,0.02135671,1.481019,-0.03,1.75209
68.87189,-0.01272566,11.25666,-0.02,0.1977017
68.8819,-0.04211181,-15.71664,-0.01,1.608357
68.89191,-0.05325006,14.79148,-0.03,-2.362643
68.90192,-0.04627611,-12.23751,0.02,-0.6056705
68.91193,-0.01687427,9.954585,0,-0.3573563
68.92194,0.02093763,-3.041957,0.04,2.084672
68.93195,0.03226151,-1.476865,0.01,0.5254782
68.94196,0.02322361,-1.885643,0,-1.899523
68.95197,-0.00374668,-8.003523,0,-1.358507
68.96198,-0.03399436,13.32279,0,2.486552
68.97199,-0.04375255,-11.24378,0.02,2.663532
68.982,-0.03663442,4.12861,0,-1.859149
68.99201,-0.01601612,10.958,0.04,-2.514953
69.00202,0.0234602,-24.7378,0.01,-0.1477999
69.01203,0.03648082,25.31996,0,2.053827
69.02204,0.02656814,-30.17801,0.01,1.773882
69.03205,-0.003172664,26.71059,-0.04,-2.428358
69.04206,-0.03547379,-12.81688,0.01,-2.003212
69.05207,-0.0540879,11.55314,-0.02,-0.4166005
69.06208,-0.04431187,-4.848702,0.02,4.648891
69.07209,-0.01886277,-2.634606,0,1.228432
69.0821,0.01890361,6.097082,0.01,-3.316154
69.09211,0.0379956,-11.62108,0,-2.454705
69.10212,0.03442668,5.563518,-0.03,2.30112
69.11213,0.007687995,3.950507,-0.02,4.539309
69.12214,-0.02320106,-8.584529,-0.03,-1.673978
69.13215,-0.04484658,7.476825,-0.04,-6.54571
69.14216,-0.04608211,-5.048079,-0.01,1.558612
69.15217,-0.02553942,8.472494,-0.01,6.428689
69.16218,0.01180764,-3.636278,0,3.023197
69.17219,0.03290121,0.8358478,-0.02,-5.696916
69.1822,0.02681096,-1.163877,-0.01,-5.634079
69.19221,-0.002592891,-2.203882,-0.03,4.627058
69.20222,-0.03016739,7.720635,-0.01,6.754226
69.21223,-0.04068306,0.6946414,-0.01,-1.89468
69.22224,-0.03462268,-13.06037,-0.01,-7.363156
69.23225,-0.02359571,15.54945,0,-0.6629323
69.24226,0.01326324,-8.29268,0.02,6.364208
69.25227,0.04086898,-1.264791,-0.01,2.997828
69.26228,0.03741636,6.827383,-0.02,-4.631523
69.27229,0.006773364,-12.8739,-0.03,-4.518069
69.2823,-0.03804384,13.50548,-0.04,3.383088
69.2923,-0.05400455,-9.248381,0,5.518106
69.30231,-0.04549205,19.12527,-0.01,-1.516175
69.31232,-0.01885585,-20.04505,0.03,-4.643859
69.32233,0.005916414,14.38843,-0.01,-2.720428
69.33234,0.02007945,-11.04557,0.04,5.801065
69.34235,0.02059734,4.143555,0,3.504588
69.35236,0.005213219,17.66717,0.01,-3.613805
69.36237,-0.03131214,-10.44624,0.02,-5.495145
69.37238,-0.04515978,-1.550128,0.01,0.9359678
69.38239,-0.03806262,9.987882,0.04,5.045688
69.3924,-0.01069095,-6.97237,0.05,1.096762
69.40241,0.02358239,-0.1318945,0.03,-5.639323
69.41242,0.02692501,-3.153014,0.04,-3.476642
69.42243,0.01373994,-1.963156,0.02,4.618484
69.43244,-0.004969167,4.243042,0.02,5.052207
69.44245,-0.03090401,2.09127,0.02,-2.241813
69.45246,-0.04286264,-3.461604,0.03,-5.557072
69.46247,-0.03695227,1.419382,0.03,1.231367
69.47248,-0.009493932,0.8850026,0.05,4.203571
69.48249,0.02128094,5.828229,0.05,1.805395
69.4925,0.02980365,-16.7362,0.04,-4.709239
69.50251,0.0118196,18.35499,0,-1.295895
69.51252,-0.0179541,-14.37512,0.05,3.126765
69.52253,-0.03737471,6.802121,0,1.271473
69.53254,-0.03285807,1.597116,0.04,-1.773933
69.54255,-0.02084331,-12.12846,0.03,-2.641801
69.55256,0.008778082,16.40749,0,0.6081326
69.56257,0.02561061,-14.00401,0.05,2.534764
69.57258,0.02413887,11.11645,0,-0.4291014
69.58259,0.00691874,-7.8852,0.02,-2.419037
69.5926,-0.02754152,2.252085,-0.01,-0.3879004
69.60261,-0.04168966,7.946914,0,3.757035
69.61262,-0.0325152,-15.06244,0.01,-0.8872494
69.62263,-0.009015158,16.63214,-0.01,-3.226004
69.63264,0.01574754,-12.80874,0.03,0.6264907
69.64265,0.02915519,-2.36338,-0.02,2.642617
69.65266,0.01738532,18.19884,-0.01,-0.03247805
69.66267,-0.0081646,-18.96584,-0.01,-1.57916
69.67268,-0.03590977,16.97381,-0.04,-2.655282
69.68269,-0.04083359,-13.83835,0,2.324461
69.6927,-0.02517117,18.60484,-0.02,1.423823
69.70271,0.007732165,-18.08519,0.01,-0.2160964
69.71272,0.02667429,9.195618,-0.04,-2.764179
69.72272,0.02265965,-4.304604,0,2.715563
69.73273,0.004491065,-5.69551,-0.05,-0.3925947
69.74274,-0.02167359,16.07208,-0.03,1.742173
69.75275,-0.03695816,-9.815821,-0.01,-3.423095
69.76276,-0.03055957,-0.2248021,-0.05,-0.0271393
69.77277,-0.01266387,5.320859,-0.02,1.530347
69.78278,0.0147159,-3.083586,-0.02,2.535236
69.79279,0.02949198,0.4209897,-0.04,-2.418807
69.8028,0.01687592,-2.329407,-0.04,-3.461852
69.81281,-0.01424607,-1.989027,-0.05,1.389136
69.82282,-0.03755573,5.888571,-0.04,3.791873
69.83283,-0.03481315,0.1575709,-0.03,0.1516868
69.84284,-0.02039614,-2.757779,-0.03,-6.297308
69.85285,0.000725378,2.031868,-0.02,0.4758433
69.86286,0.01661551,-2.062252,-0.02,4.635609
69.87287,0.01764857,6.133303,-0.02,3.162616
69.88288,0.001908718,-12.06247,-0.03,-5.931487
69.89289,-0.02880567,21.8768,-0.04,-0.989075
69.9029,-0.0386505,-25.15506,0,2.269174
69.91291,-0.03009505,26.50104,-0.03,2.582274
69.92292,0.001453679,-13.67965,0.03,-0.5539708
69.93293,0.02204316,0.1788901,-0.04,-4.858822
69.94294,0.02006892,11.26812,0,0.6195368
69.95295,0.006243813,-13.35201,0,3.154287
69.96296,-0.01650008,17.8883,-0.04,1.054932
69.97297,-0.03086716,-18.77979,0,-3.518808
69.98298,-0.03478063,20.26851,-0.04,-1.50698
69.99299,-0.01552136,-20.99306,0.02,2.281369
70.003,0.007053556,20.7717,-0.03,1.24985
70.01301,0.02257047,-15.31789,0.02,0.3495328
70.02302,0.01570587,1.344411,-0.04,-4.170026
70.03303,-0.009211477,3.338876,-0.01,-0.1236036
70.04304,-0.03213602,-6.260505,-0.01,2.583096
70.05305,-0.02652426,5.291017,-0.02,3.457102
70.06306,-0.006112411,0.3462849,-0.01,-1.245386
70.07307,0.01032194,-9.42306,-0.03,-5.239752
70.08308,0.01530533,4.651083,-0.03,0.3415657
70.09309,0.01337291,-3.937448,-0.03,5.170585
70.1031,0.003023793,8.633424,-0.05,1.097216
70.11311,-0.01726803,-12.25083,-0.05,-4.414793
70.12312,-0.0357845,11.35446,-0.05,-2.75603
70.13313,-0.02703571,-13.64011,-0.03,3.904317
70.14314,-0.002097205,14.40757,-0.04,2.943274
70.15314,0.02111272,-10.38636,-0.02,-0.7110705
70.16315,0.01951098,-9.855642,-0.07,-5.413739
70.17316,0.000368404,4.666275,-0.06,-0.01822936
70.18317,-0.01738328,1.916501,-0.05,2.999206
70.19318,-0.01874221,-6.227629,-0.05,1.614937
70.20319,-0.01966344,14.01618,-0.06,-3.384606
70.2132,-0.009671461,-21.3649,-0.05,-0.5658947
70.22321,0.00357894,17.30882,-0.06,0.4952393
70.23322,0.01628387,-11.91971,-0.03,3.316056
70.24323,0.007425869,2.556737,-0.08,-2.25198
70.25324,-0.007006301,-5.052908,-0.06,-0.3834073
70.26325,-0.02184115,5.152508,-0.07,-0.3173228
70.27326,-0.01972197,-2.003016,-0.05,2.371472
70.28327,-0.005065651,0.1406911,-0.07,-1.476104
70.29328,0.002190635,0.5752054,-0.06,-2.218449
70.30329,0.003542145,-7.775341,-0.06,1.381076
70.3133,0.003257183,13.11052,-0.07,2.746293
70.32331,-0.003213394,-10.93079,-0.05,0.8262486
70.33332,-0.01335385,2.934158,-0.09,-5.608708
70.34333,-0.0207668,6.425998,-0.06,0.7549545
70.35334,-0.007634399,-22.1785,-0.05,3.885063
70.36335,0.005961387,20.34441,-0.08,1.103166
70.37336,0.00897567,-21.01247,-0.05,-3.484216
70.38337,-0.000292389,18.81011,-0.09,-2.009275
70.39338,-0.007539854,-13.91062,-0.04,4.484118
70.40339,-0.01356247,12.91888,-0.09,1.039241
70.4134,-0.0129846,-11.04289,-0.04,-2.087666
70.42341,-0.01347307,8.005922,-0.08,-3.408118
70.43342,-0.005326824,-4.162176,-0.03,3.815105
70.44343,0.002846879,-8.847231,-0.07,3.035403
70.45344,0.003156229,15.77565,-0.06,-0.3742689
70.46345,-0.004262699,-18.68102,-0.03,-3.650286
70.47346,-0.01422308,14.62303,-0.07,-1.045417
70.48347,-0.01654343,-4.342716,-0.01,3.959789
70.49348,-0.00711392,-0.1564984,-0.04,2.012521
70.50349,0.003840528,1.015458,-0.03,-3.945535
70.5135,0.000708207,-0.3020103,-0.03,-2.461825
70.52351,-0.002193225,-7.361762,-0.03,2.498857
70.53352,-0.00650822,13.96928,-0.04,4.134731
70.54353,-0.006484114,-10.85276,-0.01,-0.0625353
70.55354,-0.01027931,3.215741,-0.05,-7.325677
70.56355,-0.01173654,-3.765842,-0.02,-0.5576932
70.57355,-0.008247541,4.456536,-0.03,4.127357
70.58356,0.001354812,1.735507,-0.01,5.056458
70.59357,-0.000873096,-3.344641,-0.03,-5.550925
70.60358,-0.006826568,2.980762,-0.02,-1.999101
70.61359,-0.01227147,-3.729502,-0.02,2.270288
70.6236,-0.01011787,6.404041,-0.01,5.039371
70.63361,-0.002256047,-11.10033,-0.01,-3.678319
70.64362,-0.004881717,12.6287,-0.02,-6.832837
70.65363,-0.00494656,-14.59735,0,2.557889
70.66364,-0.00478591,13.93624,-0.03,3.967889
70.67365,-0.005106792,-1.137082,0,2.67881
70.68366,-0.003833179,-14.53237,-0.02,-6.409276
70.69367,-0.01424338,18.68857,-0.02,-2.685414
70.70368,-0.01633531,-17.71381,0.02,5.213776
70.71369,-0.004845726,21.98919,-0.02,4.881643
70.7237,0.003141115,-22.21217,0.02,-3.811069
70.73371,-0.006168287,15.78722,-0.04,-6.335917
70.74372,-0.01203665,-15.06521,0.01,3.519776
70.75373,-0.01175907,12.14112,-0.03,6.233053
70.76374,-0.004152007,-8.104133,0,0.7725712
70.77375,-0.009923107,-3.19223,-0.06,-7.95314
70.78376,-0.01824046,3.792212,-0.01,-0.6464114
70.79377,-0.01404938,-11.67743,-0.04,6.141343
70.80378,-0.006582666,24.64708,-0.03,2.287637
70.81379,-0.005034575,-34.56627,-0.05,-2.912362
70.8238,-0.009579223,25.91865,-0.09,-6.679939
70.83381,-0.01315805,-21.67364,-0.06,4.344522
70.84382,-0.007369944,0.5166872,-0.12,4.620651
70.85383,0.000197787,0.7882851,-0.12,1.523761
70.86384,-0.001373616,-4.695199,-0.15,-4.732747
70.87385,-0.004959164,-8.971807,-0.19,-3.052893
70.88386,-0.009518609,3.1857,-0.22,3.234866
70.89387,-0.008188921,-2.813082,-0.23,3.681608
70.90388,-0.000785778,-0.3110761,-0.28,-1.114849
70.91389,-0.002037757,-9.163821,-0.31,-4.420454
70.9239,-0.01136251,-0.8002813,-0.35,-0.7099778
70.93391,-0.01392214,-2.808061,-0.36,4.407031
70.94392,-0.005135593,1.583935,-0.4,2.111461
70.95393,-0.000846304,-16.42209,-0.43,-3.515301
70.96394,-0.005969737,5.009159,-0.49,-4.629617
70.97395,-0.008701209,-13.97354,-0.5,2.459698
70.98396,-0.004226331,3.854355,-0.55,3.720498
70.99397,0.001459397,-3.632425,-0.57,0.1955223
71.00397,-0.000593479,-6.271749,-0.62,-4.06268
71.01398,-0.001430661,-13.23981,-0.67,-0.8719372
71.02399,-0.002894346,17.76055,-0.7,2.474779
71.034,0.002291711,-26.84263,-0.73,3.551075
71.04401,0.001980771,10.71417,-0.81,-3.872756
71.05402,-0.001546486,-23.53554,-0.8,-0.5067363
71.06403,-0.00958087,15.16492,-0.87,-0.546526
71.07404,-0.004009275,-18.6098,-0.86,4.405011
71.08405,-0.003939257,15.4161,-0.94,-3.44342
71.09406,-0.004719051,-23.24256,-0.92,0.5668157
71.10407,-0.01163566,14.16438,-0.99,-1.765192
71.11408,-0.006460038,-11.03156,-0.97,3.999948
71.12409,-0.003797235,0.2430905,-1.04,-1.909678
71.1341,-0.004385808,4.818019,-1.02,-1.152255
71.14411,-0.006377799,-16.28641,-1.06,-0.02464471
71.15412,-0.005102255,9.190413,-1.1,1.322797
71.16413,-0.001667826,-5.477672,-1.09,1.294679
71.17414,-0.0000491,-9.519021,-1.13,-2.921463
71.18415,-0.004874307,7.279691,-1.16,0.09142005
71.19416,-0.004993036,-8.136904,-1.15,2.217243
71.20417,-0.001726789,7.08786,-1.2,0.3491709
71.21418,-0.004388232,-13.93328,-1.19,-2.373646
71.22419,-0.01375295,10.63996,-1.23,-0.1435687
71.2342,-0.01208353,-13.43143,-1.21,1.576332
71.24421,-0.01179216,17.67227,-1.25,0.5834376
71.25422,-0.006782293,-23.36736,-1.22,-1.225308
71.26423,-0.009341374,12.57024,-1.29,-3.092855
71.27424,-0.008000386,-8.849367,-1.24,2.104976
71.28425,-0.003729986,1.655523,-1.3,1.342302
71.29426,0.00621451,-6.149586,-1.29,1.328327
71.30427,0.001770682,3.715169,-1.34,-4.492555
71.31428,-0.000437683,-11.78811,-1.33,1.329778
71.32429,-0.003096312,11.26847,-1.37,1.15753
71.3343,-0.003044235,-8.440048,-1.35,3.329985
71.34431,-0.007012155,-2.975967,-1.4,-1.292057
71.35432,-0.01025213,6.985172,-1.39,-4.966254
71.36433,-0.01368744,-7.683504,-1.38,-0.3605409
71.37434,-0.01282572,10.42991,-1.38,3.706944
71.38435,-0.003393633,-9.497403,-1.38,3.26326
71.39436,-0.0002628,7.67271,-1.4,-5.031474
71.40437,-0.004450013,-13.86134,-1.39,-3.55221
71.41438,-0.004735093,14.58455,-1.4,4.412235
71.42439,0.003539996,-11.80855,-1.38,4.21741
71.43439,0.00230597,9.1991,-1.42,-4.250639
71.4444,-0.007222313,3.229399,-1.38,-3.002617
71.45441,-0.01019311,-8.492804,-1.38,1.02296
71.46442,-0.01487319,19.1027,-1.39,3.401867
71.47443,-0.01049539,-17.27133,-1.34,0.8063161
71.48444,-0.01024374,14.73737,-1.38,-4.915235
71.49445,-0.01331099,-9.221449,-1.32,-1.443144
71.50446,-0.01300183,6.548789,-1.34,4.133081
71.51447,-0.004899521,3.823338,-1.3,3.17731
71.52448,-0.001000904,-4.677844,-1.31,-2.502049
71.53449,-0.004226962,3.880326,-1.31,-5.719733
71.5445,-0.01070496,-4.693587,-1.29,1.835599
71.55451,-0.00900968,19.01821,-1.29,5.30022
71.56452,-0.004345922,-18.31574,-1.26,4.050628
71.57453,-0.009544597,14.26028,-1.3,-7.470263
71.58454,-0.0167323,-11.41818,-1.24,-2.522892
71.59455,-0.01462845,4.920207,-1.27,3.236097
71.60456,-0.006200774,-3.293212,-1.24,6.721677
71.61457,-0.00597968,-8.446721,-1.26,-5.4824
71.62458,-0.008275907,7.464002,-1.26,-3.300117
71.63459,-0.009820078,-7.105586,-1.23,2.314643
71.6446,-0.003020287,-2.027818,-1.25,3.595135
71.65461,-0.0006289,8.618344,-1.26,0.267849
71.66462,0.000552079,-14.38867,-1.25,-3.8874
71.67463,-0.003722588,9.698976,-1.29,-0.2233035
71.68464,-0.007195756,-8.003186,-1.26,2.768373
71.69465,-0.006866466,5.925871,-1.3,1.826058
71.70466,-0.006468839,-1.146177,-1.28,-3.560191
71.71467,-0.009411312,-2.605674,-1.31,-1.451231
71.72468,-0.01311603,1.048049,-1.31,1.945033
71.73469,-0.01514962,-1.194853,-1.3,1.977561
71.7447,-0.01206053,4.318084,-1.31,-1.563621
71.75471,-0.007899104,-11.32879,-1.31,-2.218179
71.76472,-0.006365271,8.358868,-1.34,0.3366838
71.77473,-0.009237798,-6.987783,-1.31,3.095189
71.78474,-0.003472654,-4.953245,-1.36,-0.7973024
71.79475,-0.000817975,18.42921,-1.34,-2.931833
71.80476,-0.000519803,-31.47713,-1.37,-0.4128911
71.81477,-0.005559377,27.72246,-1.41,3.702439
71.82478,-0.005514051,-24.60423,-1.37,1.908753
71.83479,-0.007430374,20.37485,-1.44,-5.007733
71.8448,-0.007301192,-4.848815,-1.39,-2.064651
71.8548,-0.01112677,-1.515626,-1.44,2.668985
71.86481,-0.00973438,4.19301,-1.44,4.740871
71.87482,-0.005438475,-8.434637,-1.45,-3.796594
71.88483,-0.006919224,8.65408,-1.47,-4.427491
71.89484,-0.005852625,-13.2916,-1.46,1.65717
71.90485,-0.007188052,17.84817,-1.5,5.987934
71.91486,-0.001793873,-18.93523,-1.47,-0.4425233
71.92487,-0.004517764,12.66781,-1.53,-6.291256
71.93488,-0.0100624,-10.93526,-1.5,0.1455424
71.94489,-0.01245088,1.177292,-1.54,3.852459
71.9549,-0.008979054,9.800692,-1.52,3.680283
71.96491,-0.005749856,-3.217303,-1.53,-4.203788
71.97492,-0.005110894,-5.524192,-1.56,-3.137147
71.98493,-0.01099096,5.390205,-1.55,3.00739
71.99494,-0.009182711,-7.068871,-1.55,3.6544
72.00495,-0.006964336,11.59028,-1.56,-1.950869
72.01496,-0.004688458,-16.34372,-1.56,-4.741841
72.02497,-0.009034378,9.841699,-1.58,-0.06867627
72.03498,-0.01135012,-3.384798,-1.55,4.822625
72.04499,-0.006797595,5.926303,-1.57,2.015594
72.055,-0.004710559,-3.764269,-1.56,-2.903756
72.06501,-0.008868435,0.5708327,-1.58,-4.144347
72.07502,-0.01739104,-1.693771,-1.57,4.065217
72.08503,-0.0150947,-1.334305,-1.57,1.243627
72.09504,-0.01193924,11.13278,-1.56,-0.8190874
72.10505,-0.007997014,-19.05095,-1.55,-3.68992
72.11506,-0.01183605,15.87574,-1.59,1.910717
72.12507,-0.0137812,-12.76326,-1.54,2.193817
72.13508,-0.00591786,11.69976,-1.59,0.5179395
72.14509,-0.001744227,-11.7517,-1.56,-2.780355
72.1551,-0.009182582,-5.137692,-1.6,-3.345716
72.16511,-0.0118445,7.835119,-1.57,1.745644
72.17512,-0.006209202,-5.142025,-1.59,4.991172
72.18513,-0.000846133,5.338764,-1.59,-0.8332155
72.19514,-0.01018262,-12.3899,-1.62,-6.93164
72.20515,-0.01754105,13.63086,-1.6,0.2614289
72.21516,-0.01232783,-13.17866,-1.6,7.150251
72.22517,-0.008509219,14.40103,-1.62,-0.2266084
72.23518,-0.007256027,-16.70244,-1.61,-4.553995
72.24519,-0.01184523,4.156597,-1.64,-4.155294
72.2552,-0.01056156,1.401829,-1.62,6.298984
72.26521,-0.008046872,-3.985588,-1.63,0.4479605
72.27522,-0.00171159,3.346778,-1.65,-1.490597
72.28522,-0.003719019,-4.428707,-1.65,-4.168508
72.29523,-0.008125424,-1.5073,-1.67,1.842487
72.30524,-0.01010795,2.253363,-1.67,4.543006
72.31525,-0.006571309,-2.401179,-1.68,-0.1644655
72.32526,-0.01009437,-2.310434,-1.69,-5.124169
72.33527,-0.01437074,3.597598,-1.69,-0.9282078
72.34528,-0.01446511,-0.7196007,-1.69,4.490595
72.35529,-0.01238818,1.000447,-1.7,2.853889
72.3653,-0.01216041,-1.141437,-1.7,-1.53675
72.37531,-0.01382421,0.4118226,-1.7,-3.826399
72.38532,-0.01076002,-5.199978,-1.7,1.485976
72.39533,-0.008196843,10.0924,-1.72,3.533738
72.40534,-0.004550822,-12.05139,-1.7,0.8135567
72.41535,-0.002913389,5.620568,-1.75,-4.032384
72.42536,-0.005741117,1.727091,-1.72,0.216796
72.43537,-0.005376399,-11.84667,-1.75,1.312472
72.44538,-0.008661332,15.12764,-1.77,1.733467
72.45539,-0.006497341,-21.6105,-1.74,-1.796012
72.4654,-0.01005675,22.11466,-1.79,-0.9600383
72.47541,-0.01556181,-25.00199,-1.75,-0.2930047
72.48542,-0.0179811,22.98444,-1.79,1.185341
72.49543,-0.01346088,-15.6539,-1.74,-0.3043296
72.50544,-0.01095203,13.28258,-1.79,-0.4176519
72.51545,-0.009954826,-13.49875,-1.75,0.5547404
72.52546,-0.01201693,8.489205,-1.79,-0.8770215
72.53547,-0.007855436,-1.766731,-1.76,0.5366319
72.54548,-0.004423936,-8.291985,-1.79,-0.5249996
72.55549,-0.004691785,5.841193,-1.8,1.101286
72.5655,-0.01195339,-0.8758779,-1.79,-0.1077283
72.57551,-0.008870244,-6.462807,-1.8,-1.768508
72.58552,-0.01012908,9.711815,-1.81,0.3534167
72.59553,-0.01501979,-9.845683,-1.79,2.503757
72.60554,-0.01858038,10.90879,-1.81,0.8997068
72.61555,-0.01314285,-9.136947,-1.78,-3.469004
72.62556,-0.01209917,7.415396,-1.81,-1.426777
72.63557,-0.01423326,-7.535758,-1.79,3.381304
72.64558,-0.0147063,7.60807,-1.81,2.936556
72.65559,-0.008549585,-3.81762,-1.79,-4.435584
72.6656,-0.006588141,-1.699416,-1.81,-3.723759
72.67561,-0.0120114,-0.6566572,-1.81,4.50642
72.68562,-0.01356816,-3.375258,-1.81,2.65781
72.69563,-0.01295476,9.490119,-1.82,-4.133771
72.70564,-0.0080257,-5.849465,-1.8,-1.41317
72.71564,-0.009301737,-6.768783,-1.85,0.8158888
72.72565,-0.01235412,19.18901,-1.81,5.250095
72.73566,-0.01023029,-25.4583,-1.83,-2.846506
72.74567,-0.008967656,21.6719,-1.85,-5.570132
72.75568,-0.01103894,-20.92393,-1.81,-0.2704585
72.76569,-0.0139301,15.04021,-1.88,5.057183
72.7757,-0.009493751,-11.20744,-1.83,2.614464
72.78571,-0.01075442,6.9772,-1.88,-6.171418
72.79572,-0.01518683,-2.764789,-1.85,-1.875875
72.80573,-0.01473229,-5.049722,-1.87,4.378967
72.81574,-0.01351322,13.44557,-1.87,4.688473
72.82575,-0.01359516,-17.29867,-1.86,-3.846986
72.83576,-0.01040602,12.1381,-1.9,-5.403462
72.84577,-0.01307918,-5.403809,-1.87,1.070118
72.85578,-0.01306957,-7.129611,-1.9,6.030412
72.86579,-0.0118817,6.320083,-1.89,2.728832
72.8758,-0.006345658,-6.021793,-1.9,-4.63234
72.88581,-0.01254534,2.070562,-1.92,-5.62969
72.89582,-0.0165746,-6.872957,-1.91,6.711982
72.90583,-0.01846389,12.96637,-1.92,4.665253
72.91584,-0.01138542,-12.02624,-1.91,-1.624481
72.92585,-0.01324886,3.135293,-1.94,-7.666018
72.93586,-0.01963532,-3.939267,-1.92,2.885174
72.94587,-0.0211186,0.29968,-1.92,3.748457
72.95588,-0.0137141,-4.293909,-1.92,3.302275
72.96589,-0.005521188,20.90596,-1.93,-4.677103
72.9759,-0.008232962,-29.00615,-1.92,-1.536364
72.98591,-0.01666914,17.97022,-1.97,2.094964
72.99592,-0.0103986,-4.456177,-1.91,5.961141
73.00593,-0.004852253,3.760853,-1.97,-6.387564
73.01594,-0.01035555,-4.554478,-1.95,-2.148683
73.02595,-0.01765064,-2.950267,-1.97,0.7036316
73.03596,-0.01654084,10.97079,-1.95,6.458497
73.04597,-0.01140329,-15.18314,-1.96,-2.427479
73.05598,-0.01430717,15.5905,-1.98,-3.451771
73.06599,-0.01628361,-16.54778,-1.95,-0.8356695
73.076,-0.01486775,14.86884,-1.98,3.943379
73.08601,-0.01178334,-13.61858,-1.95,1.719955
73.09602,-0.01213097,-1.614243,-1.99,-3.190442
73.10603,-0.01619702,13.11134,-1.96,-3.097625
73.11604,-0.0211712,-10.60281,-1.95,1.184325
73.12605,-0.02015421,10.26838,-1.96,4.281251
73.13605,-0.01538435,-6.086668,-1.94,-0.2500312
73.14606,-0.01720616,0.5623334,-1.96,-4.221423
73.15607,-0.01779246,-0.7126589,-1.94,-1.163818
73.16608,-0.01791306,2.612847,-1.94,2.728086
73.17609,-0.01152826,5.677767,-1.94,3.479087
73.1861,-0.011879,-11.34605,-1.93,-3.744576
73.19611,-0.01674201,7.862191,-1.95,0.03820398
73.20612,-0.0180305,2.648926,-1.92,0.8584435
73.21613,-0.01413954,-13.0246,-1.93,2.272643
73.22614,-0.01436369,18.52324,-1.95,-3.250459
73.23615,-0.01817517,-15.34208,-1.9,0.941247
73.24616,-0.0180378,12.76461,-1.95,-0.5580268
73.25617,-0.01483413,-0.2142776,-1.9,2.624798
73.26618,-0.01437808,-10.79536,-1.94,-1.405785
73.27619,-0.01773133,18.55203,-1.92,-1.109441
73.2862,-0.01363022,-26.50984,-1.91,2.808683
73.29621,-0.01015346,29.94395,-1.95,-2.652855
73.30622,-0.01167472,-19.51285,-1.9,0.65342
73.31623,-0.01412843,-4.119438,-1.96,-2.023184
73.32624,-0.01448975,14.07701,-1.92,3.621823
73.33625,-0.01375171,-2.586341,-1.93,0.2552938
73.34626,-0.01042082,-6.328171,-1.95,-0.857731
73.35627,-0.01428993,-0.9571833,-1.95,-2.876225
73.36628,-0.02041046,8.468739,-1.94,2.818314
73.37629,-0.01808966,-9.136414,-1.93,1.536756
73.3863,-0.01845291,11.27335,-1.96,-0.8320494
73.39631,-0.02031509,-12.42367,-1.92,-3.519375
73.40632,-0.02359506,16.92398,-1.95,2.26121
73.41633,-0.01943503,-22.46018,-1.9,0.9055898
73.42634,-0.02176896,29.24344,-1.95,0.5952846
73.43635,-0.007279986,-17.11079,-1.88,-2.340533
73.44636,-0.01636429,-10.30727,-1.95,-1.922138
73.45637,-0.02032321,16.59869,-1.94,0.6489182
73.46638,-0.02060478,-8.148933,-1.88,5.951155
73.47639,-0.01102951,4.686454,-1.93,-1.291897
73.4864,-0.01452885,1.827614,-1.91,-5.820956
73.49641,-0.01940778,-9.978895,-1.91,2.063972
73.50642,-0.01888668,19.12915,-1.92,4.940296
73.51643,-0.01437361,-19.64186,-1.88,0.3844947
73.52644,-0.01371244,11.37044,-1.93,-5.57006
73.53645,-0.01810765,1.593424,-1.88,-0.1477471
73.54646,-0.01785311,-7.221277,-1.89,4.275175
73.55647,-0.01135172,4.307686,-1.91,1.050076
73.56647,-0.01305635,-9.040317,-1.9,-1.587343
73.57648,-0.01908148,14.6964,-1.9,-1.841364
73.58649,-0.01657882,-12.38823,-1.88,3.633827
73.5965,-0.01900573,8.791141,-1.89,-0.3208262
73.60651,-0.02178831,-0.006215101,-1.87,-2.538238
73.61652,-0.02677505,3.010466,-1.86,0.6097146
73.62653,-0.02245527,-11.1529,-1.85,1.998928
73.63654,-0.01974876,26.18187,-1.84,-0.5565369
73.64655,-0.01996931,1.782985,-1.8,-1.414812
73.65656,-0.01547653,-10.65346,-1.81,-0.1724802
73.66657,-0.01614335,14.86867,-1.81,1.426503
73.67658,-0.0167632,-16.66658,-1.77,2.515757
73.68659,-0.01373234,20.41845,-1.8,-2.814492
73.6966,-0.01191828,-12.84197,-1.74,-1.759208
73.70661,-0.01729651,3.914939,-1.78,1.376135
73.71662,-0.0167253,13.05563,-1.74,2.829239
73.72663,-0.01307512,-16.56489,-1.72,-1.978968
73.73664,-0.01096168,14.10889,-1.75,-2.535462
73.74665,-0.01368009,-3.394583,-1.69,1.512996
73.75666,-0.02285458,9.265791,-1.69,4.262522
73.76667,-0.01466571,-3.289237,-1.66,-0.4388932
73.77668,-0.02205011,3.579902,-1.66,-5.162092
73.78669,-0.02815804,-0.695143,-1.61,-0.3315049
73.7967,-0.02950651,13.43293,-1.58,6.027925
73.80671,-0.01890756,-14.50322,-1.55,0.9565386
73.81672,-0.01944526,9.085974,-1.55,-6.622362
73.82673,-0.03054435,14.62643,-1.48,-1.419997
73.83674,-0.02253662,-20.23944,-1.47,6.347483
73.84675,-0.01540035,20.00459,-1.46,2.21059
73.85676,-0.01164692,-9.692343,-1.4,-1.618768
73.86677,-0.02005858,3.301072,-1.42,-6.093146
73.87678,-0.02409323,10.63861,-1.37,5.530418
73.88679,-0.0208643,-18.12891,-1.34,-0.5012442
73.8968,-0.02131277,32.08337,-1.36,-0.8174589
73.90681,-0.01625296,-19.97388,-1.27,-0.6267122
73.91682,-0.01691925,8.461296,-1.33,0.3537915
73.92683,-0.02459308,0.2283365,-1.26,0.5170419
73.93684,-0.0291068,5.014974,-1.26,1.541008
73.94685,-0.02208697,4.139394,-1.23,-2.769431
73.95686,-0.02530737,-0.4045174,-1.21,-0.3768901
73.96687,-0.02460225,-3.752715,-1.2,0.4356113
73.97688,-0.02084424,4.202865,-1.17,0.2254501
73.98689,-0.01953941,15.82455,-1.14,-1.895546
73.99689,-0.0160442,-26.83661,-1.13,3.391091
74.0069,-0.01414862,25.38769,-1.15,-0.3417795
74.01691,-0.01710983,-3.104395,-1.07,0.1927028
74.02692,-0.01824069,-4.045867,-1.11,-4.021978
74.03693,-0.02362962,17.67102,-1.07,3.791245
74.04694,-0.02139724,-22.43495,-1.05,1.965901
74.05695,-0.02020311,27.50609,-1.07,-3.258146
74.06696,-0.01711818,-8.746537,-0.97,-2.125746
74.07697,-0.01970121,-5.388386,-1.01,1.961147
74.08698,-0.02185369,14.26043,-0.98,3.686148
74.09699,-0.02698306,-10.74866,-0.93,0.07562263
74.107,-0.02776043,15.90139,-0.94,-4.969659
74.11701,-0.0288504,-5.640337,-0.87,1.910489
74.12702,-0.02637254,2.133655,-0.87,3.765287
74.13703,-0.02430773,3.809353,-0.83,-0.3967034
74.14704,-0.02675754,13.23712,-0.8,-2.93076
74.15705,-0.01805853,-15.0889,-0.76,0.4966668
74.16706,-0.01423215,-7.249236,-0.79,1.242147
74.17707,-0.01955236,21.84797,-0.74,1.189819
74.18708,-0.01613489,-19.36206,-0.71,0.2380014
74.19709,-0.01935186,27.16438,-0.74,-2.869055
74.2071,-0.02470718,-23.64594,-0.66,2.686264
74.21711,-0.02520688,11.88924,-0.71,-0.3320801
74.22712,-0.02484402,20.79406,-0.63,-0.2288562
74.23713,-0.03005625,-30.98769,-0.63,-0.1862676
74.24714,-0.02511334,10.98102,-0.65,1.359401
74.25715,-0.02009131,-5.153021,-0.59,0.8289742
74.26716,-0.02316939,4.481861,-0.6,-2.093938
74.27717,-0.02085075,6.637004,-0.57,-1.46163
74.28718,-0.02739043,-9.641434,-0.55,4.440394
74.29719,-0.02571865,9.66457,-0.57,-1.459779
74.3072,-0.02210934,0.02531526,-0.53,-2.584618
74.31721,-0.02374881,6.714208,-0.53,-2.055768
74.32722,-0.01889557,-15.54753,-0.52,7.10366
74.33723,-0.01638464,20.01536,-0.55,0.04615851
74.34724,-0.01701891,-12.86624,-0.5,-2.884331
74.35725,-0.02084353,4.351148,-0.54,-4.256642
74.36726,-0.02435463,3.371586,-0.51,2.686976
74.37727,-0.03175576,-10.05527,-0.51,3.327176
74.38728,-0.0269228,6.363631,-0.52,-0.004020182
74.39729,-0.02524504,15.52547,-0.48,-5.309278
74.4073,-0.02909072,-27.76848,-0.49,-0.5511091
74.4173,-0.02859486,18.74258,-0.51,2.444066
74.42731,-0.01661251,-4.805819,-0.46,5.426612
74.43732,-0.01513164,1.480109,-0.51,-4.088792
74.44733,-0.01796973,7.447526,-0.48,-4.161861
74.45734,-0.01838657,-10.14508,-0.49,0.07162052
74.46735,-0.02194017,7.436138,-0.51,3.708565
74.47736,-0.016588,-1.184688,-0.5,1.632456
74.48737,-0.02117961,9.458067,-0.51,-3.21513
74.49738,-0.02683441,-17.96459,-0.5,-0.3061542
74.50739,-0.03108715,11.29471,-0.53,0.6712735
74.5174,-0.02561355,1.175363,-0.49,3.191791
74.52741,-0.02364199,-2.908496,-0.51,-0.8532786
74.53742,-0.02237855,7.185774,-0.51,-0.3385655
74.54743,-0.02560138,-4.962549,-0.49,-1.720806
74.55744,-0.02684798,-18.44392,-0.5,-1.403628
74.56745,-0.02965383,30.48183,-0.5,1.759239
74.57746,-0.01820418,-20.91317,-0.46,3.800761
74.58747,-0.01478337,7.562183,-0.54,-2.021666
74.59748,-0.01466095,-2.706086,-0.49,-3.50844
74.60749,-0.02149208,-4.694075,-0.53,-0.9331955
74.6175,-0.0183415,14.56893,-0.51,5.110909
74.62751,-0.01769322,-9.255367,-0.53,1.220146
74.63752,-0.02165149,1.838469,-0.54,-3.815472
74.64753,-0.02788475,-15.58828,-0.54,-2.940133
74.65754,-0.02813223,17.73482,-0.56,0.7537245
74.66755,-0.03042695,-6.960706,-0.5,4.030498
74.67756,-0.02593343,-4.275591,-0.55,0.4778623
74.68757,-0.01974641,7.759901,-0.54,-1.759038
74.69758,-0.02279251,-9.566276,-0.53,-3.475885
74.70759,-0.02646314,-0.7345754,-0.55,2.082297
74.7176,-0.02882605,13.34519,-0.54,3.454692
74.72761,-0.01984594,-14.58459,-0.53,1.889881
74.73762,-0.01679116,2.856958,-0.58,-4.791004
74.74763,-0.02568603,1.716025,-0.55,-1.362007
74.75764,-0.03096905,-7.522826,-0.56,3.254014
74.76765,-0.0196596,10.87419,-0.57,2.011717
74.77766,-0.01309234,-14.42943,-0.58,0.0027565
74.78767,-0.02435289,6.989823,-0.6,-6.62131
74.79768,-0.03003118,-10.70203,-0.59,3.427903
74.80769,-0.02576869,17.18306,-0.61,2.254278
74.8177,-0.02268506,-19.77581,-0.59,1.394628
74.82771,-0.0242684,1.668481,-0.65,-4.294854
74.83772,-0.02628567,8.15318,-0.61,-0.4836648
74.84772,-0.02602709,-16.42082,-0.64,2.083738
74.85773,-0.02561108,13.32866,-0.67,1.414751
74.86774,-0.01972529,-7.73727,-0.64,-0.0354289
74.87775,-0.02467417,-3.90203,-0.68,-2.127922
74.88776,-0.02531056,4.254185,-0.68,-0.2708721
74.89777,-0.02868394,4.018517,-0.68,1.14946
74.90778,-0.02583661,-14.33039,-0.69,-0.09565584
74.91779,-0.021599,10.22434,-0.73,-0.1896167
74.9278,-0.02309277,-5.686577,-0.71,-0.09860624
74.93781,-0.02596952,2.896073,-0.75,0.4436811
74.94782,-0.02185629,-3.038998,-0.75,-0.03358069
74.95783,-0.02433268,-0.6980488,-0.78,-2.573933
74.96784,-0.02507583,-11.70606,-0.79,2.713371
74.97785,-0.02794597,3.453262,-0.82,-0.3828458
74.98786,-0.0289801,8.066229,-0.8,1.537702
74.99787,-0.02561587,-29.15045,-0.85,-1.778054
75.00788,-0.02410753,25.27768,-0.88,0.2766353
75.01789,-0.02514302,-18.46429,-0.86,2.586669
75.0279,-0.02433312,5.778935,-0.94,-0.7570932
75.03791,-0.02787992,2.274645,-0.91,-2.20664
75.04792,-0.02828573,-11.20351,-0.96,-0.2466709
75.05793,-0.02814234,2.733878,-0.99,2.323436
75.06794,-0.02912986,-7.429574,-0.99,-0.2238515
75.07795,-0.03036336,14.62638,-1.03,-0.06959371
75.08796,-0.02373474,-21.34206,-1.03,-1.203682
75.09797,-0.02209813,-0.01077573,-1.11,1.93294
75.10798,-0.02371228,11.92569,-1.08,-1.183376
75.11799,-0.02397661,-23.54869,-1.13,1.094201
75.128,-0.01910453,16.64514,-1.18,-3.132943
75.13801,-0.02082453,-17.19452,-1.18,2.496542
75.14802,-0.02107404,-14.13237,-1.25,0.01913792
75.15803,-0.02470339,15.85946,-1.27,-0.314368
75.16804,-0.02709476,-11.0027,-1.26,0.9001901
75.17805,-0.02693762,-4.747707,-1.32,-1.116154
75.18806,-0.02831131,-2.273354,-1.33,0.5448127
75.19807,-0.03007158,2.467777,-1.35,1.006736
75.20808,-0.02674671,-2.671968,-1.36,-0.3601034
75.21809,-0.02727325,-0.9059968,-1.39,0.5543146
75.2281,-0.02476331,-0.08655035,-1.4,2.78102
75.23811,-0.02291317,-7.652036,-1.42,-2.177823
75.24812,-0.02908416,13.17654,-1.45,-3.75701
75.25813,-0.0303183,-0.9818369,-1.42,1.780896
75.26814,-0.02367479,-21.70906,-1.48,5.884326
75.27814,-0.02657822,26.0534,-1.48,-2.568305
75.28815,-0.02670305,-25.11481,-1.46,-2.844927
75.29816,-0.02430264,19.87879,-1.52,-3.494231
75.30817,-0.0190781,-14.4205,-1.47,7.123899
75.31818,-0.02027392,4.10707,-1.55,-3.08422
75.32819,-0.02632269,0.7659726,-1.5,-0.9223681
75.3382,-0.02519407,-6.012395,-1.54,-1.191656
75.34821,-0.02397693,6.681355,-1.53,1.42389
75.35822,-0.02790448,-11.92351,-1.52,2.328826
75.36823,-0.02802056,18.4043,-1.55,-2.402676
75.37824,-0.02702492,-12.9815,-1.5,-1.032379
75.38825,-0.02790741,3.448239,-1.55,-0.5893107
75.39826,-0.02850378,5.999651,-1.51,3.637969
75.40827,-0.02833552,-8.544021,-1.5,-0.2974007
75.41828,-0.0253577,17.00751,-1.52,-3.418062
75.42829,-0.02994979,-15.16559,-1.46,-1.562003
75.4383,-0.03312982,-9.37958,-1.5,4.029836
75.44831,-0.03886439,17.67645,-1.45,1.883908
75.45832,-0.03183267,-17.01839,-1.42,-0.01534002
75.46833,-0.02851722,13.14861,-1.45,-4.801194
75.47834,-0.03080048,-11.77888,-1.39,3.48704
75.48835,-0.02660341,10.19606,-1.42,2.486334
75.49836,-0.01702572,2.268783,-1.37,1.094794
75.50837,-0.01948654,-3.046102,-1.41,-5.070295
75.51838,-0.02528669,-0.968447,-1.38,0.9295533
75.52839,-0.03344719,-8.585226,-1.39,2.12709
75.5384,-0.0293888,32.37779,-1.36,3.135566
75.54841,-0.02857855,-17.55809,-1.34,-1.617659
75.55842,-0.02739224,1.158305,-1.38,-3.868699
75.56843,-0.03187363,8.471074,-1.34,3.675825
75.57844,-0.03344037,-10.24666,-1.32,2.490951
75.58845,-0.02311396,16.24951,-1.34,-0.4669173
75.59846,-0.02429458,-14.64867,-1.3,-5.201308
75.60847,-0.03198921,5.842963,-1.33,0.7316222
75.61848,-0.03348152,6.076594,-1.29,5.491902
75.62849,-0.03002437,-1.242348,-1.28,0.2226109
75.6385,-0.0254008,-2.892529,-1.28,-4.914111
75.64851,-0.0264139,-5.27711,-1.28,-2.040857
75.65852,-0.02831524,30.39392,-1.27,4.279308
75.66853,-0.02226422,-24.4636,-1.23,2.409996
75.67854,-0.02011213,17.02723,-1.3,-3.706876
75.68855,-0.022541,-8.289269,-1.23,-0.08944784
75.69855,-0.02110298,-2.990008,-1.28,0.01506627
75.70856,-0.02414477,15.80376,-1.23,1.455854
75.71857,-0.02942283,-22.78244,-1.24,-1.370117
75.72858,-0.02813119,20.66442,-1.24,1.209705
75.73859,-0.03053527,-5.027864,-1.2,1.581655
75.7486,-0.03426264,8.052999,-1.21,-1.521062
75.75861,-0.03308287,-8.965156,-1.18,-1.432839
75.76862,-0.03272234,8.727815,-1.19,1.349021
75.77863,-0.02757642,0.07614023,-1.15,2.339044
75.78864,-0.02532747,-2.566701,-1.16,-1.216818
75.79865,-0.02359492,10.78117,-1.15,-1.182267
75.80866,-0.02047811,-14.06794,-1.12,-0.9141957
75.81867,-0.02634519,17.81173,-1.15,1.849503
75.82868,-0.02950833,-2.974349,-1.09,2.315896
75.83869,-0.02852213,-6.948655,-1.11,-1.203615
75.8487,-0.02673755,9.645822,-1.11,-3.458898
75.85871,-0.03108496,-3.600296,-1.07,-1.626367
75.86872,-0.03494162,3.356606,-1.07,2.784801
75.87873,-0.02500039,5.877352,-1.04,3.332376
75.88874,-0.01761569,-4.056457,-1.04,-3.956982
75.89875,-0.01853229,4.066848,-1.04,-1.924934
75.90876,-0.02858214,-3.415783,-1.01,1.862159
75.91877,-0.03247461,7.63016,-1,3.50979
75.92878,-0.02624724,-8.348372,-0.97,-2.293926
75.93879,-0.03195153,23.34237,-0.98,-3.643643
75.9488,-0.03710189,-31.16843,-0.9,1.761184
75.95881,-0.03488342,26.47304,-0.96,1.337016
75.96882,-0.023031,-1.283088,-0.84,3.673587
75.97883,-0.01687975,20.90622,-0.91,-5.964995
75.98884,-0.02230422,-11.99716,-0.83,-0.5358208
75.99885,-0.0273337,10.4725,-0.86,1.462212
76.00886,-0.02137845,2.345114,-0.8,5.121345
76.01887,-0.02339063,-0.4238389,-0.82,-2.754485
76.02888,-0.03158817,-3.321852,-0.78,-3.404045
76.03889,-0.03623419,10.75996,-0.76,0.3157458
76.0489,-0.03209805,13.6572,-0.71,5.608454
76.05891,-0.02376437,-20.92332,-0.69,-0.6024973
76.06892,-0.03054386,31.33469,-0.71,-5.822589
76.07893,-0.02828356,-23.27306,-0.61,0.9614758
76.08894,-0.0240127,18.54646,-0.67,2.934148
76.09895,-0.02055187,-3.079521,-0.58,1.780459
76.10896,-0.02364428,-2.022299,-0.6,-3.69963
76.11897,-0.02905417,8.296581,-0.57,-1.604481
76.12897,-0.03195984,-4.564164,-0.53,3.766553
76.13898,-0.02981782,15.0177,-0.53,0.7494788
76.14899,-0.03075864,-6.959554,-0.48,-0.8013924
76.159,-0.03365171,1.923751,-0.48,-2.525049
76.16901,-0.03514855,0.9806407,-0.44,1.101068
76.17902,-0.03584614,15.68017,-0.41,1.831492
76.18903,-0.02346823,-25.9249,-0.38,0.8237683
76.19904,-0.02107988,28.41731,-0.41,-4.176141
76.20905,-0.02554231,-10.75925,-0.32,1.735028
76.21906,-0.02391361,-1.512318,-0.38,0.8919904
76.22907,-0.02417574,15.8832,-0.31,0.9284065
76.23908,-0.02380149,-21.82899,-0.33,-2.05652
76.24909,-0.03374954,29.53446,-0.3,-2.320974
76.2591,-0.03740658,-23.19904,-0.23,2.928097
76.26911,-0.03711154,25.4108,-0.29,-1.120888
76.27912,-0.0328493,-9.742862,-0.19,1.70764
76.28913,-0.03455644,4.488436,-0.22,-2.161059
76.29914,-0.03263881,-2.674859,-0.17,0.972229
76.30915,-0.02762902,13.97492,-0.18,0.1392255
76.31916,-0.01971297,-15.20146,-0.13,1.42775
76.32917,-0.01950102,5.767972,-0.18,-3.767668
76.33918,-0.02806142,8.681434,-0.13,3.36675
76.34919,-0.02422643,-12.96806,-0.12,-0.5961975
76.3592,-0.02332671,27.68382,-0.14,-1.031223
76.36921,-0.03008602,-29.44978,-0.09,-1.812113
76.37922,-0.03023978,26.43987,-0.13,1.546487
76.38923,-0.02982302,-17.64575,-0.06,0.4870126
76.39924,-0.02915587,13.42738,-0.11,-0.8703932
76.40925,-0.02801505,-9.285988,-0.05,-2.481458
76.41926,-0.03493429,11.84015,-0.08,1.120719
76.42927,-0.0296964,-14.28248,-0.03,2.38708
76.43928,-0.02846665,29.8624,-0.06,0.3924485
76.44929,-0.02140875,-17.74081,-0.01,-1.239244
76.4593,-0.02504539,3.371385,-0.07,-3.121473
76.46931,-0.03306019,12.79795,-0.01,3.245774
76.47932,-0.02577882,-20.99099,-0.01,0.8194475
76.48933,-0.02360766,24.22065,-0.05,-1.328002
76.49934,-0.02446183,-27.84395,0,-2.051034
76.50935,-0.02940851,25.7477,-0.05,2.043337
76.51936,-0.02345212,-21.82988,0.01,2.27868
76.52937,-0.028876,20.2391,-0.04,-0.713338
76.53938,-0.02806896,-16.19485,0.01,-2.992463
76.54939,-0.03542946,13.7928,-0.03,1.752714
76.55939,-0.02941935,-12.05627,0.01,1.681366
76.5694,-0.03029626,22.86887,-0.01,1.058823
76.57941,-0.02944191,-23.38111,0.03,-4.477812
76.58942,-0.02856427,11.72203,-0.03,2.021778
76.59943,-0.02534279,11.96444,0.05,0.5579953
76.60944,-0.02105132,-28.25683,0,0.867619
76.61945,-0.02179866,29.51297,0,-4.638149
76.62946,-0.02689538,-27.76041,0.03,2.305016
76.63947,-0.03248645,20.55447,-0.01,0.3895694
76.64948,-0.03154317,-7.163876,0.04,2.292943
76.65949,-0.02997522,6.303963,0,-1.791145
76.6695,-0.0329833,-2.459389,0.03,-2.294821
76.67951,-0.03455511,-2.846002,0.02,2.496726
76.68952,-0.03073735,8.439829,0.03,0.6990209
76.69953,-0.0249809,-5.473778,0.04,1.685676
76.70954,-0.02297495,4.562925,0.02,-3.586265
76.71955,-0.02490117,-7.667844,0.03,0.8226615
76.72956,-0.03130177,19.05403,0.03,1.099589
76.73957,-0.02537963,-30.47186,0.06,2.75586
76.74958,-0.03019566,31.71878,0,-5.48341
76.75959,-0.03669972,-15.69335,0.09,3.373896
76.7696,-0.02804274,8.625415,0.01,-0.7687616
76.77961,-0.02407673,4.620666,0.07,0.9601981
76.78962,-0.027403,-13.5066,0.03,-1.494722
76.79963,-0.02658381,20.61885,0.04,1.388888
76.80964,-0.02681565,-22.15628,0.05,1.726248
76.81965,-0.02817685,20.39954,0.02,-2.587665
76.82966,-0.0277891,-17.02229,0.05,0.2279328
76.83967,-0.02810059,18.74146,0.03,0.3885413
76.84968,-0.02242869,-16.28621,0.05,3.189622
76.85969,-0.02571004,18.45327,0.01,-2.854384
76.8697,-0.02502004,-19.97449,0.06,0.620154
76.87971,-0.02548015,13.5657,0,-1.326586
76.88972,-0.02529897,-0.3236347,0.06,3.58842
76.89973,-0.02282102,-17.56325,0.03,-1.124275
76.90974,-0.02692181,25.0277,0.01,-1.510141
76.91975,-0.0282728,-22.15285,0.08,-0.1251194
76.92976,-0.02764077,14.32357,0.01,1.209964
76.93977,-0.02615039,-4.920572,0.07,2.614688
76.94978,-0.02676803,5.307559,0.05,-1.576242
76.95979,-0.02252099,-6.595572,0.07,-2.380801
76.9698,-0.02426373,8.200464,0.07,-1.208235
76.9798,-0.01855602,-0.559084,0.1,6.339862
76.98981,-0.01759908,1.327245,0.1,-0.974049
76.99982,-0.02167339,-0.8049815,0.13,-2.125567
77.00983,-0.02226362,2.935853,0.13,0.1582084
77.01984,-0.02380988,16.28702,0.19,4.409961
77.02985,-0.02081744,-26.99875,0.19,-0.837209
77.03986,-0.03025598,43.92946,0.22,-4.114971
77.04987,-0.03183752,-10.49813,0.31,-0.1546356
77.05988,-0.03378,-1.389915,0.29,0.7172116
77.06989,-0.02132702,20.22337,0.35,4.15999
77.0799,-0.0258817,-2.525001,0.42,-1.959934
77.08991,-0.01794845,0.8745003,0.42,-2.216548
77.09992,-0.01913277,5.309848,0.47,-1.33942
77.10993,-0.02423326,4.026838,0.52,3.307159
77.11994,-0.02610225,5.321185,0.56,0.4171977
77.12995,-0.02613341,7.197048,0.61,-0.9092255
77.13996,-0.02675742,1.766037,0.66,-1.837271
77.14997,-0.03400665,11.14067,0.71,0.6816309
77.15998,-0.03456018,-3.237534,0.78,5.359471
77.16999,-0.02763128,17.13183,0.81,-1.346824
77.18,-0.02370663,3.336165,0.88,-0.8826898
77.19001,-0.02498866,-7.948532,0.91,-2.878692
77.20002,-0.02074169,24.75118,0.96,4.572104
77.21003,-0.02283464,-13.29512,1.03,1.554643
77.22004,-0.0221385,1.430276,1.03,-3.04081
77.23005,-0.02522743,15.27793,1.11,-3.640406
77.24006,-0.03315701,-3.630716,1.16,2.409851
77.25007,-0.02766349,-1.256071,1.18,2.650981
77.26008,-0.03204339,15.27877,1.24,-0.7322132
77.27009,-0.03218532,-3.611298,1.31,-1.42864
77.2801,-0.03140321,6.165656,1.33,-1.403824
77.29011,-0.02861648,6.563279,1.4,3.814248
77.30012,-0.02689355,-5.016977,1.44,-1.112359
77.31013,-0.02279037,17.02796,1.46,-0.4467393
77.32014,-0.01823224,-11.17202,1.52,-1.689141
77.33015,-0.02374046,14.3386,1.51,1.813039
77.34016,-0.02737238,-1.811697,1.59,1.97272
77.35017,-0.02372311,-0.3902621,1.59,1.24213
77.36018,-0.01916792,11.97937,1.61,-4.035619
77.37019,-0.02766511,-2.620163,1.67,-3.352948
77.3802,-0.03543134,-0.02521845,1.68,3.073853
77.39021,-0.02418246,12.14016,1.71,2.248611
77.40022,-0.01992231,1.606082,1.74,-1.340619
77.41022,-0.02130238,-13.9925,1.75,-3.693414
77.42023,-0.02747098,16.96964,1.74,0.9621322
77.43024,-0.02964336,-8.531915,1.82,3.291456
77.44025,-0.02306204,10.58128,1.78,1.795521
77.45026,-0.01794388,-1.110125,1.82,-5.046526
77.46027,-0.02962615,-17.68229,1.82,-2.189401
77.47028,-0.03334355,18.03497,1.83,2.207491
77.48029,-0.02586644,-3.994481,1.87,4.864237
77.4903,-0.01966498,-0.6453045,1.84,-0.9677688
77.50031,-0.02449536,2.681389,1.87,-5.661105
77.51032,-0.02712411,-13.45555,1.86,0.856553
77.52033,-0.02915971,19.1579,1.87,1.27007
77.53034,-0.02026289,-7.700631,1.9,6.333001
77.54035,-0.01872101,-11.0441,1.85,-5.55268
77.55036,-0.02859049,6.971576,1.87,-3.959768
77.56037,-0.03140484,-5.093869,1.89,2.271127
77.57038,-0.02262786,-1.629626,1.87,5.187961
77.58039,-0.01514771,2.791889,1.86,-1.436454
77.5904,-0.02033517,3.27734,1.86,-6.451982
77.60041,-0.02219706,-17.01353,1.84,1.933845
77.61042,-0.02541648,27.79103,1.83,2.881958
77.62043,-0.01776789,-26.14538,1.85,4.619506
77.63044,-0.01817909,14.83872,1.77,-8.497997
77.64045,-0.02894434,-12.29369,1.83,-1.786029
77.65046,-0.02878877,-8.824262,1.77,3.651822
77.66047,-0.02147176,12.21413,1.78,5.495928
77.67048,-0.01300037,-30.59,1.76,-3.745692
77.68049,-0.02111045,32.7816,1.74,-6.235816
77.6905,-0.02062898,-33.70198,1.78,5.271099
77.70051,-0.01716927,21.75386,1.7,1.368928
77.71052,-0.01329892,-4.039839,1.74,3.541664
77.72053,-0.01192967,2.976076,1.68,-6.563376
77.73054,-0.01368664,-18.65407,1.69,1.040286
77.74055,-0.0186792,17.93978,1.65,0.6746682
77.75056,-0.0194908,10.70979,1.7,3.670171
77.76057,-0.01629093,-18.09001,1.67,-1.933203
77.77058,-0.02147358,28.06447,1.65,-4.084733
77.78059,-0.02550623,-30.98027,1.67,0.756011
77.7906,-0.02729161,29.85224,1.64,1.744548
77.80061,-0.01813714,-24.63612,1.7,2.809416
77.81062,-0.02050521,19.04187,1.63,-5.064968
77.82063,-0.02148524,-13.57973,1.71,1.106604
77.83064,-0.02458016,3.439986,1.66,0.3720747
77.84064,-0.0186389,13.42871,1.7,2.958158
77.85065,-0.0148622,-19.04766,1.68,0.1792075
77.86066,-0.01633408,11.69034,1.66,-4.306096
77.87067,-0.02246591,-3.052837,1.71,1.705868
77.88068,-0.01619886,-3.471506,1.69,0.5390853
77.89069,-0.01096774,3.079635,1.68,-0.1477548
77.9007,-0.01420934,5.965872,1.69,-1.018229
77.91071,-0.01124113,-16.40986,1.7,1.432877
77.92072,-0.01393801,15.52733,1.66,0.3332483
77.93073,-0.01601453,-3.893552,1.71,-0.1892032
77.94074,-0.01736124,-1.201524,1.68,-0.8737736
77.95075,-0.02193468,5.991263,1.7,-0.2438329
77.96076,-0.02701375,-14.21157,1.72,1.683887
77.97077,-0.02390801,14.35553,1.72,-0.5686707
77.98078,-0.01658905,-5.063457,1.76,2.350491
77.99079,-0.01527749,5.494881,1.74,-1.710298
78.0008,-0.01731077,-1.812368,1.78,0.4464981
78.01081,-0.01623433,6.632631,1.78,0.2789963
78.02082,-0.01196996,5.971196,1.81,2.918901
78.03083,-0.01109671,-11.7593,1.8,-1.235191
78.04084,-0.01687672,19.09516,1.81,-2.324845
78.05085,-0.01758176,-8.954579,1.85,1.411682
78.06086,-0.01545689,6.923473,1.83,-0.3727951
78.07087,-0.01569344,3.561313,1.87,1.601656
78.08088,-0.01627198,-5.085442,1.88,-1.908632
78.09089,-0.01946106,8.826342,1.89,0.07871123
78.1009,-0.01948266,-0.7040268,1.93,0.1167518
78.11091,-0.01475058,-1.729173,1.93,2.160424
78.12092,-0.0153943,7.791626,1.95,-1.95527
78.13093,-0.01688173,-3.72371,1.98,0.692817
78.14094,-0.01395126,4.317014,1.98,-2.313341
78.15095,-0.01764389,-0.6767642,2.01,2.304552
78.16096,-0.02105243,-5.624106,2.02,0.4203428
78.17097,-0.01700046,9.50803,2.04,0.1942165
78.18098,-0.01434365,-9.272413,2.05,-3.864609
78.19099,-0.01779801,13.47283,2.06,1.031978
78.201,-0.01943236,-14.49373,2.09,3.778499
78.21101,-0.01747744,18.3418,2.08,-0.8514628
78.22102,-0.01419027,-16.84298,2.12,-2.924193
78.23103,-0.01831812,20.38421,2.1,0.01410702
78.24104,-0.0196493,-23.78914,2.16,4.892263
78.25105,-0.01904739,19.50311,2.13,-1.669737
78.26105,-0.01575868,-12.39373,2.19,-1.754981
78.27106,-0.01833586,6.302115,2.15,-2.654374
78.28107,-0.01749105,0.3674656,2.2,5.305751
78.29108,-0.01579877,-1.719055,2.2,-1.626406
78.30109,-0.01364794,6.408416,2.21,-1.958377
78.3111,-0.01438914,-6.690196,2.23,-1.067511
78.32111,-0.0134554,5.30567,2.22,3.886133
78.33112,-0.01395577,5.06959,2.24,0.6718435
78.34113,-0.01159991,-5.592546,2.25,-2.367296
78.35114,-0.01121433,4.957004,2.24,-2.130753
78.36115,-0.01722316,3.747117,2.27,1.764266
78.37116,-0.0189441,-3.435014,2.26,1.878958
78.38117,-0.01944236,7.198166,2.29,-1.516716
78.39118,-0.0176907,-9.452161,2.28,-3.814189
78.40119,-0.02411867,14.85958,2.31,2.604247
78.4112,-0.0225105,-15.22786,2.32,0.7394767
78.42121,-0.01613382,13.34932,2.32,-1.50252
78.43122,-0.01540203,-13.83085,2.34,-3.880263
78.44123,-0.01861409,17.81753,2.33,3.718535
78.45124,-0.01786947,-9.811931,2.36,3.705095
78.46125,-0.01243435,9.534146,2.33,-2.360102
78.47126,-0.01012062,-7.569062,2.36,-4.657672
78.48127,-0.01696915,2.743168,2.33,1.687065
78.49128,-0.01789735,-0.9273753,2.35,5.391304
78.50129,-0.0136474,1.372196,2.34,-3.111116
78.5113,-0.01462564,1.231803,2.34,-3.807216
78.52131,-0.02031526,-7.612375,2.33,1.375242
78.53132,-0.01893301,10.61341,2.32,5.153205
78.54133,-0.01324367,-10.79087,2.34,-1.694693
78.55134,-0.01165316,5.527197,2.3,-4.6879
78.56135,-0.01769917,-6.24432,2.32,1.098804
78.57136,-0.01605595,2.482174,2.29,4.504378
78.58137,-0.01050147,-0.03886715,2.31,1.070102
78.59138,-0.01042012,-9.466852,2.28,-4.720932
78.60139,-0.01290118,0.5103641,2.26,-0.887283
78.6114,-0.01910827,6.382832,2.27,3.557752
78.62141,-0.0156519,-10.32781,2.26,0.8224741
78.63142,-0.01546485,7.800603,2.23,-2.212995
78.64143,-0.01567193,-9.427027,2.24,-3.388169
78.65144,-0.02086722,7.139059,2.21,3.363727
78.66145,-0.01961686,-5.38112,2.23,2.722953
78.67146,-0.01215225,-1.783929,2.18,-0.6504945
78.68147,-0.01353349,-0.1340324,2.18,-4.940769
78.69147,-0.01754286,-8.297812,2.16,2.697186
78.70148,-0.01297446,5.213127,2.14,3.440517
78.71149,-0.009157269,-7.145852,2.13,0.9784021
78.7215,-0.01000509,1.828464,2.09,-7.247516
78.73151,-0.01558376,-6.884791,2.08,2.401866
78.74152,-0.01513448,1.31973,2.05,4.183628
78.75153,-0.01130391,-0.7233924,2.04,1.146343
78.76154,-0.01322299,-7.10202,2,-3.480759
78.77155,-0.01380393,0.2431883,1.97,-2.911417
78.78156,-0.01744185,-3.583586,1.95,4.891441
78.79157,-0.01701835,0.6035332,1.93,1.629916
78.80158,-0.01435896,-6.7208,1.9,-1.516231
78.81159,-0.01760542,-1.042417,1.86,-6.29219
78.8216,-0.02392499,-3.501344,1.84,4.312457
78.83161,-0.02140202,-7.866735,1.8,2.310072
78.84162,-0.01569557,10.83989,1.77,-0.6839412
78.85163,-0.01352726,-19.31943,1.73,-4.051249
78.86164,-0.01123202,4.637261,1.65,1.204764
78.87165,-0.01069697,-8.731568,1.64,3.981326
78.88166,-0.006267003,-9.373779,1.56,-2.185279
78.89167,-0.005565313,-5.377728,1.51,-1.004465
78.90168,-0.01046071,-6.824975,1.47,-0.4154115
78.91169,-0.008991921,2.158531,1.41,3.634361
78.9217,-0.01014648,-12.76021,1.36,-1.229298
78.93171,-0.01133174,-3.778705,1.27,-2.459411
78.94172,-0.01144511,-5.113543,1.23,-0.7361266
78.95173,-0.01264697,-4.79878,1.17,2.449342
78.96174,-0.01167291,-11.83792,1.11,2.451704
78.97175,-0.01300298,4.282813,1.06,-2.182884
78.98176,-0.01010063,-17.86815,1.01,-1.189832
78.99177,-0.01016591,9.0942,0.94,-0.5679376
79.00178,-0.007622531,-23.54774,0.9,3.077513
79.01179,-0.008257493,18.01922,0.81,-1.14162
79.0218,-0.005481501,-27.88754,0.8,-0.1631421
79.03181,-0.007593899,11.77503,0.69,-1.435321
79.04182,-0.007931313,-13.11296,0.7,1.662208
79.05183,-0.01125703,-9.437435,0.6,1.637622
79.06184,-0.01064256,3.360559,0.57,-0.6554463
79.07185,-0.01161288,-14.48729,0.54,-1.183028
79.08186,-0.01281026,9.318142,0.47,-0.7210588
79.09187,-0.008832103,-21.34251,0.46,1.883722
79.10188,-0.009432661,15.98752,0.38,0.1416546
79.11189,-0.007328442,-22.56041,0.4,-1.13819
79.12189,-0.009979092,10.89322,0.3,-0.9318883
79.1319,-0.006967287,-13.06941,0.32,2.718465
79.14191,-0.008633961,1.893124,0.25,0.1163806
79.15192,-0.008585044,-1.817307,0.25,-2.105815
79.16193,-0.007138757,-18.86102,0.2,-0.05900941
79.17194,-0.00790163,18.66739,0.17,0.3948453
79.18195,-0.009991438,-22.28939,0.17,3.577801
79.19196,-0.01022965,9.128459,0.11,-3.182967
79.20197,-0.009641994,-9.169601,0.12,-1.402416
79.21198,-0.009981662,5.509995,0.08,0.07816128
79.22199,-0.003493783,-16.99989,0.07,3.742632
79.232,-0.006501297,15.86636,0.03,-2.116361
79.24201,-0.006812308,-19.60614,0.05,-1.937814
79.25202,-0.007382522,2.605995,0,-0.5059406
79.26203,-0.005859039,2.693706,0,3.188077
79.27204,-0.005142445,-12.38451,-0.01,0.5543527
79.28205,-0.008583522,13.73809,-0.04,-2.630891
79.29206,-0.008585243,-18.02138,-0.02,-1.172502
79.30207,-0.01023105,18.26763,-0.07,1.794281
79.31208,-0.006443798,-20.0599,-0.03,2.583442
79.32209,-0.01183003,15.71971,-0.1,-3.205721
79.3321,-0.01190772,-13.74429,-0.05,-1.196487
79.34211,-0.01012732,11.75572,-0.1,0.1543214
79.35212,-0.008668662,-9.400458,-0.06,3.203533
79.36213,-0.01385392,-9.086358,-0.1,-0.8864241
79.37214,-0.01257844,14.89653,-0.07,-2.399409
79.38215,-0.00603038,-22.09462,-0.09,-0.8306175
79.39216,-0.005616316,28.46998,-0.1,1.25162
79.40217,-0.004504364,-41.94876,-0.09,2.658126
79.41218,-0.008312512,40.83387,-0.14,-3.983556
79.42219,-0.004624451,-31.61058,-0.06,0.6784887
79.4322,-0.006395168,14.75001,-0.16,-2.340111
79.44221,-0.008632056,-3.011815,-0.1,5.221446
79.45222,-0.01713401,-6.977988,-0.15,0.8639104
79.46223,-0.01914549,2.584504,-0.14,-1.871116
79.47224,-0.02106368,-0.4886394,-0.14,-3.913543
79.48225,-0.0213945,-0.3387093,-0.15,1.578156
79.49226,-0.02107565,-8.898824,-0.16,3.721591
79.50227,-0.02285564,9.596743,-0.18,-1.225002
79.51228,-0.01902392,-18.16609,-0.17,-3.534513
79.52229,-0.01557857,18.29406,-0.24,-0.371572
79.5323,-0.008187413,-26.5908,-0.22,5.308994
79.5423,-0.01232936,15.2907,-0.33,-0.6755812
79.55231,-0.0105377,-21.58963,-0.31,-2.862336
79.56232,-0.01129706,-2.332852,-0.42,-3.245071
79.57233,-0.007265236,-1.890729,-0.43,1.744382
79.58234,-0.01076559,-18.12791,-0.52,3.118393
79.59235,-0.01344018,5.005114,-0.57,-1.235315
79.60236,-0.01342657,-21.2049,-0.64,-1.658797
79.61237,-0.009926401,13.22549,-0.71,-1.14517
79.62238,-0.008193909,-32.68697,-0.77,3.180054
79.63239,-0.01220649,15.33115,-0.88,-1.296306
79.6424,-0.01199963,-27.14423,-0.9,-0.9260153
79.65241,-0.009346843,-4.291944,-1.04,-1.5647
79.66242,-0.00480531,-5.638579,-1.09,2.066876
79.67243,-0.008137964,-16.872,-1.18,-0.5636359
79.68244,-0.01080551,-0.6611037,-1.27,-0.3756332
79.69245,-0.01063802,-9.534329,-1.33,0.3704755
79.70246,-0.00183811,-9.591455,-1.43,0.6316406
79.71247,-0.003092284,-7.073918,-1.52,-1.947138
79.72248,-0.01092593,-8.983157,-1.6,0.5095352
79.73249,-0.008093487,-8.970137,-1.68,0.5004207
79.7425,-0.006048134,-1.035793,-1.76,0.4627329
79.75251,-0.003084234,-19.05659,-1.83,-1.220731
79.76252,-0.007536793,6.344685,-1.94,-1.884362
79.77253,-0.008672946,-21.8603,-1.97,1.974135
79.78254,-0.005529433,5.468085,-2.09,-0.6020499
79.79255,-0.002785892,-13.66301,-2.12,-0.8961106
79.80256,-0.007282197,-3.939207,-2.23,-2.10508
79.81257,-0.008852391,-8.486095,-2.26,2.241272
79.82258,-0.008339393,-4.699737,-2.35,-0.0729332
79.83259,-0.007178129,-0.7763966,-2.38,-1.263032
79.8426,-0.009379085,-16.69838,-2.46,-0.4989943
79.85261,-0.01405074,15.5232,-2.5,0.1564516
79.86262,-0.01446749,-26.50056,-2.53,2.984053
79.87263,-0.01431232,19.20044,-2.64,-2.705755
79.88264,-0.006276001,-24.05791,-2.62,0.8696412
79.89265,-0.007188873,7.170889,-2.73,-2.362607
79.90266,-0.006223934,-8.224039,-2.73,3.125973
79.91267,-0.007869516,-9.908199,-2.8,-0.4858028
79.92268,-0.005277621,6.339627,-2.84,-0.01749743
79.93269,-0.007175071,-13.87379,-2.87,-0.3816726
79.9427,-0.008779259,4.152761,-2.93,-0.8120001
79.95271,-0.01200094,-8.973487,-2.95,1.649055
79.96272,-0.01513788,5.432065,-3,-0.329145
79.97272,-0.01030632,-13.82098,-3.02,0.6236081
79.98273,-0.01082773,7.31068,-3.08,-2.23915
79.99274,-0.01212774,-12.95276,-3.08,0.8229176
80.00275,-0.01342827,5.668148,-3.14,1.201181
80.01276,-0.007735875,-4.247859,-3.13,1.451189
80.02277,-0.007961671,-2.409363,-3.2,-1.212269
80.03278,-0.01199353,-0.2968009,-3.2,-2.412338
80.04279,-0.01475858,-5.874072,-3.24,2.850157
80.0528,-0.01046245,9.413401,-3.25,1.098801
80.06281,-0.01042891,-14.34652,-3.28,0.5022097
80.07282,-0.01439735,7.731941,-3.33,-4.081595
80.08283,-0.01788227,-11.2123,-3.32,1.912093
80.09284,-0.01847395,7.742025,-3.37,1.780046
80.10285,-0.01289691,-8.525813,-3.36,1.369328
80.11286,-0.01208595,0.245658,-3.41,-4.459834
80.12287,-0.01665526,-3.624295,-3.41,-0.5395426
80.13288,-0.01750494,-4.632956,-3.44,2.140295
80.14289,-0.01240006,11.40829,-3.46,1.515093
80.1529,-0.009720318,-20.64196,-3.46,-2.60103
80.16291,-0.01310734,13.89467,-3.53,-2.044939
80.17292,-0.01329793,-6.766516,-3.5,4.581358
80.18293,-0.01306622,-3.135211,-3.56,0.2147975
80.19294,-0.01243718,3.143745,-3.55,-1.741341
80.20295,-0.01556822,1.325351,-3.58,-2.263355
80.21296,-0.01646727,-9.602001,-3.59,1.556621
80.22297,-0.02019482,9.688968,-3.62,2.029464
80.23298,-0.01894783,-8.285649,-3.61,0.2627876
80.24299,-0.02206885,5.26398,-3.65,-3.310309
80.253,-0.0205145,0.7877072,-3.63,0.01925334
80.26301,-0.01827599,-5.960411,-3.66,2.450248
80.27302,-0.02017645,3.913003,-3.68,0.5463074
80.28303,-0.01921286,-8.633107,-3.68,-2.430836
80.29304,-0.01834787,8.907211,-3.7,-0.9181651
80.30305,-0.01358367,-12.43057,-3.7,2.112716
80.31306,-0.01812136,8.089776,-3.74,1.392689
80.32307,-0.0206,-11.67652,-3.72,0.5025216
80.33308,-0.01821971,10.47694,-3.77,-2.435612
80.34309,-0.01704803,-9.065569,-3.75,0.1409034
80.3531,-0.02203408,-7.127168,-3.79,0.9078933
80.36311,-0.02428864,15.5173,-3.81,2.855494
80.37312,-0.02176623,-11.57202,-3.78,-0.05890839
80.38313,-0.01838453,2.258432,-3.84,-4.338581
80.39314,-0.01661123,-0.2379664,-3.83,1.446347
80.40314,-0.02213043,-4.191243,-3.84,3.004517
80.41315,-0.0189112,-3.791738,-3.86,0.2046742
80.42316,-0.01798021,10.14656,-3.87,-5.654032
80.43317,-0.0159819,-17.06303,-3.87,2.025766
80.44318,-0.02146105,16.44448,-3.92,2.918309
80.45319,-0.02192947,-18.08727,-3.88,2.598362
80.4632,-0.02467779,7.143051,-3.95,-5.198476
80.47321,-0.02150813,-0.8542369,-3.91,-0.3449032
80.48322,-0.01966624,-5.425444,-3.95,1.634113
80.49323,-0.01915569,9.629663,-3.94,1.323819
80.50324,-0.02227216,-19.2789,-3.95,-0.8222048
80.51325,-0.0259396,18.31754,-3.96,-3.071032
80.52326,-0.02194841,-18.89315,-3.95,3.395221
80.53327,-0.02012346,25.02822,-3.98,-0.3437629
80.54328,-0.02083233,-25.11749,-3.95,0.8780065
80.55329,-0.02846797,3.313461,-4.01,-2.827158
80.5633,-0.02903987,4.239638,-3.96,1.904663
80.57331,-0.02547579,-4.925382,-3.97,1.61686
80.58332,-0.01970828,0.9058977,-3.98,-2.564771
80.59333,-0.02528284,3.934139,-3.98,-1.885265
80.60334,-0.02649857,-8.486686,-3.96,1.133107
80.61335,-0.02030921,8.330047,-3.99,3.060914
80.62336,-0.01720842,1.582105,-3.97,-0.4260116
80.63337,-0.02178811,-12.31133,-3.98,-2.769489
80.64338,-0.023948,13.85783,-4,-1.103522
80.65339,-0.0237019,-11.2122,-3.96,4.128059
80.6634,-0.02339973,11.46873,-3.99,1.612275
80.67341,-0.02085641,-6.338171,-3.96,-1.317201
80.68342,-0.02433245,2.897968,-3.98,-4.09658
80.69343,-0.02796198,-3.357897,-3.95,-0.07060521
80.70344,-0.03013351,4.330719,-3.95,5.505696
80.71345,-0.02424487,3.467516,-3.92,0.4342376
80.72346,-0.0248106,-3.31058,-3.93,-4.483942
80.73347,-0.03370225,6.909379,-3.9,-3.456623
80.74348,-0.03473217,0.373331,-3.88,7.450358
80.75349,-0.02737742,-0.4072917,-3.87,2.570587
80.7635,-0.02615254,8.309382,-3.86,-4.104722
80.77351,-0.03162237,-5.349852,-3.82,-1.2604
80.78352,-0.0252445,3.62997,-3.83,3.191409
80.79353,-0.02781872,13.9567,-3.79,2.988652
80.80354,-0.01928324,-19.47627,-3.77,-1.452757
80.81355,-0.02720294,18.30583,-3.81,-5.57945
80.82355,-0.03661468,-6.142919,-3.73,1.215386
80.83356,-0.03749769,2.266446,-3.74,5.289847
80.84357,-0.02261183,4.905361,-3.72,1.378111
80.85358,-0.02374496,-2.218496,-3.7,-5.2231
80.86359,-0.03110182,-0.7817746,-3.69,-4.76614
80.8736,-0.03231812,9.770557,-3.66,6.800378
80.88361,-0.02759228,-2.000491,-3.63,2.431903
80.89362,-0.02775155,8.286359,-3.63,-2.412761
80.90363,-0.03163316,-3.263044,-3.59,-5.342546
80.91364,-0.03223233,7.154014,-3.59,4.501438
80.92365,-0.02975645,0.3412384,-3.54,1.046625
80.93366,-0.03508439,4.097754,-3.54,-0.05962312
80.94367,-0.03069182,4.284436,-3.48,-2.180698
80.95368,-0.03394235,-7.924784,-3.48,-0.9263715
80.96369,-0.03889755,16.11711,-3.45,2.072561
80.9737,-0.03477691,-5.872642,-3.39,3.979869
80.98371,-0.02979036,5.419693,-3.39,-3.225479
80.99372,-0.03236115,3.518843,-3.35,-3.969414
81.00373,-0.0380232,-0.6065261,-3.32,2.294387
81.01374,-0.03213395,1.179749,-3.3,2.605546
81.02375,-0.0335035,20.02315,-3.27,-0.3010649
81.03376,-0.02464999,-22.45138,-3.22,-1.918655
81.04377,-0.03095916,25.34902,-3.26,-0.05561579
81.05378,-0.0332855,-12.81887,-3.15,2.707091
81.06379,-0.02857425,-7.333766,-3.2,0.2384736
81.0738,-0.0302409,18.01583,-3.13,-4.060397
81.08381,-0.0329082,-16.71375,-3.13,2.379311
81.09382,-0.03488914,25.11007,-3.1,-0.4449652
81.10383,-0.03135491,-15.71948,-3.06,2.528744
81.11384,-0.03550712,13.68329,-3.06,-4.12468
81.12385,-0.03824726,-6.320459,-3.01,0.7523245
81.13386,-0.0310687,13.33247,-3,1.525913
81.14387,-0.03076821,-5.976096,-2.96,-0.9215136
81.15388,-0.03407604,4.576335,-2.95,-1.487357
81.16389,-0.03539418,2.153401,-2.9,-0.3991619
81.1739,-0.03672424,8.944146,-2.88,5.608046
81.18391,-0.0304363,-8.274664,-2.84,-1.541631
81.19392,-0.03709668,10.3339,-2.84,-4.279104
81.20393,-0.04072303,-1.874765,-2.78,1.148176
81.21394,-0.03156125,1.83733,-2.77,4.210578
81.22395,-0.02806591,9.561172,-2.74,-1.328395
81.23396,-0.03125704,-3.55143,-2.71,-2.800726
81.24397,-0.0315369,-0.5745335,-2.69,-1.322964
81.25397,-0.03523003,21.39062,-2.66,4.919283
81.26398,-0.02492005,-17.553,-2.6,1.578257
81.27399,-0.0311271,16.04026,-2.63,-2.659708
81.284,-0.03259187,4.345637,-2.53,-2.151131
81.29401,-0.03705352,-8.825089,-2.55,2.774311
81.30402,-0.03351933,29.9615,-2.48,2.244109
81.31403,-0.03286333,-25.49376,-2.44,0.8771106
81.32404,-0.03417543,24.83741,-2.45,-6.216853
81.33405,-0.03784079,-15.7371,-2.36,3.47145
81.34406,-0.03419555,23.81212,-2.35,4.409902
81.35407,-0.02476489,-2.894332,-2.27,0.9464052
81.36408,-0.02415812,5.601449,-2.26,-5.058997
81.37409,-0.02889886,3.076115,-2.2,-1.66815
81.3841,-0.0345929,6.74764,-2.16,6.632952
81.39411,-0.02823609,2.529359,-2.1,-0.7627829
81.40412,-0.0337739,16.58877,-2.06,-2.904358
81.41413,-0.0271831,-9.179885,-1.99,-1.173057
81.42414,-0.02971964,17.8338,-1.97,4.553108
81.43415,-0.02894508,4.943567,-1.86,1.957061
81.44416,-0.02758746,-5.165079,-1.83,-5.517501
81.45417,-0.03402132,20.26613,-1.78,-2.452765
81.46418,-0.04038295,9.931512,-1.67,2.612983
81.47419,-0.03563835,-7.221372,-1.62,5.461519
81.4842,-0.03190662,16.85504,-1.56,-2.222168
81.49421,-0.03643506,2.682575,-1.46,-1.724822
81.50422,-0.03482722,6.644018,-1.42,0.3073557
81.51423,-0.037773,14.29733,-1.31,4.886339
81.52424,-0.03608586,-8.366833,-1.26,-0.9562533
81.53425,-0.03749787,28.16428,-1.19,-3.644223
81.54426,-0.03500271,-15.76287,-1.1,1.424787
81.55427,-0.03495238,21.18474,-1.07,0.7541195
81.56428,-0.03062269,-6.927332,-0.95,1.25358
81.57429,-0.0339435,18.49485,-0.94,-2.109983
81.5843,-0.03222861,-1.285368,-0.83,0.6634168
81.59431,-0.0347835,9.388787,-0.81,0.6578731
81.60432,-0.03263627,4.709684,-0.73,0.4008653
81.61433,-0.03946117,9.990563,-0.69,-1.342741
81.62434,-0.04189028,-6.787624,-0.61,0.1368171
81.63435,-0.03886332,21.90368,-0.59,2.056432
81.64436,-0.03532761,-8.46216,-0.49,0.3838442
81.65437,-0.03081676,7.487478,-0.5,-4.42593
81.66438,-0.0342463,33.84513,-0.42,2.450155
81.67439,-0.03461617,-34.34689,-0.38,0.2645142
81.68439,-0.02992304,38.15286,-0.38,3.245886
81.6944,-0.02733585,-11.52537,-0.29,-3.354312
81.70441,-0.03153242,-5.83994,-0.32,-4.475435
81.71442,-0.04129397,11.37562,-0.26,4.186064
81.72443,-0.03634135,8.349392,-0.21,6.421917
81.73444,-0.02593438,-9.232174,-0.21,-2.097284
81.74445,-0.03361329,16.60934,-0.18,-6.359212
81.75446,-0.03843547,-21.45515,-0.15,1.12838
81.76447,-0.04098766,27.61264,-0.16,4.480319
81.77448,-0.02816256,-21.34392,-0.07,0.08969869
81.78449,-0.02698718,23.41599,-0.13,-5.458787
81.7945,-0.02978628,-18.86494,-0.04,0.4873855
81.80451,-0.03637219,16.40838,-0.08,3.286134
81.81452,-0.02712631,-8.622161,-0.01,3.160703
81.82453,-0.02352368,12.97253,-0.04,-5.840124
81.83454,-0.02841604,-6.199647,0,-0.1901316
81.84455,-0.02720069,9.510974,0,1.351831
81.85456,-0.02054044,-1.656073,0.03,3.566208
81.86457,-0.02762547,12.89355,0.04,-3.032351
81.87458,-0.02539118,-13.21686,0.07,-0.359217
81.88459,-0.02701088,26.52356,0.08,0.2972554
81.8946,-0.02236309,-24.96833,0.14,2.938434
81.90461,-0.02807702,27.34328,0.12,-3.758213
81.91462,-0.0335243,-7.43679,0.23,0.7539478
81.92463,-0.03081208,4.206923,0.2,0.971419
81.93464,-0.02875274,13.61245,0.3,-0.2057422
81.94465,-0.03554171,-11.69426,0.32,-1.741185
81.95466,-0.03296353,14.47166,0.37,1.034654
81.96467,-0.0347421,-1.623319,0.45,2.237592
81.97468,-0.02441663,6.990303,0.47,-0.9200227
81.98469,-0.02612031,12.76758,0.54,-3.840274
81.9947,-0.02805095,-5.153311,0.59,3.375549
82.00471,-0.02692146,26.34624,0.64,1.894432
82.01472,-0.02216452,-20.60704,0.71,0.1256068
82.02473,-0.02940352,28.18403,0.73,-6.933228
82.03474,-0.03181936,-15.73276,0.83,3.303451
82.04475,-0.03268173,29.25272,0.86,3.10882
82.05476,-0.02628508,-8.053592,0.95,1.797591
82.06477,-0.02715675,18.12856,0.97,-3.632365
82.07478,-0.02790895,-5.357683,1.08,-1.83408
82.08479,-0.03253207,13.93985,1.1,2.557302
82.0948,-0.0303879,3.84761,1.2,2.892168
82.1048,-0.02180931,6.819982,1.23,-0.7220322
82.11481,-0.0209124,8.532391,1.3,-3.68474
82.12482,-0.02991376,1.140864,1.37,0.8604223
82.13483,-0.02561217,12.85454,1.41,2.821429
82.14484,-0.02277273,2.34342,1.5,-0.4473675
82.15485,-0.02288229,4.049119,1.53,-2.951573
82.16486,-0.03041271,26.34163,1.61,-1.311112
82.17487,-0.03187493,-22.70974,1.68,2.643319
82.18488,-0.03450944,38.64276,1.73,2.066006
82.19489,-0.02954433,-22.54093,1.83,-1.506362
82.2049,-0.03051584,32.56215,1.86,-2.025831
82.21491,-0.03067301,-14.32216,1.97,0.7200301
82.22492,-0.0320158,20.8301,2,2.120148
82.23493,-0.02960832,0.597172,2.1,-0.07931807
82.24494,-0.02535678,4.646545,2.14,-1.325404
82.25495,-0.02299726,4.154065,2.19,-0.8038093
82.26496,-0.02247735,5.562621,2.26,-0.3437837
82.27497,-0.0232522,-1.468636,2.31,1.10158
82.28498,-0.02543516,19.44199,2.36,2.74244
82.29499,-0.02072144,-11.8568,2.43,-0.8222136
82.305,-0.02801189,20.58018,2.44,-3.833115
82.31501,-0.03383379,-10.64296,2.54,0.7183097
82.32502,-0.03288709,20.20551,2.56,3.387692
82.33503,-0.02605086,-4.750722,2.65,0.5460224
82.34504,-0.02610883,7.301725,2.66,-4.278476
82.35505,-0.03061973,1.172126,2.73,-0.1410731
82.36506,-0.02746405,4.183842,2.77,2.838972
82.37507,-0.02296704,14.15689,2.81,0.9322771
82.38508,-0.02241966,-15.27097,2.86,-2.763425
82.39509,-0.02997268,19.35017,2.87,-2.317909
82.4051,-0.02875419,-12.44528,2.95,3.039753
82.41511,-0.02580164,22.00163,2.94,1.626929
82.42512,-0.02271502,-13.16195,3.03,-1.797347
82.43513,-0.02713002,11.35796,3,0.3061162
82.44514,-0.02383358,-3.720119,3.08,0.2075565
82.45515,-0.02132941,-1.33476,3.07,1.260361
82.46516,-0.02344968,6.503059,3.11,-1.59475
82.47517,-0.02588089,-1.867533,3.13,2.823663
82.48518,-0.0220788,4.243914,3.14,-0.7749703
82.49519,-0.02404395,-2.320521,3.16,-2.049781
82.5052,-0.02798058,0.6044056,3.17,-1.433456
82.51521,-0.02770823,8.887837,3.19,4.902546
82.52522,-0.01582634,-9.350313,3.2,1.577525
82.53522,-0.01794755,10.08161,3.18,-5.83327
82.54523,-0.02363797,-14.18622,3.21,-1.756356
82.55524,-0.0246473,21.99543,3.19,5.883585
82.56525,-0.01030914,-28.63584,3.22,4.595418
82.57526,-0.01912652,25.09829,3.16,-8.085972
82.58527,-0.02296997,-24.75173,3.22,-0.9940585
82.59528,-0.02684895,24.62614,3.16,5.033813
82.60529,-0.01936481,-23.44593,3.22,5.75163
82.6153,-0.0239408,20.02784,3.14,-7.204341
82.62531,-0.02982768,-18.82603,3.21,-4.423936
82.63532,-0.03321194,16.69726,3.14,4.838239
82.64533,-0.02201675,-8.955375,3.2,5.838584
82.65534,-0.02256785,-5.334455,3.13,-3.299524
82.66535,-0.02177316,1.73068,3.13,-4.841894
82.67536,-0.03090198,-7.664597,3.13,0.8829349
82.68537,-0.02434323,2.759549,3.1,6.23595
82.69538,-0.01669833,-2.033757,3.09,-0.5003496
82.70539,-0.01850703,-9.993082,3.05,-4.691865
82.7154,-0.02625308,4.965651,3.02,-0.8894976
82.72541,-0.02124766,-13.69053,3,3.437828
82.73542,-0.01737432,8.920738,2.94,1.356173
82.74543,-0.01894662,-20.46941,2.93,-2.936913
82.75544,-0.02170343,11.50782,2.84,-1.160798
82.76545,-0.01784483,-23.89459,2.84,2.01333
82.77546,-0.01925111,10.35772,2.74,0.6368931
82.78547,-0.01843896,-18.60719,2.74,-1.45287
82.79548,-0.01790551,4.446294,2.64,-0.1603847
82.80549,-0.01475207,-13.03381,2.62,1.292702
82.8155,-0.01722563,-5.597558,2.53,-0.8902252
82.82551,-0.01933036,-6.851352,2.49,-1.763675
82.83552,-0.02187934,-2.640904,2.43,2.068919
82.84553,-0.01469729,-9.112932,2.37,1.66521
82.85554,-0.01738123,-1.201248,2.29,-2.66814
82.86555,-0.02060578,-20.96289,2.25,-2.01309
82.87556,-0.02159268,10.22046,2.17,0.8365806
82.88557,-0.01533104,-19.03218,2.15,5.061603
82.89558,-0.01318477,0.6837561,2.03,-3.239628
82.90559,-0.01661758,-10.39108,2.01,-4.54998
82.9156,-0.01920647,-8.272156,1.92,1.485934
82.92561,-0.012231,1.863066,1.88,5.783881
82.93562,-0.01140516,-18.83226,1.79,-2.452652
82.94563,-0.01882098,6.440374,1.73,-5.134097
82.95564,-0.01989813,-18.83541,1.68,-0.4456044
82.96564,-0.02128587,8.686391,1.59,4.671539
82.97565,-0.01584656,-15.64453,1.57,-0.5469029
82.98566,-0.0154174,-0.1660738,1.48,-4.181969
82.99567,-0.0177402,-11.57693,1.44,-1.329024
83.00568,-0.01768225,-6.696549,1.36,4.020019
83.01569,-0.01294064,3.671355,1.31,1.893587
83.0257,-0.01167924,-19.72786,1.25,-2.417846
83.03571,-0.01650402,4.814799,1.17,-3.01235
83.04572,-0.0167009,-18.33922,1.14,2.904905
83.05573,-0.01576648,4.996521,1.05,1.867371
83.06574,-0.0142497,-10.00033,1.02,1.0822
83.07575,-0.01354035,-1.137989,0.93,-2.472636
83.08576,-0.01423545,-6.458114,0.9,-1.304802
83.09577,-0.01437249,-6.429691,0.82,1.938213
83.10578,-0.01154213,-2.140271,0.79,2.255756
83.11579,-0.007874994,-9.777512,0.71,-0.9799187
83.1258,-0.00677133,1.653809,0.67,-2.208051
83.13581,-0.009586181,-17.25658,0.6,-0.1076455
83.14582,-0.01119757,11.11617,0.56,3.222334
83.15583,-0.007828646,-20.86451,0.51,0.7433623
83.16584,-0.01102012,11.44641,0.43,-0.6165484
83.17585,-0.01529401,-19.65009,0.43,-1.794567
83.18586,-0.01817989,9.203743,0.35,1.176538
83.19587,-0.01491567,-10.89994,0.35,0.8422235
83.20588,-0.01596303,3.168687,0.28,0.4359021
83.21589,-0.01376687,-5.864489,0.28,-0.8633307
83.2259,-0.01569119,-3.980322,0.23,-1.733862
83.23591,-0.01677889,-0.1263373,0.21,0.9333429
83.24592,-0.01720622,-4.064522,0.19,1.839047
83.25593,-0.01178847,0.7256804,0.16,0.3355474
83.26594,-0.01187146,-2.508458,0.14,-3.831983
83.27595,-0.01260721,-7.422706,0.1,-0.729892
83.28596,-0.01360375,9.913649,0.09,1.985511
83.29597,-0.009213435,-18.2648,0.07,3.900472
83.30598,-0.009035883,12.63101,0.02,-4.848717
83.31599,-0.01497843,-14.58896,0.04,-2.72848
83.326,-0.02041539,7.850734,0,0.7613481
83.33601,-0.0163982,-3.599612,0.02,6.849287
83.34602,-0.01677207,-2.862647,-0.02,-2.239897
83.35603,-0.022799,1.764046,-0.01,-5.328383
83.36604,-0.02721345,-5.226676,-0.02,-1.120942
83.37605,-0.02356621,5.518219,-0.04,6.267774
83.38605,-0.01777001,-9.00776,-0.05,1.784312
83.39606,-0.01790767,2.221271,-0.09,-6.09131
83.40607,-0.02219632,-6.486222,-0.09,-0.8032582
83.41608,-0.01742734,-0.7631348,-0.13,5.151711
83.42609,-0.01666492,1.664945,-0.15,0.9796026
83.4361,-0.01306846,-12.22319,-0.19,-2.834048
83.44611,-0.01628984,4.471873,-0.24,-4.361147
83.45612,-0.0163369,-22.99628,-0.25,3.278387
83.46613,-0.01472063,20.7177,-0.32,3.911585
83.47614,-0.01117705,-31.28267,-0.33,-0.127157
83.48615,-0.01698806,18.10379,-0.43,-6.415061
83.49616,-0.01621034,-21.97498,-0.41,-0.09228507
83.50617,-0.0157308,11.62675,-0.52,4.576595
83.51618,-0.0138365,-23.26271,-0.52,1.476548
83.52619,-0.01687447,8.25425,-0.63,-5.420993
83.5362,-0.01434737,-15.37586,-0.63,-1.842337
83.54621,-0.01738693,1.577234,-0.74,3.010729
83.55622,-0.0167961,1.335722,-0.74,3.820904
83.56623,-0.01637621,-13.15449,-0.82,-1.227525
83.57624,-0.01731961,5.030499,-0.89,-3.096253
83.58625,-0.01604982,-19.06817,-0.93,-0.6601861
83.59626,-0.01902127,8.109061,-1.01,2.12995
83.60627,-0.01599186,-15.4957,-1.03,1.98864
83.61628,-0.01209934,3.600055,-1.13,-1.545736
83.62629,-0.01215865,-16.07933,-1.16,-3.15644
83.6363,-0.01725095,-0.8211744,-1.24,-0.2790158
83.64631,-0.01701678,-5.565852,-1.28,3.506344
83.65632,-0.01332414,-8.182602,-1.34,0.968955
83.66633,-0.009660253,0.3097107,-1.41,-2.096876
83.67634,-0.01394635,-13.44512,-1.46,-3.534197
83.68635,-0.01605492,0.8736186,-1.54,3.338537
83.69636,-0.0125711,-4.617562,-1.56,2.659202
83.70637,-0.01085035,-10.96504,-1.65,-1.204107
83.71638,-0.01382045,3.634536,-1.68,-4.474965
83.72639,-0.01482936,-18.33152,-1.75,2.157852
83.7364,-0.01503298,12.66146,-1.79,3.655477
83.74641,-0.0133804,-21.04525,-1.83,0.2996045
83.75642,-0.01552111,4.528776,-1.9,-4.616148
83.76643,-0.01744869,-9.405405,-1.93,-1.122298
83.77644,-0.01805941,-0.8504255,-1.99,2.679099
83.78645,-0.01450725,-3.960548,-2.02,1.875138
83.79646,-0.01348318,-6.592609,-2.07,-2.417929
83.80647,-0.01288828,-1.548497,-2.11,-1.373192
83.81647,-0.01713821,-5.031199,-2.14,1.409801
83.82648,-0.01740426,-4.840972,-2.19,1.234311
83.83649,-0.01762165,1.234146,-2.22,-0.9622776
83.8465,-0.01532341,-8.079763,-2.25,-0.2510867
83.85651,-0.01435917,2.380218,-2.3,0.7737617
83.86652,-0.01412016,-17.89691,-2.32,0.5285519
83.87653,-0.01968654,17.0727,-2.36,-0.6646379
83.88654,-0.01767071,-22.06985,-2.36,1.815426
83.89655,-0.01552233,17.03452,-2.43,-0.139188
83.90656,-0.01725589,-25.58161,-2.41,-1.773323
83.91657,-0.02339748,17.99915,-2.48,-0.6686556
83.92658,-0.02089731,-19.02484,-2.45,3.334739
83.93659,-0.01473996,16.88392,-2.53,1.171119
83.9466,-0.01062573,-21.07906,-2.5,-4.136424
83.95661,-0.0168231,0.4894121,-2.58,-2.116186
83.96662,-0.01651929,7.655777,-2.57,2.43758
83.97663,-0.01186583,-16.8468,-2.6,4.084728
83.98664,-0.00806918,18.6675,-2.62,-2.088002
83.99665,-0.01190983,-30.15879,-2.64,-4.578877
84.00666,-0.02067887,21.16228,-2.67,1.012842
84.01667,-0.02076389,-21.51928,-2.66,4.479211
84.02668,-0.0174571,25.12147,-2.7,0.4568237
84.03669,-0.01799737,-29.39087,-2.69,-5.031078
84.0467,-0.02629912,20.70819,-2.73,-1.568701
84.05671,-0.02253,-12.43534,-2.69,5.078468
84.06672,-0.01993483,10.57635,-2.73,2.661052
84.07673,-0.01144711,-8.091501,-2.71,-1.716311
84.08674,-0.01645196,1.106176,-2.75,-5.680974
84.09675,-0.02122685,-3.019885,-2.73,1.590557
84.10676,-0.02397944,6.286653,-2.75,4.735602
84.11677,-0.01853965,-7.871014,-2.74,0.004418934
84.12678,-0.02178261,8.665006,-2.76,-5.707776
84.13679,-0.02305918,-13.00643,-2.74,-0.6944971
84.1468,-0.02710444,17.94386,-2.77,4.807339
84.15681,-0.02168333,-17.77236,-2.72,2.530125
84.16682,-0.02387648,14.98966,-2.78,-4.544823
84.17683,-0.02366797,-10.94519,-2.72,-2.644415
84.18684,-0.02550443,5.948719,-2.78,0.7282573
84.19685,-0.0194277,2.844178,-2.73,5.648317
84.20686,-0.01638856,-2.346432,-2.77,-0.9966208
84.21687,-0.01441816,6.457463,-2.75,-3.232938
84.22688,-0.02180528,-7.218936,-2.76,-1.361609
84.23689,-0.02132644,2.950506,-2.76,4.513553
84.24689,-0.02231011,10.26803,-2.75,1.799032
84.2569,-0.01968887,-10.5973,-2.75,-1.288387
84.26691,-0.01791707,12.33175,-2.77,-2.995609
84.27692,-0.02093077,-9.637788,-2.73,2.14461
84.28693,-0.02358194,5.86302,-2.76,3.025467
84.29694,-0.02193899,0.8669959,-2.73,-0.5927702
84.30695,-0.019316,-3.469829,-2.74,-2.940628
84.31696,-0.02087529,10.07206,-2.74,-1.021149
84.32697,-0.02318611,-11.98619,-2.71,3.078452
84.33698,-0.02465959,13.73241,-2.73,1.583431
84.34699,-0.02380923,-9.227015,-2.69,-1.211421
84.357,-0.02349149,11.18836,-2.71,-2.394678
84.36701,-0.02371553,-5.215916,-2.67,-2.142734
84.37702,-0.02736048,3.213648,-2.69,2.763962
84.38703,-0.02812979,2.219571,-2.66,1.137735
84.39704,-0.02491108,4.934645,-2.65,1.11339
84.40705,-0.01792358,-2.191877,-2.64,-3.466651
84.41706,-0.02134511,1.123627,-2.63,-0.01226308
84.42707,-0.02151246,2.749141,-2.62,1.224051
84.43708,-0.01820805,4.745898,-2.6,3.541366
84.44709,-0.01342011,-1.745916,-2.6,-2.607625
84.4571,-0.0166376,7.043456,-2.59,-2.646803
84.46711,-0.02257736,-8.645003,-2.56,-0.8102607
84.47712,-0.02489291,17.67633,-2.56,4.25447
84.48713,-0.02074759,-11.10457,-2.49,0.474857
84.49714,-0.02197185,17.59694,-2.51,-2.414876
84.50715,-0.02376314,-11.82224,-2.43,-2.679293
84.51716,-0.02642647,17.11026,-2.44,2.646367
84.52717,-0.02046138,-5.861911,-2.36,2.387388
84.53718,-0.02023418,11.14878,-2.36,-1.930531
84.54719,-0.01914819,2.801875,-2.28,0.104315
84.5572,-0.0200539,3.468397,-2.25,-1.750058
84.56721,-0.0192427,18.06924,-2.19,4.068042
84.57722,-0.02448421,-5.977736,-2.14,-2.355331
84.58723,-0.02783271,19.09285,-2.08,2.572985
84.59724,-0.02501579,-2.454128,-2.01,-1.385549
84.60725,-0.0233385,13.13432,-1.96,-2.44435
84.61726,-0.02965053,3.423832,-1.88,0.007165391
84.62727,-0.02691364,6.663045,-1.81,3.349423
84.63728,-0.02452311,15.10255,-1.74,2.474106
84.64729,-0.02143697,2.312818,-1.66,-4.138883
84.6573,-0.02840997,-5.383494,-1.61,-6.320844
84.6673,-0.03918044,21.89509,-1.52,4.767548
84.67731,-0.03386101,-1.923946,-1.41,4.917157
84.68732,-0.02844831,15.45183,-1.37,-2.036357
84.69733,-0.02726504,2.069172,-1.27,-6.272553
84.70734,-0.03395755,3.930008,-1.21,3.300619
84.71735,-0.03558967,16.04315,-1.13,4.909274
84.72736,-0.02891586,-2.452911,-1.04,0.1988758
84.73737,-0.02323675,19.86425,-1,-6.068371
84.74738,-0.0250317,-11.71128,-0.9,0.1314626
84.75739,-0.02995648,19.65903,-0.89,4.39801
84.7674,-0.02692534,-1.303923,-0.78,4.5088
84.77741,-0.02337576,15.07562,-0.78,-6.973145
84.78742,-0.02520356,0.569366,-0.68,-1.558284
84.79743,-0.02847842,-8.693257,-0.67,1.776202
84.80744,-0.0261433,16.72281,-0.62,6.442733
84.81745,-0.02621239,-8.197568,-0.56,-4.041399
84.82746,-0.0263126,12.55902,-0.53,-2.829273
84.83747,-0.02893736,-1.559326,-0.47,0.1765707
84.84748,-0.02594962,10.9557,-0.44,4.315301
84.85749,-0.02767996,-2.426051,-0.4,0.7847534
84.8675,-0.02777045,4.532913,-0.38,-2.449082
84.87751,-0.02540653,5.697885,-0.33,-0.002000654
84.88752,-0.02334082,-2.805799,-0.3,1.534721
84.89753,-0.01914646,7.118373,-0.29,-1.68827
84.90754,-0.0178156,-1.80839,-0.24,0.1934321
84.91755,-0.01746064,10.3407,-0.22,1.561767
84.92756,-0.01285961,-0.1278125,-0.18,1.520169
84.93757,-0.01474197,2.194344,-0.17,-3.953125
84.94758,-0.02480423,6.341913,-0.11,0.234606
84.95759,-0.0274749,2.761663,-0.07,3.979857
84.9676,-0.02607899,23.3911,-0.02,1.863821
84.97761,-0.02371182,-17.21544,0.03,-1.11991
84.98762,-0.03230419,27.78437,0.06,-6.60285
84.99763,-0.03117467,-12.89126,0.17,5.238143
85.00764,-0.02561876,30.70466,0.19,1.578246
85.01765,-0.01864492,-11.88558,0.31,2.190286
85.02766,-0.02125326,15.80493,0.32,-5.56215
85.03767,-0.02047195,1.815439,0.43,1.433697
85.04768,-0.02726448,8.65332,0.48,1.920101
85.05769,-0.01876098,7.405526,0.56,1.201049
85.0677,-0.0207366,20.24723,0.63,-1.431817
85.07771,-0.0215009,-10.61967,0.72,-2.102354
85.08772,-0.02907051,24.1457,0.76,0.4923534
85.09772,-0.02800028,-6.700623,0.89,3.274294
85.10773,-0.02858526,20.35557,0.92,-2.912076
85.11774,-0.02630765,4.742372,1.05,0.3987466
85.12775,-0.02582165,1.729355,1.09,-2.689733
85.13776,-0.02215165,17.69764,1.19,1.519326
85.14777,-0.02611553,-1.065481,1.27,1.916001
85.15778,-0.02452152,6.25892,1.34,-0.8351306
85.16779,-0.02156728,13.10194,1.43,-0.37203
85.1778,-0.0196488,-5.076546,1.49,-1.808255
85.18781,-0.02518588,25.07016,1.56,0.05351206
85.19782,-0.02695998,-16.74607,1.66,2.389837
85.20783,-0.02681408,35.10966,1.7,-0.3161762
85.21784,-0.02098649,-22.92214,1.81,-1.107944
85.22785,-0.03115867,33.21321,1.82,-4.538038
85.23786,-0.03171337,-16.67032,1.97,5.393886
85.24787,-0.03077705,27.14658,1.96,0.5881313
85.25788,-0.0223891,8.241817,2.1,0.9051769
85.26789,-0.02168854,-15.2969,2.12,-4.106967
85.2779,-0.02623294,21.61051,2.17,-3.565814
85.28791,-0.02929638,-8.605644,2.25,5.403571
85.29792,-0.02257867,23.64297,2.29,3.058048
85.30793,-0.01900849,-8.565719,2.35,-0.4907545
85.31794,-0.02635225,8.03089,2.37,-6.494861
85.32795,-0.03383222,-0.1374996,2.44,1.788316
85.33796,-0.03577555,13.50973,2.48,2.843236
85.34797,-0.02642101,-0.6606436,2.53,1.864361
85.35798,-0.02415664,5.853596,2.55,-3.595603
85.36799,-0.02457786,-5.212765,2.6,-3.115575
85.378,-0.03161594,9.143843,2.63,1.97744
85.38801,-0.02496165,-4.495308,2.68,4.294755
85.39802,-0.01566315,16.89116,2.68,-2.392029
85.40803,-0.01279149,-18.25798,2.73,-2.432049
85.41804,-0.02336822,18.73227,2.7,0.3319144
85.42805,-0.02134319,-14.16603,2.77,4.105046
85.43806,-0.02378022,12.94588,2.74,-1.932868
85.44807,-0.02458157,-2.701818,2.8,-1.939681
85.45808,-0.02619685,-2.169028,2.79,-0.02526014
85.46809,-0.0231441,10.59229,2.81,0.4154478
85.4781,-0.0241807,-0.7322502,2.83,3.128039
85.48811,-0.02184726,-9.159512,2.83,-2.932875
85.49812,-0.02337641,19.97894,2.83,0.9334892
85.50813,-0.02013023,-19.80779,2.86,0.9985714
85.51814,-0.02186987,17.1966,2.82,-2.156308
85.52814,-0.02505728,-14.25526,2.88,0.08991207
85.53815,-0.02614729,5.453231,2.82,1.650756
85.54816,-0.02231527,7.288471,2.88,3.019218
85.55817,-0.02187711,-21.04119,2.84,-2.210616
85.56818,-0.02351096,16.00803,2.82,-3.876483
85.57819,-0.02485165,-15.32832,2.87,1.888806
85.5882,-0.02288663,12.85497,2.81,4.901123
85.59821,-0.0109585,-10.2405,2.83,-0.1884868
85.60822,-0.01445895,-2.260643,2.78,-6.45872
85.61823,-0.01958926,-2.323983,2.77,-1.846046
85.62824,-0.02214535,1.823654,2.76,6.353783
85.63825,-0.01514132,-5.537328,2.73,2.850448
85.64826,-0.01933728,3.646373,2.7,-4.494642
85.65827,-0.01940257,-14.45446,2.68,-4.279028
85.66828,-0.02724654,16.50282,2.64,1.508169
85.67829,-0.02451322,-22.93914,2.65,7.129136
85.6883,-0.02113298,22.03764,2.58,-2.358036
85.69831,-0.01737969,-27.63603,2.59,-3.360604
85.70832,-0.02510334,17.8957,2.51,-2.70765
85.71833,-0.01946194,-22.61002,2.53,7.048153
85.72834,-0.0190447,13.92274,2.43,-0.1149254
85.73835,-0.01918817,-17.14239,2.46,-3.48494
85.74836,-0.02624483,0.7103344,2.36,-2.875456
85.75837,-0.02507411,2.86975,2.36,2.633718
85.76838,-0.0230827,-14.64816,2.3,2.663588
85.77839,-0.02559368,3.962906,2.23,-1.478001
85.7884,-0.02370882,-16.66865,2.2,-1.581482
85.79841,-0.01885405,7.116647,2.11,-0.1243848
85.80842,-0.01428621,-20.27106,2.08,0.9059935
85.81843,-0.01896889,-0.475499,1.98,-0.3327233
85.82844,-0.0161755,-6.848643,1.94,0.5401593
85.83845,-0.009974691,-9.524285,1.85,1.569912
85.84846,-0.007739031,-4.374676,1.77,-3.562504
85.85847,-0.0130708,-17.06342,1.7,-0.3195174
85.86848,-0.01481831,-8.117933,1.6,1.039395
85.87849,-0.01054653,4.902186,1.54,4.972672
85.8885,-0.005020452,-25.90345,1.45,-1.289921
85.89851,-0.008472502,5.199634,1.35,-5.756776
85.90852,-0.01348738,-19.17911,1.3,1.459722
85.91853,-0.0112213,0.3692795,1.19,3.596611
85.92854,-0.006841086,-6.446572,1.14,2.150518
85.93855,-0.006291699,-16.01982,1.04,-5.799823
85.94855,-0.01196463,0.432578,0.97,-2.146184
85.95856,-0.0134531,-11.61766,0.91,2.502016
85.96857,-0.01156806,-1.587855,0.82,3.934106
85.97858,-0.006383623,-7.341917,0.76,-2.442644
85.98859,-0.0102075,-11.10935,0.69,-3.798124
85.9986,-0.01642352,-2.37759,0.63,0.8311682
86.00861,-0.01875009,-6.597676,0.58,4.48441
86.01862,-0.01629992,-2.296393,0.51,0.4471755
86.02863,-0.01547578,-8.56013,0.46,-4.135456
86.03864,-0.0209916,-8.639463,0.4,-2.06729
86.04865,-0.02565389,1.101761,0.35,3.53953
86.05866,-0.01908987,-12.37749,0.3,2.233284
86.06867,-0.01362943,11.02844,0.22,-1.290693
86.07868,-0.01215695,-24.63264,0.18,-3.407424
86.08869,-0.01584192,4.031234,0.09,0.1699662
86.0987,-0.0142642,-18.47435,0.06,2.828075
86.10871,-0.01342386,4.300138,-0.03,0.5367489
86.11872,-0.01046488,-14.01343,-0.07,-1.192782
86.12873,-0.01417969,-5.516496,-0.18,-1.88963
86.13874,-0.01342854,-10.06536,-0.23,1.36428
86.14875,-0.01611352,-4.768034,-0.32,0.9346549
86.15876,-0.01276237,-5.871935,-0.38,1.555765
86.16877,-0.008826341,-10.43738,-0.47,-0.7319148
86.17878,-0.008927356,-5.779023,-0.56,-1.217449
86.18879,-0.01180365,-12.24148,-0.64,-1.106481
86.1988,-0.01624224,-4.021125,-0.72,1.924429
86.20881,-0.0136324,-8.754274,-0.79,1.695986
86.21882,-0.0122039,-4.825303,-0.88,-0.7123163
86.22883,-0.01618239,-14.29351,-0.96,-3.534874
86.23884,-0.02125327,-4.712608,-1.05,0.6812946
86.24885,-0.01662238,-7.209702,-1.12,2.899416
86.25886,-0.01100342,-9.032595,-1.21,0.4097399
86.26887,-0.009148603,-9.42359,-1.3,-2.233588
86.27888,-0.01067806,-12.30367,-1.38,-3.110577
86.28889,-0.009952965,-0.7859301,-1.47,3.216949
86.2989,-0.00571975,-13.21693,-1.54,1.778334
86.30891,-0.005171897,-5.813033,-1.65,-0.1541206
86.31892,-0.006419579,-9.866231,-1.72,-4.466056
86.32893,-0.007844517,-7.466694,-1.82,2.02667
86.33894,-0.008386951,-1.20094,-1.88,2.339683
86.34895,-0.007978475,-16.00151,-1.97,3.103378
86.35896,-0.007547475,7.890774,-2.05,-3.194376
86.36897,-0.008865159,-22.7246,-2.11,-1.981356
86.37897,-0.01411623,5.315804,-2.22,0.131076
86.38898,-0.01407669,-10.24096,-2.24,4.777349
86.39899,-0.01269994,-3.55458,-2.33,-0.3797389
86.409,-0.0100523,-8.662789,-2.38,-3.801826
86.41901,-0.01492324,-5.835248,-2.46,-2.293513
86.42902,-0.01391193,-5.496266,-2.5,3.678073
86.43903,-0.01255793,-0.8448457,-2.56,2.647023
86.44904,-0.007190031,-12.87395,-2.61,-2.051274
86.45905,-0.009493067,-1.109465,-2.7,-4.572147
86.46906,-0.01488373,-9.185996,-2.73,1.108948
86.47907,-0.01572821,-7.031909,-2.81,4.779756
86.48908,-0.01055813,1.876639,-2.84,1.292293
86.49909,-0.008426961,-18.80375,-2.92,-4.896151
86.5091,-0.01464211,11.94785,-2.97,-2.123108
86.51911,-0.01462472,-29.16262,-3.02,4.203941
86.52912,-0.01473691,26.06842,-3.09,1.705278
86.53913,-0.0120127,-36.65243,-3.1,-1.550811
86.54914,-0.01536359,20.8818,-3.21,-5.527579
86.55915,-0.01340526,-16.56066,-3.2,0.6991999
86.56916,-0.01610219,-10.46584,-3.3,2.862401
86.57917,-0.01137875,10.47198,-3.31,1.656523
86.58918,-0.008390038,-9.608448,-3.38,-2.968109
86.59919,-0.01005713,14.74017,-3.43,-2.999801
86.6092,-0.01072137,-30.21424,-3.46,2.993871
86.61921,-0.01326088,22.72593,-3.52,1.895767
86.62922,-0.009627492,-29.63481,-3.53,1.16587
86.63923,-0.01219384,23.81424,-3.61,-4.653122
86.64924,-0.01060272,-34.20962,-3.6,0.09320623
86.65925,-0.01559734,21.82667,-3.69,1.523628
86.66926,-0.01085446,-21.28736,-3.66,3.670217
86.67927,-0.009462795,14.18579,-3.75,-2.094762
86.68928,-0.006755391,-21.79145,-3.73,-3.145318
86.69929,-0.01441404,8.962659,-3.81,-1.471019
86.7093,-0.01340146,-9.57983,-3.78,4.335192
86.71931,-0.01277025,6.100632,-3.83,2.834169
86.72932,-0.007470177,-7.207041,-3.83,-2.284854
86.73933,-0.0122204,-1.212641,-3.87,-5.738629
86.74934,-0.01621077,1.487436,-3.86,1.682894
86.75935,-0.01557347,0.7564669,-3.87,6.989798
86.76936,-0.008974227,1.042807,-3.88,1.735886
86.77937,-0.009674603,0.5125097,-3.88,-6.705373
86.78938,-0.01836506,-5.897623,-3.87,-2.843914
86.79939,-0.0206006,11.01835,-3.87,6.03241
86.80939,-0.01484404,-4.488607,-3.83,5.193532
86.8194,-0.01428126,6.465065,-3.85,-6.307805
86.82941,-0.02000323,-3.093333,-3.81,-4.291166
86.83942,-0.02450002,2.61852,-3.8,3.742865
86.84943,-0.02053116,12.68266,-3.77,7.319526
86.85944,-0.01258834,-12.50474,-3.74,-4.175893
86.86945,-0.01350408,29.06227,-3.75,-6.181014
86.87946,-0.01222089,-21.38563,-3.67,0.2074856
86.88947,-0.0125494,25.03142,-3.69,5.138775
86.89948,-0.006536961,-10.12011,-3.61,2.628895
86.90949,-0.006940556,9.215806,-3.63,-6.178805
86.9195,-0.008286486,2.499954,-3.55,-1.397147
86.92951,-0.01412292,2.525966,-3.54,2.444617
86.93952,-0.009726547,7.699065,-3.48,5.226488
86.94953,-0.01337321,7.101,-3.43,-4.115646
86.95954,-0.013123,7.029222,-3.36,-2.826273
86.96955,-0.0122424,7.695196,-3.3,0.7669162
86.97956,-0.01328461,9.345986,-3.23,3.492282
86.98957,-0.01498681,3.095856,-3.16,-0.2418963
86.99958,-0.01564644,17.19803,-3.08,-2.401907
87.00959,-0.01149755,-1.717719,-2.98,-0.0753734
87.0196,-0.01412866,24.706,-2.92,1.611373
87.02961,-0.01587451,-12.1773,-2.79,0.7502097
87.03962,-0.02549476,34.27223,-2.74,-1.596964
87.04963,-0.02198353,-8.759345,-2.57,0.9144602
87.05964,-0.02110523,31.7347,-2.54,-0.1561368
87.06965,-0.02257705,-10.46744,-2.37,-0.3394128
87.07966,-0.03232128,24.9651,-2.32,-0.6975642
87.08967,-0.02978926,7.347179,-2.14,2.332025
87.09968,-0.02371613,11.63254,-2.08,1.582967
87.10969,-0.020201,11.5677,-1.94,-2.805203
87.1197,-0.02672441,3.682762,-1.86,-1.67318
87.12971,-0.02568468,19.31354,-1.74,2.222517
87.13972,-0.0193751,2.629153,-1.63,3.075284
87.14973,-0.0162362,16.01128,-1.55,-1.537675
87.15974,-0.02275514,6.413338,-1.44,-5.078581
87.16975,-0.0248632,7.357219,-1.34,0.8610163
87.17976,-0.02254513,14.72666,-1.24,3.253179
87.18977,-0.01571266,5.17161,-1.14,1.427279
87.19978,-0.01527633,14.42632,-1.06,-3.955909
87.20979,-0.01709273,0.4237934,-0.96,-0.222667
87.2198,-0.01929593,19.09497,-0.88,2.383943
87.2298,-0.01811564,-0.9139079,-0.76,2.807846
87.23981,-0.01929227,25.14825,-0.7,-2.345842
87.24982,-0.017287,-4.996932,-0.57,-0.9243694
87.25983,-0.02193419,22.14222,-0.52,-0.4066842
87.26984,-0.0223327,8.132828,-0.38,4.934138
87.27985,-0.02111762,8.213547,-0.32,-2.705669
87.28986,-0.01947937,16.10833,-0.18,1.104931
87.29987,-0.01633513,-4.759293,-0.11,-3.335898
87.30988,-0.01707906,26.86355,0,3.821484
87.31989,-0.01819033,-13.66328,0.1,-0.7376872
87.3299,-0.01902805,34.2812,0.19,1.885844
87.33991,-0.01649401,-8.470396,0.32,-2.411009
87.34992,-0.01820438,23.34703,0.39,-0.5655138
87.35993,-0.02639313,5.958961,0.54,1.780358
87.36994,-0.03109737,13.01298,0.64,1.067554
87.37995,-0.02332107,17.07157,0.77,0.4333925
87.38996,-0.01841676,8.212255,0.88,-1.800547
87.39997,-0.01344576,9.716309,0.98,-2.121578
87.40998,-0.01940036,14.53043,1.1,2.739299
87.41999,-0.02011451,7.061018,1.22,1.578695
87.43,-0.01532177,19.21572,1.32,1.243809
87.44001,-0.0150554,2.209594,1.44,-4.971404
87.45002,-0.02043035,14.23971,1.52,-1.233009
87.46003,-0.02714804,9.607512,1.66,3.797501
87.47004,-0.02718224,12.15662,1.77,3.003919
87.48005,-0.01767441,14.0493,1.88,-0.08457557
87.49006,-0.01529566,7.903203,1.98,-6.108843
87.50007,-0.02045188,4.247639,2.08,0.7889627
87.51008,-0.02625625,18.65301,2.18,5.216316
87.52009,-0.02077761,3.308789,2.3,1.821734
87.5301,-0.01522059,20.40907,2.37,-5.706586
87.54011,-0.01877486,-5.862875,2.49,-2.853172
87.55012,-0.02688331,21.0906,2.55,5.050179
87.56013,-0.0236314,1.12666,2.69,4.729984
87.57014,-0.01664747,6.416604,2.74,-4.470946
87.58015,-0.01757649,15.70032,2.85,-2.900121
87.59016,-0.01912574,-7.753902,2.91,0.5917433
87.60017,-0.02281249,28.98915,3,5.496797
87.61018,-0.01753096,-16.57111,3.09,-1.675599
87.62019,-0.02170695,30.73113,3.13,-3.586026
87.6302,-0.02042617,-9.548905,3.24,0.3247275
87.64021,-0.02808402,21.71426,3.27,3.697655
87.65022,-0.0307554,-11.47812,3.38,1.811165
87.66022,-0.03336701,9.401607,3.39,-5.659465
87.67023,-0.03213258,4.629641,3.49,0.06234707
87.68024,-0.02661239,3.387762,3.53,2.002343
87.69025,-0.01614628,6.667298,3.57,1.593413
87.70026,-0.01647789,-0.7340102,3.61,-3.927655
87.71027,-0.01649732,3.189407,3.64,0.5844981
87.72028,-0.01483595,3.230936,3.67,3.333361
87.73029,-0.009491611,-2.148467,3.68,-0.8496527
87.7403,-0.01350187,7.65312,3.69,-4.030572
87.75031,-0.01944071,-9.945527,3.71,1.867762
87.76032,-0.02202314,3.598353,3.7,2.529257
87.77033,-0.02051326,-16.78986,3.72,-0.8458395
87.78034,-0.01996935,18.98153,3.71,-4.219183
87.79035,-0.02543446,-25.96105,3.73,0.9378372
87.80036,-0.02717069,28.73048,3.71,2.613779
87.81037,-0.01419027,-33.12748,3.74,1.786781
87.82038,-0.01763824,25.69655,3.67,-7.180848
87.83039,-0.02116846,-28.27466,3.72,0.7428775
87.8404,-0.02456563,20.08908,3.64,3.440774
87.85041,-0.0178034,-19.71892,3.68,4.374652
87.86042,-0.02221712,-2.711805,3.58,-3.242104
87.87043,-0.02702839,-5.65785,3.58,-5.561477
87.88044,-0.03356657,-8.870162,3.54,1.548141
87.89045,-0.02804582,15.41622,3.5,5.915674
87.90046,-0.01935996,-14.14921,3.45,-0.31416
87.91047,-0.020149,-7.222253,3.36,-4.80945
87.92048,-0.0256226,-11.40528,3.3,-1.380221
87.93049,-0.01990385,-7.198284,3.22,4.433636
87.9405,-0.01032148,-4.829733,3.13,1.755955
87.95051,-0.005953168,-17.50808,3.03,-3.23603
87.96052,-0.00716002,-7.316123,2.91,-1.54454
87.97053,-0.006149657,-5.499975,2.81,1.303201
87.98054,-0.004264724,-24.3609,2.68,2.187701
87.99055,-0.007277257,0.7807842,2.56,-2.70038
88.00056,-0.009123253,-21.97065,2.46,-0.008863695
88.01057,-0.01119082,-1.381961,2.33,0.9143502
88.02058,-0.01206276,-22.2716,2.23,1.123167
88.03059,-0.01612951,-6.505684,2.1,-3.371562
88.0406,-0.0185785,-11.00066,2.01,0.98154
88.05061,-0.01634409,-9.329755,1.89,3.223145
88.06062,-0.01035117,-14.34387,1.77,-0.08623074
88.07063,-0.01219654,-11.18685,1.64,-3.280258
88.08064,-0.01645807,-14.48925,1.53,-1.236809
88.09064,-0.01602721,-4.670215,1.41,5.612316
88.10065,-0.008558909,-19.39328,1.3,0.4859513
88.11066,-0.01214074,-4.568801,1.16,-5.080487
88.12067,-0.0166779,-25.06738,1.06,-2.895956
88.13068,-0.02156716,2.707471,0.91,4.353393
88.14069,-0.01471466,-26.93746,0.82,3.837942
88.1507,-0.01332012,-2.26687,0.64,-5.41742
88.16071,-0.01592367,-25.39329,0.54,-4.667828
88.17072,-0.01494004,-11.82404,0.37,2.942688
88.18073,-0.005521287,-10.64492,0.26,6.723549
88.19074,-0.001748643,-21.39718,0.08,-2.082944
88.20075,-0.004058194,-10.01372,-0.05,-6.837642
88.21076,-0.01039549,-23.48227,-0.2,-0.1299189
88.22077,-0.009847171,-3.106504,-0.36,7.94617
88.23078,-0.007447749,-28.22862,-0.51,0.1800879
88.24079,-0.01355788,-4.849966,-0.68,-7.186859
88.2508,-0.01810388,-29.42011,-0.81,-1.640174
88.26081,-0.01410325,-0.579908,-0.98,5.426335
88.27082,-0.01169869,-22.63377,-1.12,4.946583
88.28083,-0.01313789,-11.50197,-1.32,-3.322592
88.29084,-0.01614685,-22.34991,-1.45,-6.008244
88.30085,-0.01644339,-9.825783,-1.63,3.030385
88.31086,-0.01165756,-17.05633,-1.76,4.510367
88.32087,-0.00744613,-19.02489,-1.96,-0.3432304
88.33088,-0.005096098,-10.67708,-2.1,-5.298284
88.34089,-0.006155862,-24.89433,-2.29,-0.1281237
88.3509,-0.007383354,-5.682687,-2.44,3.435396
88.36091,-0.009812532,-30.18342,-2.61,3.084559
88.37092,-0.007760457,0.1450846,-2.81,-3.25365
88.38093,-0.005843296,-29.10004,-2.93,-2.891416
88.39094,-0.008772746,-5.554193,-3.14,1.559246
88.40095,-0.008995372,-28.19323,-3.26,3.959463
88.41096,-0.005640564,0.6049338,-3.45,-2.710818
88.42097,-0.000314246,-29.19552,-3.57,-2.037233
88.43098,-0.004972192,-6.504168,-3.77,-0.5731431
88.44099,-0.005008416,-25.13488,-3.88,4.25452
88.451,-0.005478362,-1.513843,-4.07,-1.479326
88.46101,-0.003260357,-23.23638,-4.18,-1.348939
88.47102,-0.004915959,-18.08344,-4.36,-2.143697
88.48103,-0.007030169,-6.117904,-4.46,2.822568
88.49104,-0.0104436,-20.13592,-4.61,0.9968367
88.50105,-0.00851924,-1.782279,-4.72,-1.067486
88.51105,-0.008058596,-23.37703,-4.85,-1.370386
88.52106,-0.01267024,2.87419,-4.96,1.210628
88.53107,-0.01420899,-25.42603,-5.07,2.315144
88.54108,-0.01311195,8.015821,-5.18,-0.8796115
88.55109,-0.009478554,-29.71675,-5.27,-0.1485506
88.5611,-0.01143204,7.618025,-5.39,-2.596626
88.57111,-0.01014951,-25.96704,-5.46,3.052576
88.58112,-0.0100926,6.447989,-5.6,-1.502716
88.59113,-0.005626475,-22.25165,-5.65,1.77442
88.60114,-0.00725783,4.57066,-5.78,-2.598386
88.61115,-0.009416426,-19.54449,-5.82,0.9706933
88.62116,-0.01536132,-0.1538411,-5.94,-0.749442
88.63117,-0.01715456,-11.23406,-5.98,1.806785
88.64118,-0.02129981,-2.681168,-6.08,-0.6519725
88.65119,-0.01775328,-8.230453,-6.13,-0.6187322
88.6612,-0.02019133,-6.562489,-6.21,-0.7143275
88.67121,-0.01857853,-6.97969,-6.27,1.148117
88.68122,-0.01666416,-2.260244,-6.33,1.241121
88.69123,-0.006962975,-8.774451,-6.39,-1.020221
88.70124,-0.007426409,-3.463357,-6.46,-2.055752
88.71125,-0.008687731,-13.85809,-6.52,0.6652885
88.72126,-0.01173258,7.084887,-6.59,3.469077
88.73127,-0.007427381,-19.938,-6.62,-0.9281703
88.74128,-0.01266845,10.10739,-6.71,-3.092739
88.75129,-0.01275559,-22.00189,-6.72,1.466275
88.7613,-0.02054798,15.74643,-6.81,1.738463
88.77131,-0.01533936,-16.2083,-6.79,2.182897
88.78132,-0.01208219,6.822986,-6.89,-3.494131
88.79133,-0.0138057,-8.785172,-6.87,-1.051012
88.80134,-0.02099002,-1.456304,-6.94,1.56943
88.81135,-0.01883825,6.00949,-6.93,4.054847
88.82136,-0.01524193,-10.57763,-6.97,-0.01532052
88.83137,-0.01267035,9.146194,-6.99,-5.409294
88.84138,-0.01868764,-14.12615,-7,-1.47186
88.85139,-0.01711748,12.02868,-7.01,5.444558
88.8614,-0.006869531,-3.93455,-7.01,3.411282
88.87141,-0.006172862,2.05933,-7.04,-1.751455
88.88142,-0.005997718,-5.7336,-7.03,-4.096417
88.89143,-0.01440368,8.908665,-7.03,0.2097459
88.90144,-0.0125262,-5.033738,-7,5.402727
88.91145,-0.01166759,17.70936,-7,-0.5220104
88.92146,-0.01041257,-13.45147,-6.96,-2.16628
88.93147,-0.01794951,22.85901,-6.96,-2.266815
88.94147,-0.01679507,-14.241,-6.87,3.480924
88.95148,-0.01939841,24.37484,-6.87,1.211485
88.96149,-0.0131532,2.636514,-6.76,0.3675781
88.9715,-0.01620926,8.559577,-6.73,-3.317048
88.98151,-0.01939807,9.944632,-6.64,-1.306038
88.99152,-0.01961974,2.802667,-6.57,2.850738
89.00153,-0.02223281,21.6344,-6.48,2.219774
89.01154,-0.01922029,-3.650427,-6.37,-0.9157762
89.02155,-0.02128879,27.13601,-6.3,-3.263797
89.03156,-0.02458065,-6.155622,-6.15,0.2918646
89.04157,-0.03064745,30.71143,-6.09,2.56765
89.05158,-0.02803702,-4.782024,-5.92,1.014191
89.06159,-0.02880992,25.06682,-5.85,-1.089068
89.0716,-0.02773778,11.62848,-5.68,-3.597486
89.08161,-0.02818459,7.192307,-5.58,0.9953304
89.09162,-0.02147785,17.34514,-5.44,2.182661
89.10163,-0.01808901,11.50868,-5.31,1.251435
89.11164,-0.01208151,15.21467,-5.18,-1.984182
89.12165,-0.0110914,10.68921,-5.04,-0.9437642
89.13166,-0.01325825,12.97393,-4.92,-1.019153
89.14167,-0.01666191,21.37902,-4.77,3.723749
89.15168,-0.01841563,9.231114,-4.61,-0.1209929
89.16169,-0.02029205,25.6853,-4.47,0.02338817
89.1717,-0.02430039,1.279775,-4.29,-3.906389
89.18171,-0.03568144,33.55521,-4.14,0.4140154
89.19172,-0.03604499,1.665315,-3.93,4.604564
89.20173,-0.03570583,33.62754,-3.8,-1.537227
89.21174,-0.03647178,0.2376952,-3.58,-2.248427
89.22175,-0.04083894,29.87882,-3.44,-3.843367
89.23176,-0.0401854,7.034782,-3.21,5.233572
89.24177,-0.03683912,25.32575,-3.08,0.5931278
89.25178,-0.02842728,15.55241,-2.86,-0.004421392
89.26179,-0.03075755,2.930442,-2.74,-5.224709
89.2718,-0.033691,23.07889,-2.56,1.771176
89.28181,-0.03968992,5.645795,-2.4,2.846731
89.29182,-0.03676378,25.34251,-2.24,-0.05397281
89.30183,-0.03434418,9.130507,-2.09,-1.667979
89.31184,-0.03793078,13.07128,-1.95,-2.851005
89.32185,-0.04544917,9.569043,-1.8,3.506028
89.33186,-0.0398644,16.77949,-1.66,2.332286
89.34187,-0.03518044,14.92878,-1.53,-2.304006
89.35188,-0.03293356,5.982465,-1.41,-1.523666
89.36189,-0.03413586,13.70564,-1.29,-0.4536738
89.37189,-0.02517974,14.79955,-1.16,1.733858
89.3819,-0.01998332,0.7423123,-1.06,0.7383045
89.39191,-0.0199628,18.08062,-0.96,-1.653419
89.40192,-0.01733861,2.920359,-0.85,1.581588
89.41193,-0.0149288,19.64693,-0.77,-0.5048565
89.42194,-0.02299081,3.172007,-0.65,-2.644237
89.43195,-0.0320804,11.75435,-0.56,1.770744
89.44196,-0.02952737,21.25548,-0.44,3.536931
89.45197,-0.02826567,-3.056414,-0.33,1.019231
89.46198,-0.03191037,18.49703,-0.24,-5.799556
89.47199,-0.03390619,4.406992,-0.08,-0.4471026
89.482,-0.03244399,17.45698,0,2.930906
89.49201,-0.0239188,14.3927,0.13,5.035923
89.50202,-0.02130327,1.638162,0.23,-4.394384
89.51203,-0.03030671,20.56642,0.34,-3.61
89.52204,-0.03614205,-0.5123743,0.48,1.834012
89.53205,-0.03227297,31.05836,0.57,3.985294
89.54206,-0.02562119,-3.321374,0.73,-1.606828
89.55207,-0.03023833,17.07219,0.79,-1.962578
89.56208,-0.03467265,13.81973,0.94,-0.5429189
89.57209,-0.03597924,-5.90216,1.05,2.177676
89.5821,-0.0293902,24.04998,1.13,0.5755303
89.59211,-0.0317411,7.851324,1.28,-2.075409
89.60212,-0.02945495,-4.507056,1.34,0.4948752
89.61213,-0.03055917,35.61873,1.46,0.9300406
89.62214,-0.03136929,-22.40714,1.56,-0.879197
89.63215,-0.03469388,34.93287,1.62,-2.321382
89.64216,-0.03105332,-7.132435,1.77,3.896928
89.65217,-0.02582728,19.58228,1.8,0.3128577
89.66218,-0.02831533,14.03772,1.92,-3.153305
89.67219,-0.03294296,-7.947037,2,-1.26401
89.6822,-0.03468055,24.49151,2.05,3.414782
89.69221,-0.03079676,-8.714209,2.17,2.273962
89.70222,-0.02708448,21.32928,2.18,-4.301208
89.71223,-0.03060034,-9.890872,2.3,-2.571319
89.72224,-0.03364142,12.66471,2.32,2.776698
89.73225,-0.02917171,11.75376,2.42,5.353694
89.74226,-0.02345954,-8.570032,2.45,-2.457098
89.75227,-0.02931297,19.46545,2.47,-5.2636
89.76228,-0.03594946,-17.76155,2.56,0.8791766
89.77229,-0.0358642,28.85341,2.55,4.992578
89.7823,-0.03191136,-6.068231,2.65,1.271661
89.7923,-0.03133276,-6.788785,2.62,-4.681281
89.80231,-0.03295048,14.74411,2.66,-1.953889
89.81232,-0.03185739,-9.45263,2.69,2.410152
89.82233,-0.02495922,2.273805,2.67,4.334871
89.83234,-0.02780286,-0.9703233,2.71,-2.199717
89.84235,-0.02596112,-2.26798,2.68,-0.4313478
89.85236,-0.01868666,3.133639,2.7,-0.35106
89.86237,-0.01868813,-16.04698,2.66,-0.7260285
89.87238,-0.02471187,12.63259,2.63,-0.6635505
89.88239,-0.02615528,-14.51997,2.66,3.92064
89.8924,-0.02587705,11.79923,2.6,-0.3288183
89.90241,-0.02393309,-15.04532,2.62,-3.236113
89.91242,-0.03208257,1.513035,2.56,-2.897802
89.92243,-0.03308333,-1.595916,2.56,5.783839
89.93244,-0.02967407,-4.83262,2.53,2.982576
89.94245,-0.02216942,2.898299,2.49,-2.968818
89.95246,-0.02516807,-17.80943,2.47,-4.483486
89.96247,-0.02677443,10.43523,2.41,2.639057
89.97248,-0.02135625,-10.90685,2.42,6.10954
89.98249,-0.01691024,-0.5766989,2.33,-1.835672
89.9925,-0.0180446,-6.803839,2.32,-3.432865
90.00251,-0.01972865,-8.767595,2.23,-0.01296801
90.01252,-0.02135379,7.15974,2.22,3.978922
90.02253,-0.02271485,-26.2297,2.14,1.157435
90.03254,-0.02569259,19.31903,2.1,-5.395529
90.04255,-0.02580383,-34.75475,2.05,0.7257724
90.05256,-0.0263853,28.15872,1.97,0.4030633
90.06257,-0.02165101,-27.23148,1.96,4.671667
90.07258,-0.02199196,3.806126,1.82,-3.525971
90.08259,-0.02221077,-11.14697,1.82,-0.4366936
90.0926,-0.02049675,-4.915329,1.72,0.9130822
90.10261,-0.01314293,-6.081292,1.66,1.671782
90.11262,-0.01786829,-14.25014,1.59,-3.111063
90.12263,-0.02448467,0.7060202,1.52,1.172383
90.13264,-0.02098845,-10.28661,1.47,3.752273
90.14265,-0.01315045,-5.858181,1.38,-1.230542
90.15266,-0.01899618,-9.998095,1.32,-4.048431
90.16267,-0.02180062,-9.198364,1.24,3.033541
90.17268,-0.02061219,12.85565,1.18,3.143603
90.18269,-0.009763956,-34.57718,1.13,1.401112
90.1927,-0.01345198,19.41247,1.02,-6.592793
90.20271,-0.0182761,-37.0689,1.01,-0.3243206
90.21272,-0.01727184,19.10002,0.88,5.405289
90.22272,-0.005874508,-27.37947,0.88,0.9555357
90.23273,-0.007575859,8.135459,0.74,-4.761187
90.24274,-0.008257695,-15.76423,0.74,-0.6434107
90.25275,-0.01276265,-2.658662,0.63,2.61246
90.26276,-0.008269008,3.508173,0.61,3.623709
90.27277,-0.01160824,-11.558,0.54,-4.022141
90.28278,-0.01367722,0.4406862,0.47,-1.580052
90.29279,-0.01885945,-11.23394,0.44,0.9839799
90.3028,-0.01929844,2.962988,0.38,4.546272
90.31281,-0.01697411,-6.424737,0.36,-2.372349
90.32282,-0.01997155,-3.771131,0.3,-2.399087
90.33283,-0.02299577,1.949808,0.28,0.3345754
90.34284,-0.0235504,-11.19899,0.26,2.815376
90.35285,-0.02554979,6.142626,0.2,-1.056054
90.36286,-0.02549358,-13.57621,0.2,-1.316936
90.37287,-0.02721507,6.101263,0.14,2.889391
90.38288,-0.0230918,-7.164871,0.14,-0.9740655
90.39289,-0.02349206,0.3233921,0.06,-2.654897
90.4029,-0.02096249,-9.623419,0.05,0.5910348
90.41291,-0.02087944,0.3807369,-0.02,2.892326
90.42292,-0.01500416,-1.964592,-0.03,0.8857977
90.43293,-0.01188151,-15.9743,-0.13,-6.736734
90.44294,-0.01462358,2.431885,-0.17,0.3352485
90.45295,-0.01603349,-18.50287,-0.24,5.790324
90.46296,-0.01133894,13.22475,-0.3,3.415203
90.47297,-0.009259389,-26.33318,-0.36,-4.740247
90.48298,-0.02016571,1.608226,-0.48,-5.171522
90.49299,-0.02783067,-13.30902,-0.5,4.797745
90.503,-0.02546906,2.386803,-0.59,5.015296
90.51301,-0.01490673,-13.78262,-0.65,-2.315677
90.52302,-0.01883154,-6.789911,-0.75,-6.395398
90.53303,-0.01980972,-12.5863,-0.81,1.613545
90.54304,-0.0221477,-1.804317,-0.88,5.313324
90.55305,-0.01252404,-10.46091,-0.95,-0.02660253
90.56306,-0.008672588,-4.689241,-1.04,-5.587798
90.57307,-0.008683407,-23.55228,-1.12,-0.1460564
90.58308,-0.01812546,8.74565,-1.21,3.252687
90.59309,-0.01289279,-34.19012,-1.27,3.666927
90.6031,-0.01479242,22.31771,-1.38,-5.933938
90.61311,-0.01429878,-38.36829,-1.42,-0.06277479
90.62312,-0.01862103,15.43591,-1.55,0.8528254
90.63313,-0.01437382,-30.7323,-1.57,3.071079
90.64314,-0.01343669,13.72248,-1.71,-2.060078
90.65314,-0.0114427,-23.16548,-1.73,-0.8871102
90.66315,-0.01635925,-0.8705169,-1.85,0.9231307
90.67316,-0.01124822,-10.72705,-1.9,-0.0275975
90.68317,-0.01000251,-6.994788,-2.01,-0.7825993
90.69318,-0.01850614,-8.228347,-2.06,-0.6047201
90.70319,-0.01780709,-5.544191,-2.14,1.632189
90.7132,-0.01124468,-3.811462,-2.21,0.378472
90.72321,-0.01522487,-10.09463,-2.28,-3.832967
90.73322,-0.02132081,-8.155597,-2.35,0.2249315
90.74323,-0.02285603,1.28635,-2.41,3.397659
90.75324,-0.01509171,-14.01599,-2.46,2.683414
90.76325,-0.013455,1.158898,-2.55,-5.973685
90.77326,-0.01655669,-17.17885,-2.59,-4.271376
90.78327,-0.02179026,6.714465,-2.68,5.137582
90.79328,-0.01271979,-13.13552,-2.7,3.44116
90.80329,-0.01265903,7.907064,-2.79,-2.741569
90.8133,-0.0133774,-23.53319,-2.83,-4.484056
90.82331,-0.02479694,9.441245,-2.92,2.346828
90.83332,-0.02059352,-18.87238,-2.93,3.668333
90.84333,-0.01980078,12.84001,-3.03,-1.107208
90.85334,-0.01614389,-20.98749,-3.05,-3.60395
90.86335,-0.02299532,-5.504621,-3.15,0.2469121
90.87336,-0.02167978,-3.434202,-3.17,3.098481
90.88337,-0.01812052,-5.640898,-3.23,0.6050405
90.89338,-0.01508702,-3.307682,-3.29,-3.443112
90.90339,-0.01518607,-8.710131,-3.34,0.699149
90.9134,-0.01308301,-1.383772,-3.39,1.345368
90.92341,-0.01398746,-5.944613,-3.44,1.826017
90.93342,-0.01351621,-2.850892,-3.49,-2.822454
90.94343,-0.01680586,-2.155687,-3.54,-0.2051773
90.95344,-0.01456602,-6.40579,-3.58,2.385764
90.96345,-0.01660184,-1.09808,-3.63,-0.3986282
90.97346,-0.0249848,-9.358407,-3.66,-1.76342
90.98347,-0.02630196,6.687777,-3.71,0.2901031
90.99348,-0.02077819,-8.028731,-3.71,3.434328
91.00349,-0.01947134,-1.087273,-3.78,-1.335554
91.0135,-0.02371347,-6.767903,-3.78,-4.932148
91.02351,-0.02413124,-3.117873,-3.83,3.067309
91.03352,-0.01413699,6.661054,-3.82,3.735143
91.04353,-0.008850825,-12.47634,-3.88,-0.6535022
91.05354,-0.01585627,3.698762,-3.89,-6.403922
91.06355,-0.01900863,-17.26713,-3.92,1.91909
91.07355,-0.02438852,18.83975,-3.96,3.527965
91.08356,-0.01681525,-18.59674,-3.92,1.007038
91.09357,-0.0188872,10.47488,-4,-4.217462
91.10358,-0.02376832,-10.63714,-3.96,-1.027781
91.11359,-0.02760486,3.193081,-3.99,4.140332
91.1236,-0.02266662,1.790826,-3.98,0.8179398
91.13361,-0.02058778,-4.212029,-3.99,-2.804513
91.14362,-0.01759679,3.910143,-4,-1.915881
91.15363,-0.02231206,-3.707748,-3.98,1.609051
91.16364,-0.02142288,1.095699,-4,3.224809
91.17365,-0.01702265,17.2097,-3.98,-0.118892
91.18366,-0.01679692,-20.46538,-3.98,-1.923343
91.19367,-0.02197387,23.57201,-4,-3.042248
91.20368,-0.02271133,-28.11293,-3.96,4.321563
91.21369,-0.02582732,32.4037,-3.99,0.09455892
91.2237,-0.02371569,-32.06652,-3.93,0.7654544
91.23371,-0.02717588,37.64377,-3.98,-2.868391
91.24372,-0.018012,-31.18372,-3.89,1.385413
91.25373,-0.02646774,26.52394,-3.96,-1.705853
91.26374,-0.0265367,-2.423697,-3.86,1.719936
91.27375,-0.02666668,5.745492,-3.88,0.9523948
91.28376,-0.02089711,-1.192263,-3.85,-0.8558999
91.29377,-0.03039933,1.844416,-3.85,-4.335324
91.30378,-0.03275575,-1.135551,-3.81,1.512712
91.31379,-0.02852642,11.64792,-3.8,5.135163
91.3238,-0.01797786,-6.986016,-3.76,0.3529271
91.33381,-0.01781848,8.482692,-3.77,-4.924408
91.34382,-0.02676869,-9.48402,-3.72,-1.518671
91.35383,-0.02554278,19.24728,-3.73,6.459747
91.36384,-0.01790092,-17.56874,-3.67,1.133847
91.37385,-0.02689541,30.84306,-3.7,-6.098783
91.38386,-0.02948529,-26.34944,-3.61,-0.6945226
91.39387,-0.03564771,28.60851,-3.66,2.491138
91.40388,-0.02904444,-19.95192,-3.55,5.3326
91.41389,-0.0284262,21.31534,-3.61,-6.889201
91.4239,-0.02760601,-8.658999,-3.5,-0.04507535
91.43391,-0.02700483,6.86254,-3.55,0.3409292
91.44392,-0.02090392,-1.561885,-3.48,5.203086
91.45393,-0.02559288,2.777739,-3.5,-4.064789
91.46394,-0.03063646,5.654419,-3.44,-3.572812
91.47395,-0.03267312,-0.06304356,-3.42,3.115784
91.48396,-0.0251454,6.373059,-3.41,0.0703245
91.49397,-0.0315999,-0.6659194,-3.37,-1.576941
91.50397,-0.03109981,-0.03764822,-3.36,0.3430788
91.51398,-0.03642823,10.91473,-3.33,1.836712
91.52399,-0.02785041,-9.920557,-3.29,0.1055204
91.534,-0.02908487,15.83977,-3.3,-4.265285
91.54401,-0.03169258,-13.05495,-3.24,3.16836
91.55402,-0.03181128,20.89629,-3.26,2.887176
91.56403,-0.02476913,-12.55912,-3.2,0.7737347
91.57404,-0.02949308,12.50955,-3.22,-4.83637
91.58405,-0.03416009,-9.71841,-3.16,-3.097139
91.59406,-0.04022706,14.36427,-3.17,4.7743
91.60407,-0.02344233,-7.142507,-3.12,3.001466
91.61408,-0.02601784,7.342394,-3.15,-3.562521
91.62409,-0.02874915,-5.169945,-3.11,-2.0034
91.6341,-0.03556369,6.937142,-3.11,2.091997
91.64411,-0.02461149,-5.798904,-3.09,3.554771
91.65412,-0.02594427,11.0176,-3.09,-4.149288
91.66413,-0.02256314,-11.78407,-3.06,0.3792648
91.67414,-0.02600415,32.39085,-3.08,-2.589987
91.68415,-0.02165387,-28.4574,-3.03,4.74733
91.69416,-0.02607096,27.05407,-3.07,-2.305256
91.70417,-0.02857693,-18.86802,-2.99,1.264237
91.71418,-0.02922783,19.98385,-3.03,-1.163285
91.72419,-0.0245563,-10.69794,-2.96,0.5768058
91.7342,-0.03213427,8.784211,-2.97,-1.849141
91.74421,-0.03151549,7.640864,-2.9,4.36388
91.75422,-0.02473476,-4.198117,-2.89,0.3415309
91.76423,-0.02548713,11.09229,-2.86,-3.103172
91.77424,-0.02945395,-4.815774,-2.8,-2.402392
91.78425,-0.03228424,14.34674,-2.78,3.964604
91.79426,-0.02880323,2.323055,-2.7,3.822554
91.80427,-0.02660965,1.225886,-2.68,-2.803271
91.81428,-0.03155874,4.386137,-2.62,-5.978886
91.82429,-0.0372599,6.426291,-2.56,2.381747
91.8343,-0.02990665,11.09637,-2.5,5.659753
91.84431,-0.02039565,3.283273,-2.45,-2.843991
91.85432,-0.02164331,0.4434974,-2.4,-2.170984
91.86433,-0.02808525,11.21246,-2.35,-0.2757502
91.87434,-0.02619506,3.06526,-2.26,3.53425
91.88435,-0.02335223,4.884651,-2.21,0.6681061
91.89436,-0.03256464,14.21298,-2.13,-3.680399
91.90437,-0.03287644,-4.624478,-2.04,0.9597242
91.91438,-0.03431755,30.06806,-1.99,0.7529505
91.92439,-0.03708741,-15.72193,-1.86,2.114333
91.93439,-0.04210342,29.33484,-1.83,-3.415175
91.9444,-0.04301475,-6.045129,-1.68,1.651923
91.95441,-0.03758758,22.82095,-1.64,0.3888735
91.96442,-0.03181649,-3.791942,-1.52,-1.221644
91.97443,-0.03953326,6.253653,-1.46,-3.172776
91.98444,-0.0353454,16.10107,-1.36,5.0769
91.99445,-0.02734405,-3.814684,-1.28,-0.3656437
92.00446,-0.03129875,19.07964,-1.23,-4.590794
92.01447,-0.0352174,-7.271143,-1.12,-0.00767427
92.02448,-0.03663162,21.13081,-1.08,5.975347
92.03449,-0.02958471,1.769671,-0.96,0.8945394
92.0445,-0.03335273,3.686766,-0.95,-3.089641
92.05451,-0.04044684,9.959934,-0.84,-5.327838
92.06452,-0.04233324,-4.304163,-0.8,4.556174
92.07453,-0.03271013,16.15274,-0.74,3.478299
92.08454,-0.03456751,4.329233,-0.65,-2.296342
92.09455,-0.03513085,-1.193376,-0.61,-2.981084
92.10456,-0.03756005,18.1083,-0.56,-0.1302214
92.11457,-0.03021049,-18.26325,-0.49,4.374695
92.12458,-0.03295782,29.53583,-0.5,-1.659754
92.13459,-0.03053688,-21.87896,-0.38,-0.9604934
92.1446,-0.03105371,29.47737,-0.42,-1.151918
92.15461,-0.02345775,-19.99175,-0.3,1.754567
92.16462,-0.02957112,21.01634,-0.35,-1.110901
92.17463,-0.03006743,8.587732,-0.24,3.096319
92.18464,-0.02767015,-3.152321,-0.25,0.2305893
92.19465,-0.02464109,12.22495,-0.18,-0.9142797
92.20466,-0.03331355,-8.838305,-0.16,-4.293728
92.21467,-0.03350759,17.8369,-0.1,3.920178
92.22468,-0.0298513,1.86277,-0.04,3.506472
92.23469,-0.02538436,-0.02592707,-0.02,-0.4155134
92.2447,-0.03605532,11.22359,0.03,-8.430677
92.25471,-0.03473242,-3.088939,0.08,4.854564
92.26472,-0.0312998,18.1968,0.13,4.308434
92.27473,-0.03446659,-10.65337,0.21,-1.69887
92.28474,-0.03743657,19.27036,0.22,-2.114223
92.29475,-0.03317873,-4.03241,0.32,0.8736838
92.30476,-0.0357176,11.91748,0.34,1.802524
92.31477,-0.03083478,-2.00156,0.42,0.9546689
92.32478,-0.03172466,9.999191,0.45,-1.990983
92.33479,-0.02404448,-0.1998048,0.51,0.3523243
92.3448,-0.02502022,8.369498,0.54,-0.08168343
92.3548,-0.02444559,1.064683,0.6,1.085915
92.36481,-0.02968692,5.407219,0.64,-0.2576611
92.37482,-0.02816699,0.235705,0.69,2.11046
92.38483,-0.02787132,17.64781,0.74,0.6527019
92.39484,-0.03098076,-14.3208,0.78,-1.822458
92.40485,-0.03992321,27.99863,0.84,-0.9608334
92.41486,-0.03369389,-12.70738,0.92,5.380283
92.42487,-0.02872269,29.01397,0.94,0.07523085
92.43488,-0.02650877,-18.60701,1.02,-2.791842
92.44489,-0.03150068,23.10092,1.04,-4.498454
92.4549,-0.02466403,-10.00339,1.13,7.667145
92.46491,-0.01699642,27.93633,1.16,-0.7189956
92.47492,-0.02107155,-14.39829,1.26,-0.1356508
92.48493,-0.02543095,19.48678,1.25,-3.381583
92.49494,-0.03018273,3.34272,1.36,2.298343
92.50495,-0.03190887,3.271628,1.4,2.796209
92.51496,-0.03133891,18.65237,1.47,-1.247842
92.52497,-0.03412613,-5.421003,1.56,-0.8700076
92.53498,-0.0322617,18.23371,1.59,-1.200939
92.54499,-0.03263993,0.9761361,1.7,2.570204
92.555,-0.03095292,5.790376,1.73,-0.1451471
92.56501,-0.03088398,13.76296,1.81,-0.4029954
92.57502,-0.02641876,-12.52341,1.88,-0.8235741
92.58503,-0.0243002,23.37421,1.91,-1.693022
92.59504,-0.02533376,-7.550261,2,1.714035
92.60505,-0.0292,11.15039,2.03,0.7920911
92.61506,-0.02540806,6.058573,2.11,2.088671
92.62507,-0.02427996,8.156808,2.16,-1.582924
92.63508,-0.02710359,1.66614,2.21,-4.491378
92.64509,-0.03193373,6.353435,2.27,2.206213
92.6551,-0.02894144,10.13537,2.32,4.004165
92.66511,-0.02222012,13.74799,2.4,0.8582675
92.67512,-0.02020425,-10.47299,2.45,-2.968656
92.68513,-0.03054191,22.3532,2.48,-4.379744
92.69514,-0.0269491,-14.72869,2.59,5.045768
92.70515,-0.02467381,25.36163,2.59,1.408849
92.71516,-0.01773846,-5.882209,2.69,-0.3251385
92.72517,-0.02118499,8.904503,2.7,-3.660573
92.73518,-0.02485443,2.277097,2.78,0.5368261
92.74519,-0.02725148,4.212865,2.82,2.293188
92.7552,-0.02651024,13.90614,2.88,0.3917281
92.76521,-0.02164646,-1.828808,2.94,-1.193405
92.77522,-0.01867563,7.491403,2.97,-2.564333
92.78522,-0.02524371,5.405513,3.03,1.267281
92.79523,-0.02567615,-3.718477,3.08,3.398238
92.80524,-0.02531045,18.6164,3.12,-1.581795
92.81525,-0.02363294,-12.39644,3.19,-1.494384
92.82526,-0.02245777,23.17223,3.19,-1.856
92.83527,-0.02096251,-12.98586,3.29,2.332464
92.84528,-0.02756761,14.32029,3.28,-0.4175862
92.85529,-0.02323626,0.1531858,3.37,1.122975
92.8653,-0.01988969,7.926062,3.38,-1.507235
92.87531,-0.01883222,6.077904,3.43,-0.7890056
92.88532,-0.02694564,-4.290208,3.47,-0.4032118
92.89533,-0.02292009,15.93089,3.5,3.79136
92.90534,-0.02019245,-4.506619,3.56,0.9702762
92.91535,-0.0182904,8.945964,3.56,-2.062555
92.92536,-0.02115338,-1.143645,3.63,-1.202101
92.93537,-0.02269823,4.260068,3.63,1.400434
92.94538,-0.02233325,12.03266,3.69,3.16959
92.95539,-0.02012876,-14.52063,3.7,-0.1698031
92.9654,-0.02343811,19.89818,3.73,-4.09055
92.97541,-0.02286547,-13.48228,3.8,-0.5454272
92.98542,-0.02239995,15.67366,3.77,1.251474
92.99543,-0.01799395,-5.801064,3.84,3.636439
93.00544,-0.01891572,6.955142,3.83,-3.570189
93.01545,-0.01593998,-1.426035,3.87,1.050495
93.02546,-0.01623946,5.635494,3.87,-2.037073
93.03547,-0.01547777,-6.473078,3.9,2.540142
93.04548,-0.02110681,8.820521,3.9,-0.873571
93.05549,-0.01647887,-0.7306806,3.94,2.329062
93.0655,-0.01445341,1.224256,3.93,-1.423135
93.07551,-0.01850739,-2.973153,3.95,-2.528796
93.08552,-0.0239281,5.685604,3.96,0.1165957
93.09553,-0.02115915,-3.866778,3.98,3.460524
93.10554,-0.01682911,10.17672,3.99,1.168459
93.11555,-0.0132754,-16.61268,4,-4.116472
93.12556,-0.01996587,15.88732,3.98,-2.87341
93.13557,-0.01796413,-11.479,4.03,5.673022
93.14558,-0.01240349,14.2563,3.99,0.9662277
93.15559,-0.008640765,-14.94164,4.03,-0.1175905
93.1656,-0.01676135,2.646388,3.98,-5.174427
93.17561,-0.01921199,-2.44953,4.02,2.509291
93.18562,-0.01833277,-1.143157,4.01,1.30753
93.19563,-0.01122731,7.307281,4.01,0.4238653
93.20564,-0.007462853,-13.8882,4.01,-1.937599
93.21564,-0.01243264,11.73856,3.98,-1.470001
93.22565,-0.01666269,-13.26077,4.01,3.287105
93.23566,-0.01587863,13.61141,3.97,0.836455
93.24567,-0.01495956,-9.112586,4,-1.649318
93.25568,-0.01875193,1.930236,3.97,-2.529807
93.26569,-0.01915335,0.8910897,3.98,1.275616
93.2757,-0.0203244,-4.623316,3.98,2.302267
93.28571,-0.0166998,2.920875,3.97,0.250932
93.29572,-0.01404723,-4.842046,3.98,0.9951894
93.30573,-0.01194203,1.056771,3.95,-2.966243
93.31574,-0.01242905,-1.266244,3.96,2.695686
93.32575,-0.0142118,-9.824789,3.92,-0.232645
93.33576,-0.01438973,14.0838,3.92,2.577429
93.34577,-0.01186679,-27.08099,3.89,-4.507112
93.35578,-0.0158219,24.67999,3.85,-1.164985
93.36579,-0.01627224,-26.85425,3.87,2.103644
93.3758,-0.01652662,20.39897,3.78,3.201421
93.38581,-0.008176727,-19.07247,3.82,0.1077462
93.39582,-0.01215051,5.718061,3.72,-5.935567
93.40583,-0.01524372,-11.8455,3.73,1.152684
93.41584,-0.02248254,1.812391,3.67,3.455587
93.42585,-0.01451789,-0.7296018,3.66,2.888843
93.43586,-0.009263311,-9.49585,3.61,-5.245523
93.44587,-0.01367439,-6.048372,3.55,-3.481984
93.45588,-0.0198188,-3.868597,3.52,4.005302
93.46589,-0.01446727,-4.721828,3.47,2.953095
93.4759,-0.00722424,2.39482,3.41,0.6862655
93.48591,-0.001894779,-19.41921,3.36,-5.756777
93.49592,-0.008686205,9.241731,3.27,0.6198768
93.50593,-0.007522642,-22.93072,3.24,3.201556
93.51594,-0.005206335,11.69936,3.13,-1.520533
93.52595,-0.003797138,-21.42396,3.11,-0.6130102
93.53596,-0.009537273,-1.233146,2.97,-2.260738
93.54597,-0.01068473,-8.743384,2.95,3.086731
93.55598,-0.01415103,-12.51365,2.84,-1.532471
93.56599,-0.01086612,8.212272,2.79,1.133691
93.576,-0.01006764,-23.42057,2.71,-0.1305273
93.58601,-0.01210668,7.220112,2.58,-1.619954
93.59602,-0.01307284,-22.69955,2.55,-0.2206659
93.60603,-0.01366948,2.482009,2.42,1.317289
93.61604,-0.00541618,-15.2026,2.36,2.697848
93.62605,-0.004079262,-7.301717,2.24,-4.44223
93.63605,-0.004108665,-10.05843,2.16,-1.611974
93.64606,-0.006175004,-13.98029,2.05,1.400576
93.65607,-0.003181203,0.37847,1.95,6.145055
93.66608,0.003067489,-19.51031,1.86,-2.560524
93.67609,-0.000121914,-7.182254,1.73,-7.394351
93.6861,-0.007655759,-11.11186,1.66,1.109067
93.69611,-0.003166729,-6.176229,1.55,6.484014
93.70612,0.005052385,-11.01757,1.46,1.446975
93.71613,0.002842054,-14.04742,1.34,-7.438919
93.72614,-0.002080244,-7.893641,1.26,-1.561239
93.73615,-0.001772742,-9.044267,1.17,7.025959
93.74616,0.004985194,-6.196952,1.08,3.390441
93.75617,0.005870693,-12.25644,0.98,-6.509179
93.76618,-0.003378382,-9.326354,0.9,-4.035872
93.77619,-0.009109212,-6.616614,0.82,3.058341
93.7862,-0.00546627,-5.835446,0.75,5.547021
93.79621,-0.000849278,-4.951226,0.67,-2.398828
93.80622,-0.003283197,-13.4646,0.59,-5.418611
93.81623,-0.01151197,-3.880353,0.52,1.752265
93.82624,-0.009019915,-7.023054,0.47,4.260968
93.83625,-0.003946321,-3.245819,0.39,-2.107592
93.84626,-0.003007266,-11.55176,0.33,-2.950815
93.85627,-0.008234607,-2.030356,0.25,0.1621906
93.86628,-0.009707818,-9.25425,0.21,5.000705
93.87629,-0.008373648,-3.544321,0.12,-1.950721
93.8863,-0.009558824,-9.599015,0.07,-2.546543
93.89631,-0.01042688,-7.092654,-0.01,-2.383799
93.90632,-0.01441072,-0.8587785,-0.07,6.861009
93.91633,-0.009174869,-17.96242,-0.14,0.5251686
93.92634,-0.008851128,0.3284569,-0.24,-5.324376
93.93635,-0.006840451,-18.51916,-0.29,-2.715991
93.94636,-0.005884442,0.4599354,-0.41,4.418834
93.95637,-0.002513794,-16.25756,-0.48,3.179603
93.96638,-0.001091594,-10.02753,-0.6,-2.931746
93.97639,-0.001071575,-6.282159,-0.7,-5.959092
93.9864,-0.001531902,-15.22253,-0.79,0.9827219
93.99641,0.0000411,-0.6133898,-0.91,5.196038
94.00642,0.0000438,-21.65336,-0.99,0.9240599
94.01643,-0.004710881,-2.187316,-1.13,-6.267356
94.02644,-0.003280126,-15.65805,-1.2,0.1813616
94.03645,-0.005960003,-3.706505,-1.32,2.639812
94.04646,-0.005482734,-18.92242,-1.41,3.361884
94.05647,-0.006679359,-1.941154,-1.53,-4.468389
94.06647,-0.001988457,-15.00904,-1.61,-0.8871081
94.07648,-0.002390585,-8.914372,-1.73,1.335906
94.08649,-0.002454235,-11.74252,-1.83,2.718679
94.0965,-0.004882732,-5.852456,-1.93,-0.6757409
94.10651,-0.00226135,-11.93843,-2.03,-1.120841
94.11652,0.000293579,-8.079699,-2.14,-1.518542
94.12653,-0.004198614,-8.884295,-2.23,1.751898
94.13654,-0.009783694,-10.2348,-2.33,1.277188
94.14655,-0.006763996,-6.530431,-2.42,2.090348
94.15656,-0.002691086,-9.60829,-2.52,-4.110867
94.16657,-0.00329347,-8.81041,-2.61,-2.143469
94.17658,-0.00508653,-10.41663,-2.71,2.63666
94.18659,-0.00388627,-6.216163,-2.8,2.570015
94.1966,-0.0000206,-6.167688,-2.89,-0.3438383
94.20661,0.002636764,-14.84306,-2.99,-5.350838
94.21662,-0.003663448,-3.48654,-3.08,0.6822044
94.22663,-0.00715027,-14.92156,-3.15,3.180865
94.23664,-0.007056213,2.852762,-3.25,0.2738186
94.24665,-0.002929884,-22.04928,-3.31,-3.418519
94.25666,-0.006603545,6.216673,-3.43,-1.701355
94.26667,-0.007579551,-22.13504,-3.46,3.036281
94.27668,-0.009262202,4.980136,-3.58,1.8621
94.28669,-0.000602543,-12.4986,-3.62,-0.08045387
94.2967,-0.004073562,-6.92495,-3.73,-4.60128
94.30671,-0.008494925,-7.045322,-3.78,0.4404673
94.31672,-0.006569262,-6.669748,-3.86,3.457175
94.32673,-0.003854681,-6.484852,-3.93,0.1559175
94.33674,-0.008026481,-5.358648,-3.99,-2.986835
94.34675,-0.007909273,-12.31011,-4.06,-0.136167
94.35676,-0.008170905,3.989649,-4.12,1.644493
94.36677,-0.006562924,-18.84577,-4.18,0.6957093
94.37678,-0.004829507,9.488821,-4.26,-1.497847
94.38679,-0.001487534,-20.14924,-4.3,-1.229166
94.3968,-0.006894436,5.866327,-4.38,0.8583984
94.40681,-0.007590258,-15.9838,-4.41,0.8695127
94.41682,-0.008457338,8.509371,-4.49,-0.5393199
94.42683,-0.006974895,-16.81642,-4.51,-1.432477
94.43684,-0.01166724,3.779882,-4.59,1.060585
94.44685,-0.01116757,-11.02007,-4.6,0.985063
94.45686,-0.008618858,2.247603,-4.67,-0.7705986
94.46687,-0.005170263,4.398052,-4.69,-1.522356
94.47688,-0.00819358,-16.22219,-4.74,1.50416
94.48689,-0.01137823,8.870337,-4.8,0.8780457
94.49689,-0.01087164,-11.74221,-4.8,-0.4773939
94.5069,-0.01322105,5.071773,-4.86,-1.189193
94.51691,-0.01006925,-5.882835,-4.86,0.5974029
94.52692,-0.009030404,-3.4408,-4.91,1.184406
94.53693,-0.01348076,0.8861576,-4.93,-0.2779534
94.54694,-0.01208513,-7.86641,-4.95,-0.06243467
94.55695,-0.008058717,8.252651,-4.99,-0.5573123
94.56696,-0.007471484,-15.3581,-4.99,-0.3688449
94.57697,-0.01355462,15.21256,-5.05,2.324959
94.58698,-0.01083505,-11.56494,-5.02,-0.8760077
94.59699,-0.01001608,9.889086,-5.08,1.941818
94.607,-0.008621447,-10.49975,-5.07,-3.047307
94.61701,-0.01543612,2.465073,-5.12,1.05218
94.62702,-0.0156129,0.6265711,-5.1,1.491628
94.63703,-0.0132271,0.08722121,-5.13,1.368554
94.64704,-0.008918758,-2.166881,-5.13,-0.9779848
94.65705,-0.01668558,1.668716,-5.15,-3.051097
94.66706,-0.01744656,-1.123615,-5.14,1.29268
94.67707,-0.01463328,1.098045,-5.16,2.57245
94.68708,-0.00895242,-0.6256274,-5.17,0.000770193
94.69709,-0.01018379,-2.443712,-5.18,-3.868273
94.7071,-0.0154527,-2.443708,-5.19,-1.232895
94.71711,-0.01714286,6.05894,-5.19,5.648612
94.72712,-0.01187772,-6.507864,-5.19,2.351221
94.73713,-0.01466646,6.671459,-5.21,-4.308537
94.74714,-0.02094526,-7.236123,-5.19,-4.331396
94.75715,-0.02055067,11.41053,-5.21,5.912305
94.76716,-0.01292012,1.50328,-5.18,4.169125
94.77717,-0.01142856,-14.9517,-5.19,-0.01531836
94.78718,-0.01793758,16.45607,-5.21,-7.985252
94.79719,-0.01901181,-15.48136,-5.16,0.3608371
94.8072,-0.02035763,15.68068,-5.2,5.628365
94.81721,-0.0169198,-10.89956,-5.15,1.936591
94.82722,-0.01702307,8.392522,-5.19,-5.048577
94.83723,-0.01727342,-1.31977,-5.15,-1.626089
94.84724,-0.01808433,-3.405487,-5.16,2.498429
94.85725,-0.01998036,8.991076,-5.16,5.138205
94.86726,-0.01337398,-8.900774,-5.14,-1.624737
94.87727,-0.01503703,12.95686,-5.16,-4.570556
94.88728,-0.02066576,-12.52553,-5.12,-1.32774
94.89729,-0.02028491,15.68117,-5.14,5.374115
94.9073,-0.0120894,-8.504937,-5.1,1.563498
94.9173,-0.01428934,5.094388,-5.14,-4.315884
94.92731,-0.01792169,-4.007196,-5.09,-2.482627
94.93732,-0.02340944,2.219307,-5.11,3.283394
94.94733,-0.01756676,3.762809,-5.07,3.869305
94.95734,-0.01936444,-2.609414,-5.08,-1.90872
94.96735,-0.01895831,7.343035,-5.05,-4.113467
94.97736,-0.02024833,-3.130639,-5.03,-0.6090023
94.98737,-0.02264811,-0.1000216,-5.03,3.53204
94.99738,-0.0214173,10.79401,-5,0.7858965
95.00739,-0.01739334,-8.161082,-4.97,-2.388259
95.0174,-0.01621902,9.62612,-4.98,-0.9332743
95.02741,-0.01640483,-5.314671,-4.93,0.4351314
95.03742,-0.01892877,7.070796,-4.94,2.91046
95.04743,-0.0176086,-1.648464,-4.9,-0.6526016
95.05744,-0.01576827,3.036551,-4.9,-1.190638
95.06745,-0.01346927,8.616249,-4.87,-1.448919
95.07746,-0.009690993,-18.12931,-4.83,1.112833
95.08747,-0.01610562,22.65445,-4.85,1.59852
95.09748,-0.01067718,-13.6818,-4.77,0.8702195
95.10749,-0.01383133,21.23415,-4.79,-2.470291
95.1175,-0.01615232,-14.58741,-4.71,-1.556347
95.12751,-0.02692475,21.82751,-4.71,1.569185
95.13752,-0.02450819,-5.03019,-4.61,3.183981
95.14753,-0.02436195,13.94086,-4.6,-1.411871
95.15754,-0.02737171,-3.320896,-4.52,-3.103218
95.16755,-0.03765619,13.14436,-4.48,-1.191345
95.17756,-0.03260115,0.497992,-4.38,4.897266
95.18757,-0.02547352,19.08615,-4.34,1.590653
95.19758,-0.01601045,-9.465443,-4.26,-0.04052392
95.20759,-0.02312473,21.47951,-4.23,-6.789706
95.2176,-0.02294386,-8.656263,-4.12,2.859927
95.22761,-0.0225952,20.21128,-4.09,3.475488
95.23762,-0.01739685,-2.803365,-3.99,0.1577992
95.24763,-0.02056071,10.35408,-3.97,-3.316491
95.25764,-0.02415212,0.7963132,-3.87,-3.144141
95.26765,-0.02864025,7.353149,-3.83,3.871412
95.27766,-0.02649266,7.532948,-3.74,2.296434
95.28767,-0.02502006,8.754752,-3.68,-0.8796428
95.29768,-0.02566387,0.297056,-3.6,-3.19465
95.30769,-0.02748448,17.03078,-3.55,0.6277011
95.3177,-0.0250192,-10.37453,-3.45,2.848564
95.32771,-0.02924585,29.50963,-3.43,-0.280628
95.33772,-0.02310439,-14.71821,-3.3,-0.1326824
95.34772,-0.02456288,22.39132,-3.31,-3.325165
95.35773,-0.02355739,-1.071488,-3.18,3.50967
95.36774,-0.02776774,2.731442,-3.16,0.2797879
95.37775,-0.0266846,27.10954,-3.08,0.2412831
95.38776,-0.02538071,-11.77424,-3.01,-1.293527
95.39777,-0.02508288,16.77224,-2.98,-1.929679
95.40778,-0.0274816,1.119821,-2.88,3.337113
95.41779,-0.02816545,4.820905,-2.84,0.3009034
95.4278,-0.0236303,15.42092,-2.77,0.824802
95.43781,-0.02240571,-5.249977,-2.71,-2.977597
95.44782,-0.02588947,13.88112,-2.67,1.192751
95.45783,-0.02558043,5.42445,-2.57,2.55043
95.46784,-0.02179254,0.5656729,-2.54,1.221695
95.47785,-0.01860634,18.47427,-2.47,-1.985798
95.48786,-0.01921029,-11.12455,-2.38,0.02781877
95.49787,-0.02985303,24.72126,-2.35,-1.53526
95.50788,-0.0255843,-10.82286,-2.23,4.231677
95.51789,-0.02178473,25.7996,-2.22,-2.061581
95.5279,-0.01816778,-8.231654,-2.1,0.1872579
95.53791,-0.02784512,17.7927,-2.07,-1.478675
95.54792,-0.02906518,3.10333,-1.95,1.930574
95.55793,-0.03292101,10.95937,-1.9,0.8210191
95.56794,-0.03149583,9.307591,-1.8,0.2226637
95.57795,-0.03418393,11.20017,-1.72,1.18611
95.58796,-0.03238828,3.357076,-1.63,-2.501435
95.59797,-0.03750491,14.8621,-1.55,-0.4406562
95.60798,-0.03579884,-4.209575,-1.45,1.702192
95.61799,-0.03408976,28.0086,-1.38,1.631242
95.628,-0.02487736,-14.00397,-1.28,-0.2961126
95.63801,-0.0292749,28.70908,-1.23,-5.683831
95.64802,-0.02849826,-19.90423,-1.12,3.531971
95.65803,-0.02846213,39.06971,-1.09,0.7994373
95.66804,-0.02412985,-8.063311,-0.96,3.277313
95.67805,-0.02424229,12.54406,-0.96,-4.844487
95.68806,-0.02800986,4.467623,-0.85,-1.67946
95.69807,-0.03367656,3.070528,-0.8,2.379914
95.70808,-0.02820752,14.90421,-0.73,3.360884
95.71809,-0.02590282,-0.3859031,-0.65,-2.061873
95.7281,-0.02169786,9.277136,-0.62,-1.86691
95.73811,-0.02675369,4.423241,-0.54,-1.498015
95.74812,-0.02632883,3.466871,-0.48,3.487088
95.75813,-0.02177197,15.12319,-0.42,0.2169966
95.76814,-0.01164264,-4.64258,-0.34,-0.08830929
95.77814,-0.01367367,22.13149,-0.3,-2.671941
95.78815,-0.01325741,-11.23741,-0.19,-0.1146526
95.79816,-0.01732256,26.94645,-0.16,2.134185
95.80817,-0.01661483,-3.581173,-0.03,2.532821
95.81818,-0.02312896,19.78775,0,-2.069509
95.82819,-0.02874561,3.035305,0.15,-2.313121
95.8382,-0.0366797,11.14094,0.21,-0.07759999
95.84821,-0.03542933,16.53227,0.36,3.874137
95.85822,-0.03834961,11.89808,0.46,0.3942543
95.86823,-0.02866904,13.48847,0.59,-1.589035
95.87824,-0.02178206,11.38078,0.7,-1.753471
95.88825,-0.02420693,18.21525,0.82,-1.578565
95.89826,-0.02258352,0.9175568,0.94,3.547293
95.90827,-0.02264297,26.69319,1.04,0.7345563
95.91828,-0.01765805,2.85922,1.19,-0.7751746
95.92829,-0.0178128,17.50821,1.26,-1.642214
95.9383,-0.01733877,-3.745147,1.4,-0.2696619
95.94831,-0.03450806,32.90678,1.49,0.1545439
95.95832,-0.02765634,-7.322265,1.67,3.129036
95.96833,-0.03197024,37.42463,1.73,-1.701001
95.97834,-0.02532091,-14.65017,1.91,0.1353778
95.98835,-0.03808139,28.84595,1.96,-2.404773
95.99836,-0.03542196,4.418036,2.17,0.7991342
96.00837,-0.03548449,16.29888,2.23,3.3585
96.01838,-0.02535077,17.72082,2.4,-0.8594652
96.02839,-0.02844707,4.967247,2.49,-0.04276003
96.0384,-0.023582,10.06256,2.61,-1.620194
96.04841,-0.02114766,17.749,2.72,-1.653281
96.05842,-0.0213666,-4.803623,2.84,1.588601
96.06843,-0.02691414,10.17231,2.92,1.458843
96.07844,-0.02716798,38.2505,3.06,2.453032
96.08845,-0.02033497,-16.90766,3.18,0.4574468
96.09846,-0.02345618,41.89555,3.24,-3.403194
96.10847,-0.02538093,-21.70189,3.4,-2.383252
96.11848,-0.03861926,39.86622,3.43,2.252932
96.12849,-0.02614328,-7.109058,3.63,5.994144
96.1385,-0.02928072,20.37274,3.64,-1.510921
96.14851,-0.0203986,3.644779,3.8,-4.63904
96.15852,-0.03126903,1.559617,3.85,-2.389839
96.16853,-0.02935503,16.45518,3.97,3.327972
96.17854,-0.02474082,6.342619,4.08,4.533566
96.18855,-0.01815814,12.18711,4.15,-0.1792473
96.19855,-0.01618145,12.68655,4.23,-5.85311
96.20856,-0.02001004,-6.67648,4.32,0.5648801
96.21857,-0.0246318,29.21033,4.37,1.721997
96.22858,-0.0196481,-5.234495,4.51,5.390072
96.23859,-0.01758883,7.20847,4.53,-3.083208
96.2486,-0.02340548,17.56023,4.63,-3.120317
96.25861,-0.02393584,-9.944041,4.72,0.9162135
96.26862,-0.02394366,27.9874,4.76,1.497894
96.27863,-0.01772828,-11.62982,4.89,1.912742
96.28864,-0.02754423,11.67079,4.91,-3.134935
96.29865,-0.02305491,9.750121,5.02,1.029586
96.30866,-0.02283921,3.624588,5.08,2.802081
96.31867,-0.01783568,7.952751,5.14,1.028646
96.32868,-0.01776772,17.3429,5.22,-4.638569
96.33869,-0.02137472,-22.96364,5.27,-4.50174
96.3487,-0.0283781,34.9673,5.33,5.325824
96.35871,-0.01446067,-16.31079,5.44,1.798284
96.36872,-0.01399465,22.06308,5.44,-3.443035
96.37873,-0.007905992,-7.359434,5.55,-4.141335
96.38874,-0.01853296,1.906628,5.56,1.109177
96.39875,-0.01591338,14.04109,5.63,5.333691
96.40876,-0.01509122,-2.185903,5.69,0.394732
96.41877,-0.01292553,12.96953,5.72,-3.184489
96.42878,-0.01052154,-2.578212,5.78,-3.463276
96.43879,-0.01500005,9.15929,5.81,1.047128
96.4488,-0.01525464,0.3428739,5.87,3.334564
96.45881,-0.01769619,3.146775,5.91,1.092309
96.46882,-0.01496893,14.62775,5.96,-1.236641
96.47883,-0.01113661,2.528096,6.02,1.085097
96.48884,-0.008071771,-5.360539,6.03,-3.393538
96.49885,-0.01228737,15.70236,6.09,0.3604307
96.50886,-0.01410306,-10.88698,6.13,1.98225
96.51887,-0.01634764,22.90157,6.17,3.612046
96.52888,-0.01224288,-11.69494,6.24,-0.3076215
96.53889,-0.01189011,19.74198,6.24,-4.53964
96.5489,-0.008191085,-8.323625,6.32,-3.333431
96.55891,-0.01510321,6.304609,6.32,2.341903
96.56892,-0.01058984,-3.471662,6.38,3.607946
96.57893,-0.01220934,16.38768,6.41,1.018556
96.58894,-0.002250125,-6.127708,6.46,-1.664178
96.59895,0.001338769,6.198283,6.45,-4.777206
96.60896,-0.001174015,-1.004725,6.5,1.717899
96.61897,-0.007992939,1.826473,6.51,2.678605
96.62897,-0.00723016,12.94878,6.55,4.038942
96.63898,-0.001917284,-8.586076,6.58,-3.520801
96.64899,-0.007139493,16.08869,6.57,-4.185568
96.659,-0.007539521,-15.40942,6.63,-1.276324
96.66901,-0.01551197,14.40402,6.62,4.010909
96.67902,-0.01055425,-3.389177,6.69,4.556985
96.68903,-0.009561758,10.1332,6.68,-1.20556
96.69904,-0.000677326,-7.144086,6.71,-3.349798
96.70905,-0.006160252,2.910713,6.71,-3.520767
96.71906,-0.006519817,-7.392123,6.74,4.710981
96.72907,-0.006513561,17.68793,6.75,3.783975
96.73908,0.001150975,-19.2444,6.77,-0.09692709
96.74909,-0.001352768,25.27889,6.74,-5.486031
96.7591,0.002980332,-21.15338,6.8,-2.155264
96.76911,-0.001078748,-0.3054518,6.73,1.565381
96.77912,-0.000110708,5.504788,6.78,3.881443
96.78913,-0.001051279,-10.4397,6.78,0.0537174
96.79914,-0.00293123,14.57227,6.76,-3.017755
96.80915,0.001757557,-16.45506,6.79,-2.071341
96.81916,-0.004728233,13.22158,6.74,1.105454
96.82917,-0.002524927,-16.20138,6.78,2.833739
96.83918,-0.008649061,13.72655,6.74,2.247872
96.84919,-0.000730415,-9.789192,6.77,-1.428888
96.8592,0.00233241,7.385533,6.72,-4.498873
96.86921,0.003056274,-11.01616,6.74,-1.54334
96.87922,-0.003570767,3.83331,6.7,4.131794
96.88923,0.00287203,0.102716,6.73,3.429533
96.89924,0.005586479,-1.383902,6.68,-1.868705
96.90925,0.006547784,-8.085572,6.66,-5.463334
96.91926,-0.005279886,-1.170035,6.63,-1.940702
96.92927,-0.004541126,-10.73806,6.63,6.094154
96.93928,-0.003271552,15.17372,6.58,0.5542485
96.94929,0.002643132,-2.2269,6.6,-0.3119115
96.9593,0.004133551,-13.78208,6.53,-5.331288
96.96931,-0.000427449,12.02184,6.49,-0.04772124
96.97932,0.00313531,-38.06243,6.49,3.78914
96.98933,0.003258898,29.95423,6.4,1.662331
96.99934,0.01212466,-27.89085,6.43,1.905725
97.00935,0.006880929,8.860077,6.31,-5.589851
97.01936,0.006190579,-9.958242,6.33,-1.90128
97.02937,0.003048284,-9.996777,6.24,2.650641
97.03938,0.002525209,6.45708,6.22,3.396826
97.04939,0.000985628,-13.94106,6.17,-0.4615941
97.05939,0.003562487,-0.3491631,6.11,-2.774696
97.0694,0.001984705,-4.974548,6.08,-2.768791
97.07941,0.000732331,-10.64164,6.02,3.459149
97.08942,0.000595351,1.548707,5.96,0.9341529
97.09943,0.005355057,-13.60386,5.92,-0.1107165
97.10944,0.006062713,0.2870188,5.84,-4.0923
97.11945,0.004593666,-18.75542,5.8,0.8689264
97.12946,0.001754449,4.006415,5.71,1.668119
97.13947,0.007033017,-17.73678,5.68,0.583065
97.14948,0.008745273,2.202316,5.57,-0.9128433
97.15949,0.01132161,-10.04829,5.53,-1.769765
97.1695,0.006896805,-20.31758,5.42,0.584664
97.17951,0.003558313,2.792963,5.33,-0.1460263
97.18952,0.004346684,-16.78754,5.29,-0.5530936
97.19953,0.005593862,-1.363007,5.18,0.1442555
97.20954,0.0100093,-12.68692,5.12,-1.141445
97.21955,0.009351401,-14.57571,5,-0.4507115
97.22956,0.00488357,-3.329302,4.93,-2.987142
97.23957,0.007184474,-18.18796,4.84,5.094997
97.24958,0.01317823,5.33517,4.75,-0.7949611
97.25959,0.01691793,-29.48634,4.66,0.9129986
97.2696,0.01255479,-1.631438,4.54,-3.405011
97.27961,0.01111002,-17.2088,4.46,0.52993
97.28962,0.01159354,0.643262,4.34,4.258136
97.29963,0.01690496,-20.74706,4.27,-0.9978074
97.30964,0.009806257,-2.068706,4.13,-3.872415
97.31965,0.006577163,-18.34166,4.06,-0.7881956
97.32966,0.007779525,-0.3372386,3.93,4.286819
97.33967,0.01470794,-16.80425,3.86,0.3383505
97.34968,0.01327256,-11.74339,3.72,-4.386944
97.35969,0.008992967,-8.208059,3.63,-0.5247613
97.3697,0.008933063,-14.67065,3.53,4.90932
97.37971,0.01483539,4.512012,3.41,0.8565266
97.38972,0.01488025,-28.84343,3.31,-4.247615
97.39973,0.007306823,7.560217,3.17,-2.903043
97.40974,0.007671691,-27.33976,3.1,4.961565
97.41975,0.01379273,-1.676777,2.93,1.530002
97.42976,0.01790582,-18.27737,2.85,-5.971675
97.43977,0.0127009,-15.67906,2.68,-2.738055
97.44978,0.01761298,-11.10358,2.59,3.046307
97.45979,0.0270649,-13.66272,2.43,4.462064
97.4698,0.03112812,-8.295931,2.31,-2.81576
97.4798,0.02743079,-22.28179,2.16,-3.391496
97.48981,0.02107062,-3.471026,2.02,-0.26947
97.49982,0.02009973,-18.9002,1.91,3.965449
97.50983,0.02079559,-2.467415,1.76,1.644438
97.51984,0.02282663,-24.12763,1.66,-3.885404
97.52985,0.01381523,2.570587,1.52,-3.088404
97.53986,0.01494641,-23.69432,1.45,2.977953
97.54987,0.018739,5.163341,1.3,3.12416
97.55988,0.02563795,-27.08014,1.24,-2.129689
97.56989,0.01993719,6.033673,1.09,-4.906968
97.5799,0.01601394,-20.20053,1.04,-0.03899369
97.58991,0.01597179,-1.07905,0.9,4.864417
97.59992,0.02083429,-6.793648,0.85,1.252889
97.60993,0.01980384,-20.81391,0.71,-3.056622
97.61994,0.01506764,1.572974,0.65,-4.051325
97.62995,0.01425645,-15.96079,0.55,4.766873
97.63996,0.01879577,-0.6216871,0.47,2.529178
97.64997,0.01823555,-17.87971,0.37,-2.132112
97.65998,0.0108957,-3.169484,0.29,-5.087403
97.66999,0.009218378,-15.32294,0.21,0.4978573
97.68,0.01368985,0.842775,0.11,4.369795
97.69001,0.01868821,-18.29627,0.04,-1.327983
97.70002,0.01520145,-2.748544,-0.07,-2.350678
97.71003,0.01255245,-17.97913,-0.13,-0.2753115
97.72004,0.01481596,1.456395,-0.25,2.081128
97.73005,0.01778832,-17.49767,-0.32,-0.8537086
97.74006,0.01335659,-5.598525,-0.45,-0.3665095
97.75007,0.01211672,-15.08807,-0.52,0.6425617
97.76008,0.01459144,-3.739028,-0.64,-1.052109
97.77009,0.01808966,-15.3081,-0.73,-1.644218
97.7801,0.01634684,-12.72414,-0.86,0.8586606
97.79011,0.01425889,-6.54644,-0.96,1.597606
97.80012,0.01652746,-16.47165,-1.06,-1.368402
97.81013,0.02079158,-6.566365,-1.19,-3.032398
97.82014,0.0181652,-19.53897,-1.29,2.55196
97.83015,0.01409926,-3.076179,-1.43,2.15088
97.84016,0.0149987,-17.82315,-1.52,-1.030828
97.85017,0.01651354,-9.212757,-1.66,-4.694162
97.86018,0.01370585,-9.135472,-1.76,2.053427
97.87019,0.01301464,-18.74545,-1.88,3.961223
97.8802,0.01425797,-3.552293,-2.02,-1.961719
97.89021,0.01692518,-17.84524,-2.12,-3.615771
97.90022,0.01845259,-5.744577,-2.26,-0.2595963
97.91022,0.02250793,-23.04566,-2.38,5.956486
97.92023,0.02185724,-4.609981,-2.53,-2.326367
97.93024,0.02008817,-18.96942,-2.64,-4.038098
97.94025,0.01736192,-11.94962,-2.79,0.4996665
97.95026,0.01927435,-15.2316,-2.91,4.498583
97.96027,0.0168463,-4.648107,-3.05,-1.26959
97.97028,0.01410476,-18.77124,-3.16,-4.835975
97.98029,0.01235079,-5.586812,-3.32,1.709264
97.9903,0.01708332,-11.11341,-3.42,5.226618
98.00031,0.01662741,-12.37267,-3.56,-1.115537
98.01032,0.01464557,-14.50337,-3.68,-4.244668
98.02033,0.01494906,-13.2803,-3.81,-0.9964765
98.03034,0.01483063,-4.254357,-3.92,6.118611
98.04035,0.01597046,-18.04147,-4.04,-1.017953
98.05036,0.01378598,-3.769552,-4.17,-2.787274
98.06037,0.01295889,-24.66988,-4.28,-4.465392
98.07038,0.0106566,0.1086055,-4.41,5.114689
98.08039,0.01321481,-28.87402,-4.51,1.317312
98.0904,0.01478441,11.07607,-4.66,-2.271343
98.10041,0.01364861,-35.95749,-4.72,-6.564893
98.11042,0.009646205,11.75478,-4.9,4.462675
98.12043,0.01535533,-27.49752,-4.93,5.851811
98.13044,0.01408616,4.132466,-5.12,-3.381947
98.14045,0.01404015,-26.69311,-5.16,-5.823003
98.15046,0.0105452,0.5449593,-5.34,1.134251
98.16047,0.01423008,-15.05299,-5.37,7.715307
98.17048,0.01358601,-18.0709,-5.54,-0.579784
98.18049,0.01371756,-0.904354,-5.63,-4.425879
98.1905,0.01483536,-21.08086,-5.72,-1.846715
98.20051,0.007037269,0.5081251,-5.83,4.168921
98.21052,0.01014511,-16.97317,-5.9,3.445541
98.22053,0.01618457,1.278128,-6.02,-4.266478
98.23054,0.015412,-21.73848,-6.09,-3.250416
98.24055,0.00855097,0.151074,-6.2,2.506699
98.25056,0.01186574,-11.10649,-6.26,5.179962
98.26057,0.0183578,-2.271054,-6.37,-2.46456
98.27058,0.01631798,-16.28171,-6.44,-5.584558
98.28059,0.006585825,1.419047,-6.54,-1.506293
98.2906,0.008437568,-9.508117,-6.59,6.705252
98.30061,0.0159112,-3.800837,-6.68,2.857913
98.31062,0.01595348,-10.66751,-6.74,-7.373643
98.32063,0.002640829,-4.943767,-6.81,-2.406969
98.33064,0.003835424,-3.812053,-6.86,6.236061
98.34064,0.01122121,-4.543425,-6.92,3.604268
98.35065,0.0119318,-7.448097,-6.98,-7.002116
98.36066,0.002462777,-5.337188,-7.02,-2.906722
98.37067,0.003279609,-1.903637,-7.06,4.25914
98.38068,0.007415291,1.756457,-7.1,5.628918
98.39069,0.01043885,-9.430409,-7.15,-2.592525
98.4007,0.005416864,1.493019,-7.18,-4.267702
98.41071,0.00227847,-8.148245,-7.21,0.2278568
98.42072,0.002531801,7.261337,-7.24,5.353007
98.43073,0.007020629,-10.34511,-7.26,0.8405653
98.44074,0.007619939,5.454826,-7.3,-4.418183
98.45075,0.003388995,-12.2394,-7.3,-1.786814
98.46076,0.001173932,7.244102,-7.33,3.385178
98.47077,0.008916209,-4.808959,-7.34,3.828699
98.48078,0.007243944,2.07241,-7.37,-3.357291
98.49079,0.003474772,-6.700682,-7.37,-2.15366
98.5008,-0.001671004,5.825323,-7.39,0.1016779
98.51081,0.000179195,-4.352984,-7.38,3.381419
98.52082,0.00200867,4.145549,-7.41,-1.528282
98.53083,0.0000116,-5.008971,-7.4,-1.216484
98.54084,-0.005866789,4.323661,-7.41,-0.3600041
98.55085,-0.003507408,3.774058,-7.39,1.572759
98.56086,-0.000181534,1.641789,-7.4,-0.008856956
98.57087,-0.001983382,2.198175,-7.4,-1.475131
98.58088,-0.003718513,-10.77436,-7.39,0.9761147
98.59089,-0.005004363,12.53755,-7.39,-1.038175
98.6009,-0.003213315,-7.542537,-7.36,2.806252
98.61091,-0.002105157,8.890454,-7.38,-2.034139
98.62092,-0.004366106,-3.943005,-7.35,0.992061
98.63093,-0.007018567,-2.113555,-7.37,-2.552903
98.64094,-0.007355234,12.09755,-7.33,2.369221
98.65095,-0.003380564,-14.99847,-7.33,-0.1191951
98.66096,-0.003089932,16.72222,-7.33,0.2085825
98.67097,-0.004681097,-10.28374,-7.3,-0.5748129
98.68098,-0.005725005,10.48982,-7.32,-0.9026704
98.69099,-0.001808436,-3.199848,-7.27,2.314934
98.701,-0.002014619,1.910572,-7.29,-0.807577
98.71101,-0.00688557,2.419417,-7.27,-0.2790603
98.72102,-0.01125541,-1.775464,-7.26,-1.380976
98.73103,-0.01167226,10.96458,-7.24,2.579241
98.74104,-0.007769731,-9.688965,-7.22,-0.5706742
98.75105,-0.01083425,11.63567,-7.23,-0.5629935
98.76105,-0.01301706,-10.22855,-7.18,-1.288597
98.77106,-0.01097937,17.54616,-7.19,2.90944
98.78107,-0.003420909,-12.57058,-7.14,1.186513
98.79108,-0.00678994,12.16032,-7.17,-2.199663
98.80109,-0.01087736,-5.280555,-7.11,-0.8864962
98.8111,-0.01259587,10.1256,-7.13,1.309204
98.82111,-0.008174313,-4.302553,-7.08,3.465407
98.83112,-0.009998388,4.2603,-7.1,-3.785416
98.84113,-0.0149,1.899252,-7.05,-1.606303
98.85114,-0.01661481,-1.086398,-7.05,0.5122061
98.86115,-0.01124008,7.877245,-7.02,5.438392
98.87116,-0.007959601,-7.751251,-7.02,-1.175998
98.88117,-0.008966565,8.054643,-7.01,-4.117732
98.89118,-0.01168824,-5.615341,-6.97,-0.08347368
98.90119,-0.008570589,12.35149,-6.97,5.084115
98.9112,-0.002409934,-3.983661,-6.93,1.729369
98.92121,-0.008862564,1.254953,-6.94,-5.109646
98.93122,-0.01618028,4.989651,-6.91,-1.165724
98.94123,-0.01649561,3.425495,-6.88,3.964491
98.95124,-0.01139832,3.920218,-6.86,2.312824
98.96125,-0.01040567,0.6043821,-6.84,-3.601784
98.97126,-0.01497039,-0.2025239,-6.81,-3.226751
98.98127,-0.01720369,11.22656,-6.78,2.70212
98.99128,-0.01039143,-5.479164,-6.73,4.886862
99.00129,-0.006052275,12.56427,-6.73,-1.359874
99.0113,-0.006042799,-2.066063,-6.67,-4.251409
99.02131,-0.005436934,0.7561697,-6.67,-0.836086
99.03132,-0.001977974,16.6858,-6.6,5.372484
99.04133,0.000178353,-8.735306,-6.57,1.171864
99.05134,-0.001451622,20.41866,-6.53,-3.869018
99.06135,-0.006335595,-13.56385,-6.47,-3.241396
99.07136,-0.01293219,23.6697,-6.42,2.242874
99.08137,-0.01319905,-5.208368,-6.31,4.924545
99.09138,-0.01187216,20.12,-6.28,-1.699638
99.10139,-0.01222585,-0.1910389,-6.15,-4.632895
99.1114,-0.02227837,15.46968,-6.09,-0.1614472
99.12141,-0.01854398,9.935633,-5.96,5.832231
99.13142,-0.01285083,11.38567,-5.88,0.4572894
99.14143,-0.01129943,12.28856,-5.76,-4.786047
99.15144,-0.01582219,7.367913,-5.65,-1.898278
99.16145,-0.01600854,20.96593,-5.53,5.205301
99.17146,-0.008464174,7.362317,-5.39,2.353633
99.18147,-0.01115451,22.37757,-5.29,-3.404054
99.19147,-0.01679098,-0.5362495,-5.13,-5.535104
99.20148,-0.01797282,31.52173,-5.01,3.873457
99.21149,-0.008961132,7.955005,-4.83,5.396151
99.2215,-0.006497144,14.43018,-4.73,-1.516509
99.23151,-0.01244818,17.69951,-4.54,-7.095785
99.24152,-0.02031223,10.60273,-4.39,2.797954
99.25153,-0.02049461,31.72973,-4.21,5.419569
99.26154,-0.01891546,1.810152,-4.04,1.341771
99.27155,-0.02612304,23.52009,-3.88,-6.071478
99.28156,-0.03349391,19.56611,-3.66,-4.224596
99.29157,-0.03360853,9.569064,-3.49,4.875255
99.30158,-0.02595501,32.14281,-3.3,2.794455
99.31159,-0.02465639,5.957686,-3.11,-3.228968
99.3216,-0.02522937,17.03312,-2.97,-3.44715
99.33161,-0.02180574,25.58708,-2.76,3.216197
99.34162,-0.01775377,-0.9990193,-2.6,2.319444
99.35163,-0.02010029,34.84477,-2.45,-2.25178
99.36164,-0.01979778,3.114515,-2.25,-2.554854
99.37165,-0.01891873,16.27335,-2.13,2.169338
99.38166,-0.02219706,19.62843,-1.93,1.202162
99.39167,-0.026289,9.643208,-1.76,1.197789
99.40168,-0.02611801,19.24125,-1.61,-3.17796
99.41169,-0.02642582,20.75469,-1.43,2.288751
99.4217,-0.01852007,3.219187,-1.28,-1.343791
99.43171,-0.02366839,33.0485,-1.14,-0.09794226
99.44172,-0.02137836,-8.481405,-0.94,-2.199544
99.45173,-0.02425481,44.63098,-0.84,4.194202
99.46174,-0.01420327,-12.98811,-0.61,0.5635892
99.47175,-0.01875201,34.73963,-0.55,-5.073894
99.48176,-0.02301716,12.0758,-0.32,0.9143103
99.49177,-0.02696606,10.50663,-0.22,2.577332
99.50178,-0.02072437,28.506,-0.03,5.288924
99.51179,-0.02378717,0.9618482,0.09,-6.460786
99.5218,-0.03315949,25.72552,0.25,-3.124758
99.53181,-0.03759764,7.29762,0.42,3.533562
99.54182,-0.02886788,28.48642,0.57,5.063699
99.55183,-0.02316995,6.48221,0.73,-3.06667
99.56184,-0.02763967,15.3257,0.86,-6.730932
99.57185,-0.02975444,10.77829,1.02,1.990228
99.58186,-0.02526231,18.29581,1.18,5.179863
99.59187,-0.01712101,13.91549,1.32,1.373906
99.60188,-0.01665623,11.84358,1.45,-4.543651
99.61189,-0.02144797,13.07725,1.58,-2.363605
99.62189,-0.02682952,14.82052,1.73,3.73573
99.6319,-0.02504651,8.322549,1.86,0.3013715
99.64191,-0.02777865,25.42764,1.99,-0.3842872
99.65192,-0.0250653,-0.4819138,2.15,-1.959788
99.66193,-0.0265514,27.39586,2.24,0.2675576
99.67194,-0.02484518,-4.195466,2.42,1.794169
99.68195,-0.02712087,26.11576,2.5,0.4305323
99.69196,-0.02026687,8.507509,2.67,0.211451
99.70197,-0.02072399,9.765157,2.75,-1.432729
99.71198,-0.01878725,16.35239,2.89,0.5563143
99.72199,-0.02533938,14.72657,3,2.581979
99.732,-0.02141501,1.587193,3.12,-1.086569
99.74201,-0.02166718,30.33688,3.22,-0.2034794
99.75202,-0.01721749,-9.964253,3.36,-2.397113
99.76203,-0.02073427,25.6398,3.4,1.177723
99.77204,-0.02413364,24.50798,3.59,3.178587
99.78205,-0.02008733,-12.6347,3.68,-0.9567308
99.79206,-0.01925736,40.81226,3.73,-0.2486559
99.80207,-0.01520682,-23.5645,3.9,-2.646351
99.81208,-0.0237454,34.5479,3.91,2.96336
99.82209,-0.0183147,-6.17167,4.09,2.468629
99.8321,-0.0182246,22.50811,4.12,-0.3521546
99.84211,-0.007382662,1.747255,4.25,-2.719378
99.85212,-0.01475335,10.97996,4.32,-3.590954
99.86213,-0.01720827,8.495004,4.43,6.105976
99.87214,-0.01732356,12.50272,4.53,-0.190679
99.88215,-0.01123353,5.777486,4.63,-2.541186
99.89216,-0.01504315,15.84439,4.72,-1.965138
99.90217,-0.01420016,-1.218929,4.83,0.9978356
99.91218,-0.02283761,24.67537,4.92,4.157618
99.92219,-0.02155598,-3.692394,5.06,-0.386784
99.9322,-0.02168435,28.56884,5.13,-3.248103
99.94221,-0.0194464,-6.668419,5.28,-3.004045
99.95222,-0.02586939,30.42983,5.34,3.578007
99.96223,-0.01874115,-6.292668,5.49,1.771568
99.97224,-0.01694434,22.26489,5.54,-3.01777
99.98225,-0.01291299,6.628763,5.69,-3.018787
99.99226,-0.01809506,3.048014,5.76,0.7680848
100.0023,-0.01349128,20.24646,5.87,6.060239
100.0123,-0.01154388,-0.8027531,5.97,-1.786744
100.0223,-0.0144592,11.85187,6.05,-3.758101
100.0323,-0.01316589,11.32944,6.15,0.001306008
100.0423,-0.01319689,5.837658,6.23,4.385178
100.0523,-0.01360139,10.72927,6.31,0.9329032
100.0623,-0.01644668,2.495746,6.4,-5.341536
100.0723,-0.01928517,5.669253,6.47,-1.576107
100.0823,-0.01658935,12.07652,6.56,2.131863
100.0924,-0.01162691,3.366946,6.64,2.645439
100.1024,-0.013869,9.222606,6.7,-1.147326
100.1124,-0.01755855,4.219409,6.78,-3.431594
100.1224,-0.019501,8.326884,6.84,2.120404
100.1324,-0.01364384,4.485337,6.91,1.000594
100.1424,-0.01222035,9.983486,6.96,0.2521934
100.1524,-0.01545164,-5.265117,7.03,-2.221928
100.1624,-0.01609657,17.97758,7.07,1.196201
100.1724,-0.008658793,-3.97088,7.15,0.9666455
100.1824,-0.007408034,2.526072,7.16,-1.698262
100.1925,-0.01087015,7.977613,7.23,-1.896575
100.2025,-0.01386263,-7.729176,7.25,1.164303
100.2125,-0.01081254,21.11427,7.29,2.580867
100.2225,-0.004132574,-17.85703,7.33,-0.3486027
100.2325,-0.008383784,14.75491,7.32,-5.759738
100.2425,-0.01196392,-10.09604,7.39,1.453154
100.2525,-0.009887301,11.95634,7.37,3.6027
100.2625,0.001697818,-4.792799,7.42,3.456057
100.2725,-0.0000109,-6.515828,7.39,-4.428931
100.2825,-0.004162504,3.50652,7.4,-4.310832
100.2925,-0.004994185,-5.742902,7.42,5.430105
100.3026,-0.0000822,13.25392,7.41,1.323719
100.3126,0.004697129,-12.1979,7.42,-0.6622055
100.3226,-0.003328291,4.78529,7.38,-4.388764
100.3326,-0.007644388,-8.089289,7.4,1.585442
100.3426,-0.0138741,5.539744,7.38,3.032373
100.3526,-0.004806026,-4.514305,7.39,0.1741835
100.3626,-0.001971444,0.3308047,7.36,-3.509349
100.3726,-0.005538465,-3.736574,7.36,-2.847275
100.3826,-0.007926745,-5.241449,7.34,3.595984
100.3926,-0.004934558,7.487762,7.32,3.873931
100.4027,0.005549913,-10.83152,7.31,-1.160611
100.4127,0.002596999,2.616385,7.25,-5.321739
100.4227,-0.001020766,-11.98286,7.25,-0.3762354
100.4327,-0.005204669,5.939379,7.2,4.872447
100.4427,-0.001460121,-13.0183,7.19,2.351452
100.4527,-0.000548868,3.465805,7.12,-4.610309
100.4627,-0.000567658,-9.104454,7.11,-2.503801
100.4727,-0.004028174,-6.055101,7.04,2.650395
100.4827,0.000345163,0.2752527,7,5.062911
100.4927,0.000239518,-6.727342,6.95,-1.842021
100.5028,0.002701712,-9.92263,6.89,-4.192301
100.5128,0.00483964,-3.540786,6.82,-0.06089696
100.5228,0.005697631,-9.956668,6.76,3.420651
100.5328,0.005924888,-7.281749,6.68,1.934696
100.5428,0.004544512,-5.267419,6.62,-4.188854
100.5528,0.002327873,-9.701389,6.53,-3.076039
100.5628,-0.002405534,-9.292852,6.46,2.657041
100.5728,-0.00270371,-13.02553,6.37,3.199914
100.5828,-0.006514033,0.5519598,6.28,-0.6841346
100.5928,0.000521412,-20.30032,6.22,-2.383949
100.6029,0.003107821,1.930048,6.1,-2.367237
100.6129,0.003382603,-22.7073,6.04,3.687714
100.6229,0.003742848,-0.5939379,5.9,1.593219
100.6329,0.01124447,-14.66139,5.84,-1.427888
100.6429,0.01036382,-9.476825,5.71,-3.168623
100.6529,0.008768826,-9.387701,5.61,0.6431591
100.6629,0.006940958,-18.85693,5.5,4.131172
100.6729,0.003473367,-2.288825,5.37,-1.552049
100.6829,0.002951261,-24.38116,5.27,-2.465752
100.6929,0.002332441,-0.1568171,5.13,-1.022234
100.7029,0.005149788,-18.71632,5.03,2.342239
100.713,0.00528355,-15.0086,4.88,2.577629
100.723,0.003255071,-13.36932,4.76,-3.849376
100.733,0.003622436,-14.99636,4.62,-0.2869566
100.743,0.008437052,-10.55114,4.48,1.448881
100.753,0.008941215,-22.12316,4.33,1.800241
100.763,0.006157623,-7.830155,4.17,-2.864635
100.773,0.005940767,-22.50432,4.03,-0.8626343
100.783,0.008039666,-5.322103,3.84,0.481283
100.793,0.0154802,-29.07309,3.7,2.643108
100.803,0.01493115,-7.090222,3.5,-2.748531
100.8131,0.01615612,-27.84994,3.37,-1.720138
100.8231,0.01854276,-5.846604,3.17,0.5397503
100.8331,0.0260648,-19.32533,3.03,3.407321
100.8431,0.02898039,-22.64322,2.83,-0.07004378
100.8531,0.02116971,-9.291127,2.66,-4.142047
100.8631,0.01406108,-26.35301,2.52,0.6837612
100.8731,0.01322046,-4.266404,2.33,1.264692
100.8831,0.01454191,-15.31693,2.21,2.29903
100.8931,0.01220489,-22.78641,2.03,-0.6306502
100.9031,0.00777917,-10.52437,1.88,-3.966776
100.9132,0.006805972,-14.80985,1.75,1.174661
100.9232,0.01137276,-14.40025,1.59,0.7193809
100.9332,0.0138849,-19.8882,1.45,1.547707
100.9432,0.01004059,-13.94091,1.29,-2.784955
100.9532,0.01145243,-14.27633,1.16,0.2243081
100.9632,0.01457921,-18.79046,1,0.3709877
100.9732,0.01535593,-7.41972,0.86,1.725074
100.9832,0.01201582,-21.77627,0.71,-0.9873918
100.9932,0.01092408,-9.39573,0.54,-0.7448996
101.0032,0.01381047,-17.88739,0.41,-1.477376
101.0133,0.01349562,-14.99101,0.25,2.663935
101.0233,0.01538486,-18.2142,0.1,-0.1997214
101.0333,0.0171002,-11.06624,-0.04,-0.9738539
101.0433,0.02391488,-20.0648,-0.19,-1.918638
101.0533,0.02689285,-9.807217,-0.36,0.9253046
101.0633,0.02239686,-23.72731,-0.49,2.176646
101.0733,0.01728179,-4.940421,-0.67,-1.12375
101.0833,0.01559641,-11.95896,-0.79,-1.113926
101.0933,0.01588269,-25.74949,-0.96,-1.343475
101.1033,0.01184553,7.141609,-1.09,2.478191
101.1133,0.013304,-46.09827,-1.23,0.3007045
101.1234,0.01028161,19.1389,-1.39,-2.636377
101.1334,0.01393217,-45.85043,-1.49,-0.6762887
101.1434,0.01072075,17.55362,-1.67,1.660129
101.1534,0.01330053,-46.11148,-1.76,1.554344
101.1634,0.01089087,22.08277,-1.95,-2.648498
101.1734,0.01546277,-33.74208,-2.02,-0.6465007
101.1834,0.01237738,0.4353826,-2.24,0.5378258
101.1934,0.01582934,-25.46156,-2.32,2.371692
101.2034,0.01162769,1.022613,-2.5,-2.011647
101.2134,0.01877764,-27.71324,-2.59,-0.2797885
101.2235,0.01836824,-0.8066574,-2.77,-1.319206
101.2335,0.01833024,-23.42401,-2.86,3.66721
101.2435,0.01491047,-3.100254,-3.03,-1.997939
101.2535,0.01739987,-19.53521,-3.12,0.5087093
101.2635,0.01524271,-8.407262,-3.27,-3.864157
101.2735,0.01210992,-9.390418,-3.37,3.786961
101.2835,0.01310937,-31.999,-3.5,2.263925
101.2935,0.01447423,16.49976,-3.62,-0.8696141
101.3035,0.01683588,-40.22123,-3.71,-2.558224
101.3135,0.01212759,16.26408,-3.85,-2.040964
101.3236,0.01561388,-33.8517,-3.91,6.514925
101.3336,0.02012148,15.42284,-4.07,-0.9827222
101.3436,0.02372724,-30.05543,-4.11,-1.732967
101.3536,0.01634819,0.6608813,-4.27,-5.431238
101.3636,0.01536117,-13.20031,-4.32,6.167432
101.3736,0.01475386,-4.828849,-4.43,3.548766
101.3836,0.01528559,-11.9081,-4.51,-1.911211
101.3936,0.007271795,-4.804263,-4.6,-6.98859
101.4036,0.002448063,-9.814051,-4.66,2.518241
101.4136,0.00397959,0.6549006,-4.73,5.311039
101.4237,0.01755721,-10.55281,-4.79,0.3489062
101.4337,0.0146135,-6.964035,-4.87,-8.231513
101.4437,0.007700407,-8.906055,-4.92,1.717576
101.4537,0.009558434,2.090311,-4.98,5.332618
101.4637,0.02270474,-6.88058,-5.03,2.13499
101.4737,0.01950849,-9.011806,-5.11,-7.723165
101.4837,0.009196243,-3.673581,-5.15,-2.326417
101.4937,0.004359195,-0.6561846,-5.18,4.428139
101.5037,0.01226311,-1.119005,-5.23,5.08454
101.5137,0.01237599,-3.813419,-5.27,-3.982214
101.5238,0.00599599,-8.670894,-5.31,-6.177679
101.5338,-0.001867506,3.442406,-5.33,2.972049
101.5438,0.005856978,-6.673701,-5.35,5.749969
101.5538,0.01288751,7.756786,-5.38,-1.386924
101.5638,0.01187269,-17.92156,-5.41,-6.0131
101.5738,0.003058555,12.30883,-5.43,-2.345203
101.5838,0.002993473,-12.31258,-5.41,6.272116
101.5938,0.008557067,14.47002,-5.47,1.354952
101.6038,0.01382883,-16.77129,-5.45,-3.789037
101.6138,0.003602475,10.04055,-5.51,-3.907515
101.6238,0.001361614,-8.097646,-5.47,4.525114
101.6339,0.002142692,8.757236,-5.51,2.953666
101.6439,0.005934187,-8.033976,-5.49,-2.447532
101.6539,-0.001993496,4.283211,-5.51,-4.327604
101.6639,-0.003628169,0.4257867,-5.48,2.120514
101.6739,0.00095737,2.027653,-5.49,4.057758
101.6839,0.006099694,3.820079,-5.49,-1.037183
101.6939,-0.000356162,-4.131034,-5.49,-3.807614
101.7039,-0.002605615,5.435659,-5.48,0.1591206
101.7139,-0.000402003,-1.753564,-5.47,3.050672
101.7239,0.000118837,6.979415,-5.46,0.5590428
101.734,-0.001834807,-9.777212,-5.45,-3.063315
101.744,-0.002940343,8.928116,-5.46,-1.132905
101.754,0.000460713,-8.133249,-5.44,2.380837
101.764,0.001723518,10.02617,-5.45,1.333544
101.774,0.00136388,-7.819179,-5.43,-0.8871455
101.784,0.000997765,7.641838,-5.45,-3.456867
101.794,-0.000628705,-6.815393,-5.41,1.715315
101.804,-0.001164231,8.965007,-5.43,2.82486
101.814,0.004891326,-5.499474,-5.41,0.7075044
101.824,0.004189469,4.729825,-5.43,-3.901447
101.8341,0.000402385,-2.724347,-5.4,-0.8645552
101.8441,0.00028654,2.174062,-5.41,3.149601
101.8541,0.003440861,4.772322,-5.4,1.590865
101.8641,0.002098292,-4.962546,-5.39,-2.310433
101.8741,-0.00026827,6.389365,-5.39,-2.528711
101.8841,-0.000332649,-11.40902,-5.37,2.62754
101.8941,-0.000981176,19.69099,-5.37,1.933174
101.9041,0.000855268,-18.11003,-5.33,0.707013
101.9141,-0.003255574,19.74233,-5.35,-5.508923
101.9241,-0.005484293,-11.68178,-5.28,2.517437
101.9342,-0.00481921,15.81703,-5.3,2.232898
101.9442,0.004033523,-6.863523,-5.24,2.040691
101.9542,0.005517553,9.524922,-5.25,-5.881728
101.9642,0.00265853,-3.010165,-5.19,0.4057657
101.9742,0.003281653,-2.089388,-5.19,3.367499
101.9842,0.007316014,14.97057,-5.14,1.993012
101.9942,0.009781713,-4.501117,-5.08,-1.439096
102.0042,0.006644749,9.692895,-5.07,-3.746432
102.0142,-0.001520043,1.140086,-5,3.316811
102.0242,-0.006755856,12.89169,-4.96,1.950773
102.0342,-0.004036355,4.378784,-4.88,-0.2964454
102.0443,-0.004020573,6.705525,-4.83,-4.193555
102.0543,-0.007866565,9.457206,-4.75,1.582855
102.0643,-0.009230753,4.831195,-4.67,3.181817
102.0743,-0.003506282,13.76503,-4.6,-0.1680752
102.0843,0.002935304,2.248098,-4.51,-2.454178
102.0943,0.002610294,14.93126,-4.45,-2.590185
102.1043,0.001574593,0.6372644,-4.35,5.741782
102.1143,0.005369741,18.56849,-4.29,0.1539856
102.1243,0.00886665,6.659411,-4.18,-1.878302
102.1343,0.004632255,8.281413,-4.12,-3.501745
102.1444,0.000532316,12.03221,-4.01,4.966343
102.1544,-0.0017884,11.3259,-3.91,0.5156325
102.1644,-0.001015092,14.24317,-3.8,-1.601652
102.1744,-0.003289499,7.54545,-3.7,-3.598018
102.1844,-0.007095107,16.19075,-3.57,2.089823
102.1944,-0.009964208,10.75545,-3.43,2.607726
102.2044,-0.009762098,14.90297,-3.31,-0.1636797
102.2144,-0.008182109,13.95415,-3.18,-3.040266
102.2244,-0.009949213,11.00487,-3.05,-1.022598
102.2344,-0.01238057,16.53778,-2.92,3.099103
102.2445,-0.01138818,11.26837,-2.77,1.278848
102.2545,-0.01028552,16.5952,-2.64,-1.525925
102.2645,-0.01119282,10.94151,-2.5,-3.105678
102.2745,-0.01372777,13.09279,-2.38,1.909419
102.2845,-0.01454451,16.83868,-2.24,3.172045
102.2945,-0.0119642,10.01277,-2.11,-0.448724
102.3045,-0.01094432,11.67444,-1.99,-1.595703
102.3145,-0.01279135,11.91456,-1.86,-0.88097
102.3245,-0.01181739,12.50919,-1.75,3.357599
102.3345,-0.01204813,12.25181,-1.63,-0.03829077
102.3446,-0.009735605,9.185931,-1.52,-0.05055683
102.3546,-0.007645887,12.24429,-1.42,-2.162982
102.3646,-0.007895769,9.020121,-1.31,0.5680955
102.3746,-0.00887865,7.086891,-1.21,1.272332
102.3846,-0.003484208,15.75664,-1.1,0.3100739
102.3946,0.0022184,3.514608,-1,-1.105807
102.4046,-0.001385571,13.19046,-0.92,-1.847315
102.4146,-0.00332864,2.637248,-0.81,1.742134
102.4246,-0.001671579,20.92277,-0.73,0.9744874
102.4346,0.005190406,-0.215342,-0.61,0.501097
102.4446,0.004092826,18.43621,-0.54,-3.564518
102.4547,0.0000521,1.83728,-0.4,1.733586
102.4647,-0.003059538,22.09375,-0.31,1.302864
102.4747,0.000471055,7.019133,-0.17,1.523156
102.4847,-0.002774943,6.361523,-0.08,-3.015523
102.4947,-0.01286444,20.63472,0.05,-1.912218
102.5047,-0.01760197,5.463854,0.19,3.801085
102.5147,-0.01140802,26.35066,0.32,1.117411
102.5247,-0.007070643,2.255673,0.46,-3.312384
102.5347,-0.01093983,22.00585,0.58,-0.8451905
102.5447,-0.01014266,8.446175,0.74,4.269823
102.5548,-0.005118925,18.96542,0.86,-0.0921623
102.5648,-0.002552579,14.8647,1.01,-1.061459
102.5748,-0.006620211,7.48288,1.13,-3.89491
102.5848,-0.01206998,17.19214,1.28,2.524929
102.5948,-0.01534106,10.28975,1.44,2.172595
102.6048,-0.0129998,19.17671,1.57,-0.006912423
102.6148,-0.009994316,10.80991,1.72,-3.894977
102.6248,-0.01292855,9.820754,1.84,0.7683165
102.6348,-0.01637279,18.33675,1.98,2.850226
102.6448,-0.01247665,9.918311,2.13,0.2763623
102.6549,-0.008965827,17.76243,2.24,-3.317088
102.6649,-0.007003215,1.962226,2.37,-0.6080528
102.6749,-0.01175747,22.27965,2.48,2.68929
102.6849,-0.01180507,1.969909,2.63,0.3486795
102.6949,-0.01188073,14.41835,2.71,-1.203181
102.7049,-0.0119248,10.80153,2.85,-2.454306
102.7149,-0.01423969,9.119216,2.94,0.6175433
102.7249,-0.01662914,13.10737,3.07,1.428218
102.7349,-0.01768532,3.637005,3.15,0.900487
102.7449,-0.01577223,20.11201,3.26,-0.5798199
102.755,-0.01006003,-6.142011,3.34,-2.449302
102.765,-0.01245275,19.14334,3.42,1.836943
102.775,-0.01175067,-8.614109,3.51,1.918953
102.785,-0.008574259,30.46795,3.56,0.3940625
102.795,0.000666192,-16.60674,3.67,-1.885538
102.805,-0.00461529,24.01209,3.66,-4.147453
102.815,-0.01055957,-15.43785,3.77,4.76194
102.825,-0.01691293,26.7371,3.77,1.108878
102.835,-0.01081901,-15.76798,3.87,-1.039902
102.845,-0.018381,14.80499,3.84,-6.027538
102.855,-0.02081126,-7.537627,3.94,5.596258
102.8651,-0.02265196,4.260196,3.91,0.9098727
102.8751,-0.009980224,-8.87294,3.98,0.2334484
102.8851,-0.00600129,-15.27279,3.94,-6.862655
102.8951,-0.0121402,14.97981,3.97,4.309495
102.9051,-0.01333727,-22.63987,3.96,3.236082
102.9151,-0.008943023,22.93975,3.93,-0.01440896
102.9251,-0.008783752,-22.13446,3.93,-4.674074
102.9351,-0.02434347,4.426163,3.86,-1.630705
102.9451,-0.0270988,-10.12487,3.86,4.934183
102.9551,-0.02640179,-5.017519,3.79,-0.1822423
102.9652,-0.0178385,-1.818279,3.74,-2.903705
102.9752,-0.01533793,-12.59446,3.67,-4.838816
102.9852,-0.006160781,-16.72193,3.56,3.251938
102.9952,-0.001984844,-1.458506,3.47,4.745078
103.0052,0.003997935,-23.15759,3.37,-3.546306
103.0152,0.006087736,-9.855526,3.23,-2.595015
103.0252,0.005937868,-10.02356,3.13,0.9629072
103.0352,0.003222015,-16.91747,2.99,4.100991
103.0452,0.001127058,-19.15775,2.86,-1.734478
103.0552,-0.009539519,-15.78142,2.73,-4.383459
103.0653,-0.01681888,-9.15091,2.6,0.379621
103.0753,-0.01882176,-23.19528,2.48,2.736919
103.0853,-0.02001385,-3.731705,2.32,1.833249
103.0953,-0.01931983,-24.46224,2.22,-2.77342
103.1053,-0.01742163,-5.507489,2.04,-1.782636
103.1153,-0.009461563,-24.36022,1.92,1.793424
103.1253,-0.007243796,-9.625446,1.73,1.111914
103.1353,-0.001879927,-21.56076,1.59,-0.3420485
103.1453,0.003086262,-19.96785,1.39,-2.819838
103.1553,0.006185902,-12.05686,1.22,1.176899
103.1654,0.001362684,-30.82808,1.03,0.7290707
103.1754,-0.008071758,-9.195438,0.82,0.5162404
103.1854,-0.01239772,-33.75038,0.65,-0.8812789
103.1954,-0.01718132,-5.387136,0.42,-0.3998671
103.2054,-0.01641154,-35.24621,0.26,-0.1706375
103.2154,-0.01641061,-13.73325,0,-1.044161
103.2254,-0.01071992,-26.4141,-0.16,0.5171453
103.2354,-0.004243618,-26.07114,-0.42,-0.9823529
103.2454,0.003785594,-18.1385,-0.62,1.053996
103.2554,0.008394497,-38.92571,-0.88,-3.155416
103.2654,0.005444043,-4.607345,-1.11,1.502343
103.2755,0.007795032,-46.76672,-1.35,2.297038
103.2855,0.00630024,1.174913,-1.66,0.4161794
103.2955,0.01106453,-46.18639,-1.83,-0.5818554
103.3055,-0.000106769,-5.698091,-2.14,-3.454515
103.3155,0.001925721,-36.90427,-2.31,3.791359
103.3255,-0.001985516,-10.16909,-2.59,0.6882652
103.3355,0.003053584,-27.67269,-2.77,0.3811072
103.3455,0.000721671,-23.36702,-3.02,-4.918082
103.3555,-0.000978187,-14.66508,-3.22,1.54783
103.3655,-0.002116453,-26.90946,-3.42,3.831719
103.3756,0.001923334,-12.78887,-3.64,0.5324725
103.3856,0.003187407,-24.86149,-3.82,-4.219474
103.3956,-0.00049263,-21.69694,-4.02,-1.945128
103.4056,0.002793165,-10.67885,-4.2,4.655169
103.4156,0.00798748,-16.53005,-4.38,3.331921
103.4256,0.007072898,-18.44798,-4.58,-3.783225
103.4356,0.002509656,-12.34274,-4.73,-3.512705
103.4456,0.003608475,-20.69645,-4.9,2.376995
103.4556,0.000813123,1.337164,-5.04,3.261228
103.4656,0.003035548,-31.03757,-5.18,2.601248
103.4757,0.00298925,-2.212106,-5.35,-5.509943
103.4857,0.001559393,-19.72109,-5.46,-1.115023
103.4957,-0.0000864,-10.75481,-5.62,2.3672
103.5057,0.000964561,2.116647,-5.72,2.317031
103.5157,0.004202753,-19.4941,-5.83,-1.003708
103.5257,0.006793245,0.1178957,-5.96,-3.479362
103.5357,0.002473613,-22.39597,-6.02,0.634708
103.5457,-0.003346371,4.874609,-6.14,1.994095
103.5557,-0.000191968,-14.29403,-6.18,3.003937
103.5657,0.000746587,-0.8777907,-6.29,-3.466393
103.5758,0.000905116,-9.818055,-6.34,-2.680316
103.5858,-0.001698622,-13.34268,-6.41,1.187989
103.5958,-0.00099122,10.98477,-6.45,3.242403
103.6058,0.006894991,-19.40399,-6.49,1.959739
103.6158,0.009048102,12.78302,-6.55,-5.639609
103.6258,0.008382469,-18.6309,-6.55,-0.6103457
103.6358,0.004162446,13.9116,-6.6,2.427727
103.6458,0.01015742,-8.946671,-6.57,5.280879
103.6558,0.009830484,14.84486,-6.61,-2.573054
103.6658,0.007909412,-10.86812,-6.56,-4.327037
103.6758,-0.002733984,5.281314,-6.57,0.0741645
103.6859,-0.007912194,9.81016,-6.49,4.139452
103.6959,-0.000940677,0.7667093,-6.45,3.04376
103.7059,-0.001869745,18.02005,-6.39,-4.735143
103.7159,-0.002313956,-10.46854,-6.3,-2.467018
103.7259,-0.000206264,30.40351,-6.25,1.211623
103.7359,0.01598326,-7.473929,-6.1,4.873942
103.7459,0.02300505,31.63313,-6.05,-1.587448
103.7559,0.02442136,-4.193615,-5.89,-2.664853
103.7659,0.00861481,21.47331,-5.81,-2.458786
103.7759,-0.001153737,21.282,-5.61,5.286275
103.786,-0.008142563,3.42542,-5.46,4.888698
103.796,-0.01427693,37.56818,-5.29,-2.837894
103.806,-0.02181539,5.306234,-5.07,-4.161845
103.816,-0.0201747,35.79387,-4.89,0.2534234
103.826,-0.004858857,19.01027,-4.64,7.131284
103.836,0.008764664,21.1545,-4.46,-0.843539
103.846,0.01149447,22.14335,-4.22,-4.742998
103.856,0.01185821,24.2597,-3.99,-0.2702808
103.866,0.01415859,25.97297,-3.75,4.447969
103.876,0.009836247,30.05039,-3.51,2.907989
103.8861,0.006507542,24.13858,-3.22,-3.252409
103.8961,-0.002914836,28.27236,-2.95,-3.291303
103.9061,-0.01213796,36.57042,-2.66,2.697998
103.9161,-0.008240229,26.07334,-2.35,4.403824
103.9261,-0.0101695,41.66677,-2.06,-1.748084
103.9361,-0.01363092,16.90209,-1.71,-4.365308
103.9461,-0.01943436,46.92246,-1.41,0.8471677
103.9561,-0.01603173,27.23608,-1.03,3.630519
103.9661,-0.01340828,39.65493,-0.72,1.091349
103.9761,-0.01475929,31.61704,-0.36,-4.17326
103.9862,-0.02383035,22.54758,-0.02,-2.778111
103.9962,-0.02705782,53.52993,0.33,2.869838
104.0062,-0.02190891,16.17101,0.69,3.725429
104.0162,-0.02243697,55.79762,1.01,-1.785026
104.0262,-0.02210511,9.304058,1.39,-2.703264
104.0362,-0.0298765,51.89625,1.69,-0.9216704
104.0462,-0.028696,14.77519,2.08,4.882141
104.0562,-0.02858282,53.78347,2.36,-1.208525
104.0662,-0.02213871,12.44799,2.73,-1.174324
104.0762,-0.02623629,25.26754,2.97,-3.514268
104.0863,-0.02589903,38.53918,3.34,2.514145
104.0963,-0.02548432,10.36851,3.64,3.647562
104.1063,-0.02398543,49.43343,3.89,-1.16556
104.1163,-0.01911719,1.893817,4.21,-2.888101
104.1263,-0.02827988,43.7333,4.39,-2.029519
104.1363,-0.02817979,7.768937,4.71,4.872145
104.1463,-0.02985714,31.17927,4.89,-0.4683328
104.1563,-0.02597869,21.66938,5.15,-2.339183
104.1663,-0.03071877,8.158237,5.34,-1.067422
104.1763,-0.02819884,31.66058,5.52,1.870353
104.1863,-0.02869969,1.573595,5.73,1.916807
104.1964,-0.02677801,21.43992,5.86,-1.31796
104.2064,-0.02457447,14.79146,6.04,-1.312646
104.2164,-0.02383665,6.933507,6.16,1.514295
104.2264,-0.01975231,9.664204,6.28,1.052427
104.2364,-0.02035579,19.44693,6.39,0.1898655
104.2464,-0.01984012,-10.37962,6.48,-3.317991
104.2564,-0.0251856,29.85483,6.54,2.955445
104.2664,-0.01939931,-9.760377,6.65,2.081331
104.2764,-0.02555607,-4.573533,6.65,-3.469511
104.2864,-0.03144697,12.84519,6.71,-4.100537
104.2965,-0.03696924,-3.164498,6.77,3.080505
104.3065,-0.03652037,0.4306172,6.77,5.197976
104.3165,-0.03451398,3.231229,6.77,-3.235916
104.3265,-0.04069088,-15.92463,6.77,-5.844972
104.3365,-0.04196575,4.722739,6.72,3.082886
104.3465,-0.03096376,-8.803897,6.7,4.150594
104.3565,-0.02835411,-14.02014,6.6,0.07940789
104.3665,-0.02835784,-4.045778,6.51,-7.041317
104.3765,-0.02876103,-30.96412,6.41,-1.921435
104.3865,-0.02209654,4.487356,6.22,4.713948
104.3966,-0.01040995,-27.01179,6.12,3.421074
104.4066,-0.01066096,-19.14535,5.89,-2.679587
104.4166,-0.02271262,-18.46943,5.72,-7.025841
104.4266,-0.03645577,-29.26176,5.51,3.246125
104.4366,-0.03331932,-14.37125,5.28,5.848709
104.4466,-0.02715368,-33.43026,5.06,-0.7206092
104.4566,-0.02940258,-21.53894,4.78,-5.437902
104.4666,-0.02486563,-35.50077,4.53,-1.01727
104.4766,-0.019983,-26.46852,4.23,4.30057
104.4866,-0.009223481,-34.04514,3.93,0.4903907
104.4967,-0.01107175,-37.26613,3.6,-1.704641
104.5067,-0.01156955,-31.77291,3.26,-3.229389
104.5167,-0.007461572,-37.28899,2.92,0.7671629
104.5267,-0.006904491,-38.10472,2.56,1.582615
104.5367,-0.007760811,-34.01146,2.19,0.6311494
104.5467,-0.004573418,-42.60904,1.82,-0.3028736
104.5567,-0.002251903,-30.04074,1.43,-1.871389
104.5667,-0.00046664,-51.87753,1.06,-0.5042061
104.5767,-0.001066151,-31.8234,0.65,1.000347
104.5867,0.005462113,-44.49345,0.28,0.8701454
104.5967,0.009291974,-31.01992,-0.12,1.419482
104.6068,0.01367139,-48.38456,-0.5,-2.605444
104.6168,0.01048087,-30.26169,-0.91,-0.4625667
104.6268,0.006762081,-40.16628,-1.26,0.4648929
104.6368,0.00770761,-32.07171,-1.66,4.440317
104.6468,0.01045322,-39.68589,-2.01,-1.432793
104.6568,0.006708701,-27.51584,-2.39,-2.414245
104.6668,0.005458191,-42.67199,-2.71,-1.009704
104.6768,0.009903948,-32.22742,-3.08,2.936926
104.6868,0.01358821,-23.81762,-3.42,2.571111
104.6968,0.01931055,-43.76471,-3.74,-1.98153
104.7069,0.01494804,-15.34735,-4.07,-4.028999
104.7169,0.01215128,-43.51927,-4.32,1.306405
104.7269,0.01224831,-7.364474,-4.64,3.827727
104.7369,0.01783394,-41.96494,-4.85,1.426062
104.7469,0.01509043,-9.264057,-5.16,-5.300121
104.7569,0.01298154,-33.17898,-5.34,-0.841306
104.7669,0.01064129,-9.008393,-5.59,4.562026
104.7769,0.02140618,-16.33911,-5.76,4.14997
104.7869,0.01742539,-24.42555,-5.97,-1.605363
104.7969,0.01451938,-9.227592,-6.15,-5.914734
104.807,0.01356056,-15.32938,-6.27,2.237597
104.817,0.01644004,-4.18864,-6.41,5.036821
104.827,0.02371202,-10.64268,-6.5,-0.2977841
104.837,0.02260248,-5.275043,-6.6,-4.507626
104.847,0.02844898,-3.915211,-6.65,-0.492023
104.857,0.03824729,3.319737,-6.69,4.40368
104.867,0.04901929,-2.434807,-6.71,0.1167654
104.877,0.041167,10.14652,-6.7,-1.614619
104.887,0.02685859,1.276109,-6.65,0.5093116
104.897,0.01527043,16.80363,-6.58,0.6178706
104.9071,0.006881977,17.95636,-6.46,1.581845
104.9171,0.00400697,14.19317,-6.33,-0.5470223
104.9271,0.003038613,26.01063,-6.16,3.18975
104.9371,0.01688866,15.68129,-5.97,-1.738842
104.9471,0.02513226,32.8499,-5.77,-0.8775537
104.9571,0.03260405,14.61459,-5.53,-0.07602996
104.9671,0.03133548,38.92228,-5.3,3.387942
104.9771,0.0337107,26.20796,-5,1.193496
104.9871,0.02339902,34.8857,-4.7,-3.868116
104.9971,0.01296157,32.08332,-4.36,0.5473598
105.0071,0.000114979,43.15393,-4.02,2.56456
105.0172,-0.006523878,36.53706,-3.64,3.000264
105.0272,-0.01372443,42.17775,-3.27,-4.696533
105.0372,-0.02569207,43.73532,-2.85,-0.9481786
105.0472,-0.02787939,36.21762,-2.44,1.374116
105.0572,-0.02396356,52.09688,-2.02,3.249988
105.0672,-0.02101765,32.43568,-1.58,-3.285552
105.0772,-0.02214995,52.63127,-1.18,-0.4886095
105.0872,-0.01827083,28.85094,-0.73,0.148137
105.0972,-0.0164385,52.96309,-0.34,2.075663
105.1072,-0.01553387,28.65026,0.09,-2.712586
105.1173,-0.0179089,47.12105,0.46,1.680423
105.1273,-0.01861772,32.36674,0.88,-0.5187772
105.1373,-0.02322516,37.77452,1.24,0.06665002
105.1473,-0.02788904,37.65679,1.63,-3.381871
105.1573,-0.03133857,28.658,1.99,3.031821
105.1673,-0.02583161,39.6682,2.33,1.378766
105.1773,-0.02571061,27.0664,2.68,-3.772459
105.1873,-0.02787685,19.06295,3.02,-3.718464
105.1973,-0.03178783,42.02436,3.31,1.702536
105.2073,-0.02148725,15.43005,3.62,6.098771
105.2174,-0.01663011,30.71333,3.83,-2.094567
105.2274,-0.02325504,8.069345,4.1,-7.841983
105.2374,-0.02938899,30.1256,4.3,1.673681
105.2474,-0.02457358,15.81596,4.54,7.624827
105.2574,-0.01860964,16.8253,4.68,0.0975446
105.2674,-0.02747669,8.644406,4.85,-9.511615
105.2774,-0.04506388,13.03581,4.99,2.526897
105.2874,-0.04194484,15.74606,5.14,4.44005
105.2974,-0.05119468,-9.440778,5.23,2.101584
105.3074,-0.05280818,16.46681,5.29,-6.538096
105.3175,-0.0574849,-17.0914,5.36,-0.7028655
105.3275,-0.05134217,16.20726,5.37,4.086527
105.3375,-0.03164471,-16.3212,5.39,1.978353
105.3475,-0.02111127,-6.080912,5.31,-5.189882
105.3575,-0.0154344,-10.27104,5.25,-0.9201496
105.3675,-0.01884613,-15.30153,5.14,1.902492
105.3775,-0.02315105,-11.94617,5.01,3.973115
105.3875,-0.03263681,-28.18426,4.86,-1.550964
105.3975,-0.04011848,-7.723498,4.67,-2.527534
105.4075,-0.04370887,-33.89333,4.5,0.7776284
105.4175,-0.04368931,-11.63164,4.24,-0.9548159
105.4276,-0.03875803,-44.54721,4.04,1.007115
105.4376,-0.03010502,-16.03167,3.72,-0.1866217
105.4476,-0.01565827,-40.02518,3.48,2.392404
105.4576,-0.0071408,-33.16601,3.09,-3.886166
105.4676,-0.003838662,-34.49597,2.8,-1.429088
105.4776,-0.000340337,-50.20788,2.41,4.046437
105.4876,0.01303557,-21.62271,1.99,3.273311
105.4976,0.01525547,-53.97438,1.63,-1.508234
105.5076,0.007443825,-29.59705,1.19,-6.059389
105.5176,0.003525514,-50.55066,0.84,4.475169
105.5277,0.003782017,-29.03476,0.41,0.7015186
105.5377,0.006061696,-41.10109,0.04,0.8996578
105.5477,0.007943276,-42.15263,-0.36,-3.850221
105.5577,0.002767805,-32.97562,-0.75,1.028903
105.5677,0.007302756,-43.66443,-1.11,2.785254
105.5777,0.01412832,-21.9934,-1.51,-0.2907135
105.5877,0.02074673,-55.21732,-1.85,-1.186997
105.5977,0.02109236,-19.75646,-2.25,-4.055504
105.6077,0.02239195,-39.04957,-2.55,4.373552
105.6177,0.02915027,-30.02369,-2.92,0.02287407
105.6278,0.03864217,-27.9767,-3.21,-2.981429
105.6378,0.03717707,-33.26632,-3.53,-3.535821
105.6478,0.03378895,-17.37863,-3.8,6.120489
105.6578,0.03872949,-28.56266,-4.05,2.708116
105.6678,0.04458122,-9.66155,-4.29,-4.349235
105.6778,0.04635821,-22.0315,-4.47,-5.823181
105.6878,0.02940044,-10.58356,-4.67,4.610065
105.6978,0.02890644,-5.568874,-4.79,5.486554
105.7078,0.03367737,-5.600628,-4.89,-4.009687
105.7178,0.03263985,-5.147439,-4.97,-5.862427
105.7279,0.02228753,1.033615,-5.01,3.636236
105.7379,0.01727736,1.132443,-5,5.111926
105.7479,0.02891226,12.16621,-4.98,-0.6696505
105.7579,0.03698285,2.728257,-4.92,-4.04868
105.7679,0.03987368,15.95004,-4.85,-1.780058
105.7779,0.03470873,18.43117,-4.71,4.722778
105.7879,0.02489738,19.09547,-4.54,5.383193
105.7979,0.03013566,24.11079,-4.37,-1.507588
105.8079,0.01574778,21.48313,-4.14,-6.986854
105.8179,-0.002412207,31.72029,-3.89,2.727005
105.8279,-0.007685293,39.30779,-3.59,5.66624
105.838,-0.00604677,19.60416,-3.28,-1.341052
105.848,-0.01262241,51.18624,-2.98,-4.819878
105.858,-0.01342888,15.92916,-2.59,0.1119131
105.868,-0.01643737,58.41948,-2.29,4.677631
105.878,-0.00824438,19.1148,-1.87,1.67002
105.888,-0.0130311,47.41626,-1.56,-4.400006
105.898,-0.01573217,24.20906,-1.15,-3.988695
105.908,-0.02134508,48.3964,-0.82,2.428052
105.918,-0.01468883,29.73609,-0.42,5.211403
105.928,-0.01582099,39.49868,-0.1,-3.162673
105.9381,-0.0205343,24.45276,0.27,-5.397851
105.9481,-0.02937252,37.69667,0.57,1.816166
105.9581,-0.02852943,32.32355,0.95,5.703087
105.9681,-0.03034852,30.12869,1.23,-0.7639318
105.9781,-0.03532879,33.57067,1.55,-5.388939
105.9881,-0.04522542,16.43519,1.86,-1.985276
105.9981,-0.04895938,33.10296,2.12,4.878237
106.0081,-0.03848689,15.23731,2.38,0.5802305
106.0181,-0.03972261,24.86761,2.57,-3.09452
106.0281,-0.0384065,6.407863,2.78,-3.66675
106.0382,-0.03789219,17.24062,2.92,3.047045
106.0482,-0.03371132,-0.7550247,3.07,1.970484
106.0582,-0.02378055,16.07239,3.14,-1.00495
106.0682,-0.01883926,-4.088898,3.23,-1.671537
106.0782,-0.01903587,2.02339,3.24,-0.9782853
106.0882,-0.01843425,-3.969867,3.26,0.180569
106.0982,-0.02585986,-6.70609,3.23,1.207431
106.1082,-0.02754048,-3.413382,3.19,-1.129864
106.1182,-0.02878173,-9.407918,3.13,1.571081
106.1282,-0.02491446,-17.67775,3.02,-2.796172
106.1383,-0.03151937,-4.116582,2.91,-2.30674
106.1483,-0.03346257,-16.22198,2.79,1.967644
106.1583,-0.02907983,-10.42533,2.66,4.059739
106.1683,-0.01815343,-37.63612,2.46,-1.49507
106.1783,-0.02061694,-7.047847,2.26,-7.771369
106.1883,-0.006364498,-41.36071,2.05,3.10077
106.1983,0.005016234,-8.297895,1.75,2.446236
106.2083,0.01040842,-45.6445,1.54,1.103171
106.2183,0.00795494,-12.69236,1.21,-5.859338
106.2283,0.00865157,-43.287,0.99,0.5753947
106.2383,0.003113583,-17.52181,0.65,3.216922
106.2484,0.00818223,-37.05499,0.41,0.8468118
106.2584,0.0079572,-20.97658,0.08,-2.668366
106.2684,0.009213894,-34.58218,-0.17,-1.932935
106.2784,0.005944091,-27.41637,-0.49,3.188486
106.2884,0.009853818,-22.55703,-0.75,1.60358
106.2984,0.01489867,-25.47696,-1.04,-0.4598424
106.3084,0.01950289,-27.64917,-1.3,-2.215807
106.3184,0.02116601,-26.90414,-1.58,0.7327726
106.3284,0.02478306,-15.25392,-1.82,2.694558
106.3384,0.03001013,-28.8193,-2.06,0.7849029
106.3485,0.03237339,-11.22183,-2.29,-2.187453
106.3585,0.02998942,-32.59982,-2.5,-1.09086
106.3685,0.02351653,7.516456,-2.69,2.121968
106.3785,0.0288892,-32.05313,-2.83,3.936417
106.3885,0.02293908,7.535858,-3.04,-2.774925
106.3985,0.02685926,-23.45888,-3.1,-1.935725
106.4085,0.02027817,4.371912,-3.25,0.8411408
106.4185,0.01978266,-10.73211,-3.27,4.047732
106.4285,0.014405,7.803331,-3.35,-2.157493
106.4385,0.01024108,-9.664223,-3.35,-1.925346
106.4486,-0.000634616,9.676848,-3.39,1.14056
106.4586,-0.000401306,1.088052,-3.33,3.002566
106.4686,0.004869107,8.251328,-3.32,-2.157898
106.4786,0.009468436,16.15224,-3.25,-2.391093
106.4886,0.01491065,-16.66606,-3.15,0.3731432
106.4986,0.01599628,35.09967,-3.13,2.82178
106.5086,0.02291315,-16.28333,-2.96,1.313901
106.5186,0.0155358,44.91006,-2.92,-3.044552
106.5286,0.01957058,-13.87103,-2.71,0.2550436
106.5386,0.005323377,44.59995,-2.66,0.9349195
106.5487,0.000691271,-7.292849,-2.4,3.2805
106.5587,-0.01212502,43.16016,-2.31,-3.409294
106.5687,-0.009379884,2.896101,-2.04,0.3373172
106.5787,-0.01322025,30.906,-1.9,-1.704413
106.5887,-0.0139502,33.18473,-1.64,4.052182
106.5987,-0.01484436,1.543223,-1.46,0.6819695
106.6087,-0.01281048,46.82922,-1.23,-1.235847
106.6187,-0.01147318,-8.052983,-1.01,-1.634101
106.6287,-0.01795014,51.83244,-0.83,-0.3377217
106.6387,-0.01520156,-13.82449,-0.58,4.436651
106.6488,-0.01902535,54.92779,-0.44,-3.294746
106.6588,-0.01882197,-13.11372,-0.17,0.2897112
106.6688,-0.02413693,39.30657,-0.08,-1.748089
106.6788,-0.02318396,0.7082303,0.16,4.900388
106.6888,-0.03093965,25.41902,0.26,-1.330729
106.6988,-0.02593845,5.020678,0.46,-1.486512
106.7088,-0.024729,15.44542,0.54,-1.901004
106.7188,-0.01764829,6.363489,0.7,1.99336
106.7288,-0.01670698,6.816677,0.76,2.201552
106.7388,-0.008777253,7.434688,0.87,-2.606792
106.7488,-0.00652665,6.194265,0.92,-1.883881
106.7589,-0.001897576,6.030361,0.99,-0.7524185
106.7689,-0.001668403,-4.7591,1.01,3.751811
106.7789,-0.004145001,14.21197,1.05,-0.3970028
106.7889,-0.004067184,-13.21676,1.09,-2.000521
106.7989,-0.008197592,16.57592,1.06,-0.4712296
106.8089,-0.002594975,-15.83778,1.11,0.7387926
106.8189,-0.00652657,13.09779,1.06,0.7567635
106.8289,-0.007066405,-16.15334,1.1,-1.649891
106.8389,-0.008910661,10.33946,1.04,-0.3056914
106.8489,-0.004256472,-13.0657,1.07,0.9873371
106.859,-0.004174397,5.7655,1.01,-0.5247481
106.869,-0.005291521,-12.55641,1.01,-0.577511
106.879,-0.007903401,-3.040158,0.96,0.02035503
106.889,-0.002605698,7.845268,0.93,1.882889
106.899,0.002165844,-17.83849,0.91,-1.055566
106.909,-0.003694198,7.750387,0.84,-1.886731
106.919,-0.004062901,-16.06514,0.84,0.8399464
106.929,-0.002623786,9.084931,0.77,1.843224
106.939,0.0021191,-12.94158,0.76,0.009131176
106.949,-0.000548051,0.9973652,0.69,-3.830448
106.9591,-0.004790854,-8.32915,0.67,1.574284
106.9691,-0.003414082,-1.565758,0.61,2.287996
106.9791,0.003570107,-4.398212,0.58,1.509641
106.9891,0.002900298,-11.92724,0.53,-4.340055
106.9991,-0.002439175,1.971028,0.49,-2.977888
107.0091,-0.002424201,-11.43517,0.46,4.289918
107.0191,0.004624553,8.461773,0.41,2.339295
107.0291,0.007230986,-16.36662,0.37,-1.082809
107.0391,0.000859261,1.908853,0.31,-6.574274
107.0491,-0.001900662,-12.28514,0.3,3.741647
107.0592,0.001043146,12.02117,0.25,3.637762
107.0692,0.008428196,-16.11126,0.23,0.0530315
107.0792,0.002115142,-0.5832548,0.17,-6.174976
107.0892,-0.003434896,-4.885633,0.16,0.1528644
107.0992,-0.006358757,3.707418,0.13,5.79666
107.1092,0.004273939,-5.548238,0.11,1.51211
107.1192,0.004273708,-1.919653,0.07,-5.783774
107.1292,-0.002049391,-3.634445,0.05,-2.340425
107.1392,-0.004816676,1.696084,0.03,4.946682
107.1492,0.002595837,-0.8106272,0.02,3.641737
107.1592,0.005990176,-5.040001,0,-4.728995
107.1693,-0.001127184,1.929557,-0.02,-3.649663
107.1793,-0.004379625,-7.505712,-0.02,3.147063
107.1893,-0.000227405,11.26388,-0.04,5.428749
107.1993,0.005680816,-8.592848,-0.04,-2.386778
107.2093,0.003972942,2.505289,-0.08,-3.528481
107.2193,-0.000366554,-4.032152,-0.06,1.006085
107.2293,0.001124899,0.5492792,-0.09,3.80057
107.2393,0.002956639,2.714458,-0.08,-1.14952
107.2493,0.002569198,-8.529863,-0.11,-3.115296
107.2593,-0.001800191,6.732371,-0.1,0.2883135
107.2694,-0.003877302,-7.996071,-0.11,2.52347
107.2794,-0.004896014,13.68031,-0.1,0.2888934
107.2894,-0.000432848,-14.1852,-0.08,-1.417456
107.2994,-0.001915457,15.58752,-0.12,-1.841096
107.3094,-0.00174519,-16.4185,-0.07,2.149399
107.3194,-0.003052462,14.62692,-0.12,0.4212194
107.3294,0.0020822,-10.05998,-0.07,-0.2482647
107.3394,0.001031677,8.872663,-0.11,-2.09804
107.3494,0.002141043,-5.52887,-0.08,0.6307046
107.3594,0.002142425,-0.688323,-0.1,1.655289
107.3695,-0.000585364,3.285798,-0.09,-1.082891
107.3795,-0.004119501,-3.238657,-0.08,0.2273894
107.3895,0.002074161,11.65134,-0.09,-1.081983
107.3995,0.003824854,-6.11152,-0.08,0.703832
107.4095,-0.001011997,1.823159,-0.09,-2.642007
107.4195,-0.00406999,-2.271888,-0.08,2.571423
107.4295,0.000425042,6.21701,-0.08,0.9701113
107.4395,0.003307362,-3.998192,-0.07,-1.242347
107.4495,-0.002762863,-3.273812,-0.08,-3.320233
107.4595,-0.006106315,3.027251,-0.07,2.555576
107.4696,0.001369488,3.216104,-0.06,2.955935
107.4796,0.005138395,2.705271,-0.06,-1.481787
107.4896,0.00425966,-8.709579,-0.06,-3.926476
107.4996,-0.00394139,7.356875,-0.07,-0.6304683
107.5096,-0.002311917,-4.770673,-0.04,4.891149
107.5196,0.004471532,5.11379,-0.06,1.233307
107.5296,0.00428299,-6.594932,-0.05,-4.638206
107.5396,-0.003531065,3.323615,-0.06,-3.038676
107.5496,-0.0060835,0.4988012,-0.04,5.064313
107.5596,0.001567084,3.339278,-0.05,3.638415
107.5696,0.005320473,-6.032137,-0.05,-3.110772
107.5797,-0.003232516,2.463016,-0.05,-5.848221
107.5897,-0.004859047,-3.938988,-0.04,3.30819
107.5997,0.001447398,8.290338,-0.05,2.968708
107.6097,0.004826985,-0.004578229,-0.03,2.686974
107.6197,0.001197605,-6.326655,-0.05,-7.255157
107.6297,-0.004310403,8.034981,-0.04,1.402119
107.6397,-0.002616278,-4.485919,-0.03,3.524855
107.6497,0.001428203,10.19372,-0.04,3.472594
107.6597,0.002884988,-11.17228,-0.03,-5.428329
107.6697,-0.001456503,5.562872,-0.05,-2.907943
107.6798,-0.002304374,1.396181,-0.02,2.439274
107.6898,-0.000131588,1.840265,-0.03,3.28491
107.6998,0.007691015,-0.6825438,-0.03,1.55231
107.7098,0.005789839,-2.866627,-0.04,-6.223552
107.7198,-0.006429339,-1.19074,-0.04,0.2278978
107.7298,-0.002456574,3.781023,-0.03,3.25794
107.7398,0.007508689,3.043189,-0.03,2.357948
107.7498,0.00962697,-6.200935,-0.05,-4.431805
107.7598,-0.001301935,0.2512108,-0.06,-2.982537
107.7698,-0.008254794,0.3185008,-0.04,3.895997
107.7799,0.00115997,5.288568,-0.04,3.732455
107.7899,0.004183871,-6.126582,-0.04,-2.850898
107.7999,-0.004525017,-4.014977,-0.05,-5.158686
107.8099,-0.006951504,7.013537,-0.04,2.278322
107.8199,-0.000387226,1.38808,-0.02,5.284179
107.8299,0.005732808,-3.397903,-0.04,-1.346543
107.8399,0.003051628,1.068677,-0.04,-4.671439
107.8499,0.000162999,-1.968924,-0.04,1.035743
107.8599,0.003275415,7.192454,-0.03,4.160109
107.8699,0.007524221,-9.583328,-0.04,-0.1063687
107.88,0.005293931,7.045432,-0.06,-3.074547
107.89,0.002496492,-8.789618,-0.04,-1.911488
107.9,-0.001062487,6.428658,-0.07,2.280323
107.91,0.003848225,-6.074047,-0.05,1.226919
107.92,0.001131314,6.101763,-0.07,-1.89764
107.93,0.00025955,-7.814404,-0.05,-1.105745
107.94,0.00035982,3.307886,-0.08,1.382545
107.95,0.000571934,-2.036862,-0.06,0.3058075
107.96,0.000753267,2.37108,-0.07,-0.8625549
107.97,0.001111832,-0.05928374,-0.06,-0.9193509
107.98,0.000098395,-5.294466,-0.07,1.234581
107.9901,-0.002133173,12.13348,-0.07,0.8679318
108.0001,-0.001740137,-11.20844,-0.05,-1.004057
108.0101,-0.0000737,10.46635,-0.07,-0.1876403
108.0201,0.003144972,-3.270122,-0.05,-0.03864689
108.0301,0.002635009,2.63679,-0.06,1.509378
108.0401,0.001873411,-8.279763,-0.05,-0.8464496
108.0501,0.000714992,12.83689,-0.06,0.293771
108.0601,0.003564624,-9.482187,-0.04,0.5979921
108.0701,0.002304933,7.6672,-0.07,-0.02129214
108.0801,0.003175033,-4.003411,-0.05,-0.1826918
108.0902,-0.00106587,2.446116,-0.07,-0.5176031
108.1002,-0.000697255,2.202467,-0.05,1.343883
108.1102,0.004751295,-3.656385,-0.06,-0.7652668
108.1202,0.004491641,4.027385,-0.06,-1.886334
108.1302,-0.001151477,-9.755518,-0.05,0.2599619
108.1402,-0.003443957,10.88758,-0.07,2.025886
108.1502,0.003279408,-4.726064,-0.04,0.6626257
108.1602,0.004110382,3.222011,-0.07,-2.870998
108.1702,0.000614746,-9.36481,-0.05,0.3926495
108.1802,-0.006744395,10.93808,-0.06,1.810507
108.1903,0.001011809,-9.438361,-0.03,1.741388
108.2003,0.006518353,9.72886,-0.06,-1.099922
108.2103,0.005220612,-10.09795,-0.05,-3.33861
108.2203,-0.001714506,5.596051,-0.07,4.531331
108.2303,0.003115802,0.2950795,-0.04,0.1948338
108.2403,0.007535272,1.335673,-0.06,0.4072428
108.2503,0.005656832,-5.145006,-0.07,-3.946229
108.2603,-0.001268134,6.725829,-0.07,2.416969
108.2703,-0.00140136,-6.787235,-0.05,1.743997
108.2803,0.00311861,5.047937,-0.07,0.5750041
108.2904,0.004807689,-2.041417,-0.06,-1.867983
108.3004,0.001503334,-5.095979,-0.07,-2.573184
108.3104,-0.003970774,7.56335,-0.07,2.461887
108.3204,0.001278722,-7.139828,-0.05,1.794423
108.3304,0.005603395,10.61197,-0.08,-0.5278196
108.3404,0.005916859,-17.05698,-0.05,-4.394104
108.3504,-0.001731093,13.69252,-0.09,0.4548816
108.3604,0.000690584,-8.789948,-0.04,3.232188
108.3704,0.003862343,9.221787,-0.08,1.797559
108.3804,0.009073991,-10.52371,-0.06,-3.36105
108.3904,-0.000232261,4.559542,-0.09,-4.471969
108.4005,-0.001614795,-4.331883,-0.06,2.730871
108.4105,0.001491933,7.116104,-0.08,5.354576
108.4205,0.008218069,-4.844011,-0.06,-0.8746954
108.4305,0.003218401,1.922319,-0.09,-6.135899
108.4405,-0.003396149,-2.55052,-0.06,0.3030836
108.4505,-0.00222017,7.946987,-0.07,6.247726
108.4605,0.007424342,-5.693472,-0.06,0.768455
108.4705,0.001295036,5.331552,-0.08,-6.881597
108.4805,-0.005694194,-6.128061,-0.05,-2.120481
108.4905,-0.004023737,5.906338,-0.07,3.39927
108.5006,0.006063049,1.974757,-0.05,4.134226
108.5106,0.009343575,-7.469893,-0.07,-3.271286
108.5206,0.00465691,6.814487,-0.08,-4.183536
108.5306,0.000920258,-9.829105,-0.05,0.9406936
108.5406,0.003894938,12.22715,-0.08,5.092617
108.5506,0.008522654,-10.54068,-0.06,-0.2664891
108.5606,0.005039529,6.780496,-0.09,-4.321264
108.5706,0.003828165,-6.710401,-0.07,-1.542546
108.5806,0.001116426,7.999586,-0.09,4.054204
108.5906,0.00264582,-1.739363,-0.07,3.14157
108.6007,0.000421972,6.723774,-0.09,-0.62573
108.6107,0.002697027,-3.783042,-0.07,-3.864427
108.6207,-0.000192847,0.367175,-0.1,0.2534154
108.6307,-0.00090933,3.143533,-0.07,2.787049
108.6407,-0.0000868,-5.328312,-0.08,2.342452
108.6507,0.003294994,9.63751,-0.07,-1.767744
108.6607,0.004977032,-7.504375,-0.08,-4.020389
108.6707,0.003362789,5.081509,-0.08,0.5096683
108.6807,0.002439666,-10.05205,-0.08,3.264544
108.6907,0.000480735,21.09905,-0.09,1.933717
108.7008,0.008406097,-22.41234,-0.06,-0.7493855
108.7108,0.005252984,19.37081,-0.11,-5.431509
108.7208,0.002255629,-19.84044,-0.06,3.139746
108.7308,-0.001537942,19.12675,-0.11,3.073547
108.7408,0.006326487,-14.67964,-0.06,-1.116243
108.7508,0.005855492,9.705705,-0.13,-6.911167
108.7608,0.002029134,-5.469705,-0.07,3.734154
108.7708,-0.003320836,0.5517718,-0.11,2.932189
108.7808,0.004808046,11.14346,-0.07,2.835808
108.7908,0.009044102,-7.333982,-0.08,-6.510667
108.8008,0.004203062,2.224791,-0.11,-0.7272897
108.8109,-0.000225789,-6.256511,-0.1,4.254806
